supplier,supplier_norm,amount,n_rows,first_date,last_date,tier,gbp_beyond_first,tag,services,row_ids
THE A PROJECT,A PROJECT,625.0,2,2026-06-11,2026-06-11,same_timestamp,625.0,agency_staff,Children's Social Care,Over500_2026_P03_-_published.xlsx:6; Over500_2026_P03_-_published.xlsx:8
Abi-support Ltd,ABI SUPPORT,637.56,3,2026-06-10,2026-06-17,different_time,1275.12,care_or_education_placement,Adult Social Care,Over500_2026_P03_-_published.xlsx:2694; Over500_2026_P03_-_published.xlsx:2779; Over500_2026_P03_-_published.xlsx:864
Abi-support Ltd,ABI SUPPORT,637.56,5,2026-07-01,2026-07-08,different_time,2550.24,care_or_education_placement,Adult Social Care,Over500_2026_P04_-_published.xlsx:1176; Over500_2026_P04_-_published.xlsx:1345; Over500_2026_P04_-_published.xlsx:1449; Over500_2026_P04_-_published.xlsx:1569; Over500_2026_P04_-_published.xlsx:2079
Abi-support Ltd,ABI SUPPORT,795.03,4,2026-05-13,2026-05-13,same_timestamp,2385.09,care_or_education_placement,Adult Social Care,Over500_2026_P02_-_published.xlsx:1213; Over500_2026_P02_-_published.xlsx:1214; Over500_2026_P02_-_published.xlsx:1217; Over500_2026_P02_-_published.xlsx:1218
Abi-support Ltd,ABI SUPPORT,796.96,5,2026-06-03,2026-06-24,different_time,3187.84,care_or_education_placement,Adult Social Care,Over500_2026_P03_-_published.xlsx:994; Over500_2026_P03_-_published.xlsx:1126; Over500_2026_P03_-_published.xlsx:2756; Over500_2026_P03_-_published.xlsx:1149; Over500_2026_P03_-_published.xlsx:1242
Abi-support Ltd,ABI SUPPORT,796.96,4,2026-07-08,2026-07-08,same_timestamp,2390.88,care_or_education_placement,Adult Social Care,Over500_2026_P04_-_published.xlsx:1385; Over500_2026_P04_-_published.xlsx:1448; Over500_2026_P04_-_published.xlsx:1450; Over500_2026_P04_-_published.xlsx:2080
Abi-support Ltd,ABI SUPPORT,880.0,2,2026-05-06,2026-05-06,same_timestamp,880.0,care_or_education_placement,Adult Social Care,Over500_2026_P02_-_published.xlsx:1365; Over500_2026_P02_-_published.xlsx:1426
Abi-support Ltd,ABI SUPPORT,1115.72,2,2026-07-01,2026-07-08,different_time,1115.72,care_or_education_placement,Adult Social Care,Over500_2026_P04_-_published.xlsx:1978; Over500_2026_P04_-_published.xlsx:1344
Abi-support Ltd,ABI SUPPORT,1272.04,3,2026-05-13,2026-05-13,same_timestamp,2544.08,care_or_education_placement,Adult Social Care,Over500_2026_P02_-_published.xlsx:1205; Over500_2026_P02_-_published.xlsx:1215; Over500_2026_P02_-_published.xlsx:894
Abi-support Ltd,ABI SUPPORT,1275.12,3,2026-06-10,2026-06-10,same_timestamp,2550.24,care_or_education_placement,Adult Social Care,Over500_2026_P03_-_published.xlsx:1085; Over500_2026_P03_-_published.xlsx:2755; Over500_2026_P03_-_published.xlsx:881
Abi-support Ltd,ABI SUPPORT,1275.12,2,2026-07-08,2026-07-08,same_timestamp,1275.12,care_or_education_placement,Adult Social Care,Over500_2026_P04_-_published.xlsx:1346; Over500_2026_P04_-_published.xlsx:1383
Abi-support Ltd,ABI SUPPORT,1275.12,2,2026-07-29,2026-07-29,same_timestamp,1275.12,care_or_education_placement,Adult Social Care,Over500_2026_P04_-_published.xlsx:1627; Over500_2026_P04_-_published.xlsx:1727
Abi-support Ltd,ABI SUPPORT,1593.92,2,2026-07-08,2026-07-08,same_timestamp,1593.92,care_or_education_placement,Adult Social Care,Over500_2026_P04_-_published.xlsx:1343; Over500_2026_P04_-_published.xlsx:2081
Abi-support Ltd,ABI SUPPORT,4956.0,3,2026-05-13,2026-05-13,same_timestamp,9912.0,care_or_education_placement,Adult Social Care,Over500_2026_P02_-_published.xlsx:1209; Over500_2026_P02_-_published.xlsx:1597; Over500_2026_P02_-_published.xlsx:1599
Abi-support Ltd,ABI SUPPORT,4968.0,3,2026-06-10,2026-06-10,same_timestamp,9936.0,care_or_education_placement,Adult Social Care,Over500_2026_P03_-_published.xlsx:1083; Over500_2026_P03_-_published.xlsx:1385; Over500_2026_P03_-_published.xlsx:2868
Abi-support Ltd,ABI SUPPORT,5162.88,2,2026-05-13,2026-05-13,same_timestamp,5162.88,care_or_education_placement,Adult Social Care,Over500_2026_P02_-_published.xlsx:1600; Over500_2026_P02_-_published.xlsx:1601
Abi-support Ltd,ABI SUPPORT,5175.36,2,2026-06-17,2026-06-17,same_timestamp,5175.36,care_or_education_placement,Adult Social Care,Over500_2026_P03_-_published.xlsx:1556; Over500_2026_P03_-_published.xlsx:2876
Abi-support Ltd,ABI SUPPORT,5175.36,2,2026-07-08,2026-07-08,same_timestamp,5175.36,care_or_education_placement,Adult Social Care,Over500_2026_P04_-_published.xlsx:2805; Over500_2026_P04_-_published.xlsx:2806
Abi-support Ltd,ABI SUPPORT,5302.08,2,2026-07-01,2026-07-08,different_time,5302.08,care_or_education_placement,Adult Social Care,Over500_2026_P04_-_published.xlsx:2025; Over500_2026_P04_-_published.xlsx:1989
ACORN CARE & EDUCATION LTD,ACORN CARE AND EDUCATION,20793.64,2,2026-05-26,2026-05-27,different_time,20793.64,care_or_education_placement,Education (DSG Funded) & Other Education Grants,Over500_2026_P02_-_published.xlsx:2275; Over500_2026_P02_-_published.xlsx:2280
ACORN CARE & EDUCATION LTD,ACORN CARE AND EDUCATION,25533.7,2,2026-05-26,2026-05-26,different_time,25533.7,care_or_education_placement,Education (DSG Funded) & Other Education Grants,Over500_2026_P02_-_published.xlsx:2272; Over500_2026_P02_-_published.xlsx:2276
Acorn Home Support Ltd,ACORN HOME SUPPORT,557.38,3,2026-05-13,2026-05-13,same_timestamp,1114.76,care_or_education_placement,Adult Social Care,Over500_2026_P02_-_published.xlsx:1740; Over500_2026_P02_-_published.xlsx:1918; Over500_2026_P02_-_published.xlsx:923
Acorn Home Support Ltd,ACORN HOME SUPPORT,558.96,2,2026-05-13,2026-05-13,same_timestamp,558.96,care_or_education_placement,Adult Social Care,Over500_2026_P02_-_published.xlsx:1915; Over500_2026_P02_-_published.xlsx:924
Acorn Home Support Ltd,ACORN HOME SUPPORT,558.96,6,2026-06-10,2026-06-10,same_timestamp,2794.8,care_or_education_placement,Adult Social Care,Over500_2026_P03_-_published.xlsx:1528; Over500_2026_P03_-_published.xlsx:1784; Over500_2026_P03_-_published.xlsx:1786; Over500_2026_P03_-_published.xlsx:2996; Over500_2026_P03_-_published.xlsx:886; Over500_2026_P03_-_published.xlsx:887
Acorn Home Support Ltd,ACORN HOME SUPPORT,558.96,6,2026-07-08,2026-07-08,same_timestamp,2794.8,care_or_education_placement,Adult Social Care,Over500_2026_P04_-_published.xlsx:1000; Over500_2026_P04_-_published.xlsx:1001; Over500_2026_P04_-_published.xlsx:2333; Over500_2026_P04_-_published.xlsx:2786; Over500_2026_P04_-_published.xlsx:2827; Over500_2026_P04_-_published.xlsx:3674
Acorn Home Support Ltd,ACORN HOME SUPPORT,558.96,7,2026-07-29,2026-07-29,same_timestamp,3353.76,care_or_education_placement,Adult Social Care,Over500_2026_P04_-_published.xlsx:1003; Over500_2026_P04_-_published.xlsx:1004; Over500_2026_P04_-_published.xlsx:1766; Over500_2026_P04_-_published.xlsx:2553; Over500_2026_P04_-_published.xlsx:2863; Over500_2026_P04_-_published.xlsx:2898; Over500_2026_P04_-_published.xlsx:2899
Acorn Home Support Ltd,ACORN HOME SUPPORT,1397.4,2,2026-07-29,2026-07-29,same_timestamp,1397.4,care_or_education_placement,Adult Social Care,Over500_2026_P04_-_published.xlsx:2816; Over500_2026_P04_-_published.xlsx:3455
Address Enterprise Ltd,ADDRESS ENTERPRISE,754.01,2,2026-07-01,2026-07-08,different_time,754.01,care_or_education_placement,Adult Social Care,Over500_2026_P04_-_published.xlsx:1248; Over500_2026_P04_-_published.xlsx:3732
Address Enterprise Ltd,ADDRESS ENTERPRISE,1469.41,2,2026-05-20,2026-05-20,same_timestamp,1469.41,care_or_education_placement,Adult Social Care,Over500_2026_P02_-_published.xlsx:1254; Over500_2026_P02_-_published.xlsx:1301
Address Enterprise Ltd,ADDRESS ENTERPRISE,1472.96,4,2026-07-29,2026-07-29,same_timestamp,4418.88,care_or_education_placement,Adult Social Care,Over500_2026_P04_-_published.xlsx:1654; Over500_2026_P04_-_published.xlsx:1695; Over500_2026_P04_-_published.xlsx:1725; Over500_2026_P04_-_published.xlsx:2384
Address Enterprise Ltd,ADDRESS ENTERPRISE,2938.82,2,2026-05-20,2026-05-20,same_timestamp,2938.82,care_or_education_placement,Adult Social Care,Over500_2026_P02_-_published.xlsx:1253; Over500_2026_P02_-_published.xlsx:1437
Address Enterprise Ltd,ADDRESS ENTERPRISE,2945.88,2,2026-07-15,2026-07-15,same_timestamp,2945.88,care_or_education_placement,Adult Social Care,Over500_2026_P04_-_published.xlsx:1491; Over500_2026_P04_-_published.xlsx:1498
AERO PROPERTY CONSULTANTS,AERO PROPERTY CONSULTANTS,1280.0,2,2026-05-13,2026-05-13,different_time,1280.0,general_procurement,Education & SEND,Over500_2026_P02_-_published.xlsx:754; Over500_2026_P02_-_published.xlsx:756
Affinity Trust Support Ltd,AFFINITY TRUST SUPPORT,506.24,8,2026-06-24,2026-06-24,same_timestamp,3543.68,care_or_education_placement,Adult Social Care,Over500_2026_P03_-_published.xlsx:1444; Over500_2026_P03_-_published.xlsx:1531; Over500_2026_P03_-_published.xlsx:1532; Over500_2026_P03_-_published.xlsx:1533; Over500_2026_P03_-_published.xlsx:1630; Over500_2026_P03_-_published.xlsx:1764; Over500_2026_P03_-_published.xlsx:2914; Over500_2026_P03_-_published.xlsx:2978
Affinity Trust Support Ltd,AFFINITY TRUST SUPPORT,626.86,6,2026-06-03,2026-06-03,same_timestamp,3134.3,care_or_education_placement,Adult Social Care,Over500_2026_P03_-_published.xlsx:1450; Over500_2026_P03_-_published.xlsx:1521; Over500_2026_P03_-_published.xlsx:1525; Over500_2026_P03_-_published.xlsx:1614; Over500_2026_P03_-_published.xlsx:2922; Over500_2026_P03_-_published.xlsx:2923
Affinity Trust Support Ltd,AFFINITY TRUST SUPPORT,675.08,3,2026-05-13,2026-05-13,same_timestamp,1350.16,care_or_education_placement,Adult Social Care,Over500_2026_P02_-_published.xlsx:1722; Over500_2026_P02_-_published.xlsx:1723; Over500_2026_P02_-_published.xlsx:1724
Affinity Trust Support Ltd,AFFINITY TRUST SUPPORT,675.08,6,2026-07-08,2026-07-15,different_time,3375.4,care_or_education_placement,Adult Social Care,Over500_2026_P04_-_published.xlsx:2301; Over500_2026_P04_-_published.xlsx:2322; Over500_2026_P04_-_published.xlsx:3008; Over500_2026_P04_-_published.xlsx:2401; Over500_2026_P04_-_published.xlsx:2422; Over500_2026_P04_-_published.xlsx:2441
Affinity Trust Support Ltd,AFFINITY TRUST SUPPORT,675.08,3,2026-07-29,2026-07-29,same_timestamp,1350.16,care_or_education_placement,Adult Social Care,Over500_2026_P04_-_published.xlsx:2534; Over500_2026_P04_-_published.xlsx:2584; Over500_2026_P04_-_published.xlsx:3458
Affinity Trust Support Ltd,AFFINITY TRUST SUPPORT,704.0,2,2026-06-24,2026-07-01,different_time,704.0,care_or_education_placement,Adult Social Care,Over500_2026_P03_-_published.xlsx:1875; Over500_2026_P04_-_published.xlsx:3066
Affinity Trust Support Ltd,AFFINITY TRUST SUPPORT,783.38,2,2026-06-24,2026-06-24,same_timestamp,783.38,care_or_education_placement,Adult Social Care,Over500_2026_P03_-_published.xlsx:1541; Over500_2026_P03_-_published.xlsx:2939
Affinity Trust Support Ltd,AFFINITY TRUST SUPPORT,843.64,4,2026-06-24,2026-07-01,different_time,2530.92,care_or_education_placement,Adult Social Care,Over500_2026_P03_-_published.xlsx:1704; Over500_2026_P03_-_published.xlsx:2944; Over500_2026_P04_-_published.xlsx:2294; Over500_2026_P04_-_published.xlsx:2980
Affinity Trust Support Ltd,AFFINITY TRUST SUPPORT,880.0,2,2026-05-22,2026-05-22,same_timestamp,880.0,care_or_education_placement,Adult Social Care,Over500_2026_P02_-_published.xlsx:1803; Over500_2026_P02_-_published.xlsx:1804
Affinity Trust Support Ltd,AFFINITY TRUST SUPPORT,880.0,2,2026-06-24,2026-07-01,different_time,880.0,care_or_education_placement,Adult Social Care,Over500_2026_P03_-_published.xlsx:1665; Over500_2026_P04_-_published.xlsx:2344
Affinity Trust Support Ltd,AFFINITY TRUST SUPPORT,940.42,2,2026-06-03,2026-06-03,same_timestamp,940.42,care_or_education_placement,Adult Social Care,Over500_2026_P03_-_published.xlsx:1523; Over500_2026_P03_-_published.xlsx:1613
Affinity Trust Support Ltd,AFFINITY TRUST SUPPORT,1012.76,6,2026-07-01,2026-07-08,different_time,5063.8,care_or_education_placement,Adult Social Care,Over500_2026_P04_-_published.xlsx:2267; Over500_2026_P04_-_published.xlsx:2338; Over500_2026_P04_-_published.xlsx:2300; Over500_2026_P04_-_published.xlsx:2321; Over500_2026_P04_-_published.xlsx:2334; Over500_2026_P04_-_published.xlsx:2391
Affinity Trust Support Ltd,AFFINITY TRUST SUPPORT,1012.76,4,2026-07-29,2026-07-29,same_timestamp,3038.28,care_or_education_placement,Adult Social Care,Over500_2026_P04_-_published.xlsx:2540; Over500_2026_P04_-_published.xlsx:2560; Over500_2026_P04_-_published.xlsx:3467; Over500_2026_P04_-_published.xlsx:3468
Affinity Trust Support Ltd,AFFINITY TRUST SUPPORT,1540.0,2,2026-06-24,2026-07-01,different_time,1540.0,care_or_education_placement,Adult Social Care,Over500_2026_P03_-_published.xlsx:1692; Over500_2026_P04_-_published.xlsx:2971
Affinity Trust Support Ltd,AFFINITY TRUST SUPPORT,1760.0,4,2026-06-24,2026-07-01,different_time,5280.0,care_or_education_placement,Adult Social Care,Over500_2026_P03_-_published.xlsx:1663; Over500_2026_P03_-_published.xlsx:1696; Over500_2026_P04_-_published.xlsx:2295; Over500_2026_P04_-_published.xlsx:2337
Affinity Trust Support Ltd,AFFINITY TRUST SUPPORT,1760.0,2,2026-07-29,2026-07-29,same_timestamp,1760.0,care_or_education_placement,Adult Social Care,Over500_2026_P04_-_published.xlsx:3456; Over500_2026_P04_-_published.xlsx:3470
Affinity Trust Support Ltd,AFFINITY TRUST SUPPORT,1953.18,2,2026-07-08,2026-07-08,same_timestamp,1953.18,care_or_education_placement,Adult Social Care,Over500_2026_P04_-_published.xlsx:2299; Over500_2026_P04_-_published.xlsx:2351
Affinity Trust Support Ltd,AFFINITY TRUST SUPPORT,1980.0,2,2026-06-24,2026-07-01,different_time,1980.0,care_or_education_placement,Adult Social Care,Over500_2026_P03_-_published.xlsx:1642; Over500_2026_P04_-_published.xlsx:2253
Affinity Trust Support Ltd,AFFINITY TRUST SUPPORT,2024.96,4,2026-06-24,2026-07-01,different_time,6074.88,care_or_education_placement,Adult Social Care,Over500_2026_P03_-_published.xlsx:1666; Over500_2026_P03_-_published.xlsx:2957; Over500_2026_P04_-_published.xlsx:2314; Over500_2026_P04_-_published.xlsx:2341
Affinity Trust Support Ltd,AFFINITY TRUST SUPPORT,2376.0,2,2026-06-24,2026-07-01,different_time,2376.0,care_or_education_placement,Adult Social Care,Over500_2026_P03_-_published.xlsx:1674; Over500_2026_P04_-_published.xlsx:2981
Affinity Trust Support Ltd,AFFINITY TRUST SUPPORT,2376.0,2,2026-07-29,2026-07-29,same_timestamp,2376.0,care_or_education_placement,Adult Social Care,Over500_2026_P04_-_published.xlsx:2535; Over500_2026_P04_-_published.xlsx:2539
Affinity Trust Support Ltd,AFFINITY TRUST SUPPORT,2420.0,2,2026-06-24,2026-07-01,different_time,2420.0,care_or_education_placement,Adult Social Care,Over500_2026_P03_-_published.xlsx:1595; Over500_2026_P04_-_published.xlsx:2976
Affinity Trust Support Ltd,AFFINITY TRUST SUPPORT,2640.0,4,2026-06-24,2026-07-01,different_time,7920.0,care_or_education_placement,Adult Social Care,Over500_2026_P03_-_published.xlsx:1640; Over500_2026_P03_-_published.xlsx:1664; Over500_2026_P04_-_published.xlsx:2270; Over500_2026_P04_-_published.xlsx:2970
Affinity Trust Support Ltd,AFFINITY TRUST SUPPORT,2640.0,2,2026-07-29,2026-07-29,same_timestamp,2640.0,care_or_education_placement,Adult Social Care,Over500_2026_P04_-_published.xlsx:2561; Over500_2026_P04_-_published.xlsx:2585
Affinity Trust Support Ltd,AFFINITY TRUST SUPPORT,2772.0,3,2026-06-24,2026-07-08,different_time,5544.0,care_or_education_placement,Adult Social Care,Over500_2026_P03_-_published.xlsx:1641; Over500_2026_P04_-_published.xlsx:2339; Over500_2026_P04_-_published.xlsx:2986
Affinity Trust Support Ltd,AFFINITY TRUST SUPPORT,2992.0,2,2026-06-24,2026-07-01,different_time,2992.0,care_or_education_placement,Adult Social Care,Over500_2026_P03_-_published.xlsx:1770; Over500_2026_P04_-_published.xlsx:2707
Affinity Trust Support Ltd,AFFINITY TRUST SUPPORT,3080.0,2,2026-06-24,2026-07-01,different_time,3080.0,care_or_education_placement,Adult Social Care,Over500_2026_P03_-_published.xlsx:1701; Over500_2026_P04_-_published.xlsx:2271
Affinity Trust Support Ltd,AFFINITY TRUST SUPPORT,3124.0,3,2026-06-24,2026-07-08,different_time,6248.0,care_or_education_placement,Adult Social Care,Over500_2026_P03_-_published.xlsx:2943; Over500_2026_P04_-_published.xlsx:2972; Over500_2026_P04_-_published.xlsx:2347
Affinity Trust Support Ltd,AFFINITY TRUST SUPPORT,3212.0,4,2026-06-24,2026-07-08,different_time,9636.0,care_or_education_placement,Adult Social Care,Over500_2026_P03_-_published.xlsx:1700; Over500_2026_P04_-_published.xlsx:2974; Over500_2026_P04_-_published.xlsx:972; Over500_2026_P04_-_published.xlsx:993
Affinity Trust Support Ltd,AFFINITY TRUST SUPPORT,3212.0,2,2026-07-29,2026-07-29,same_timestamp,3212.0,care_or_education_placement,Adult Social Care,Over500_2026_P04_-_published.xlsx:1052; Over500_2026_P04_-_published.xlsx:3459
Affinity Trust Support Ltd,AFFINITY TRUST SUPPORT,3213.76,2,2026-06-24,2026-07-01,different_time,3213.76,care_or_education_placement,Adult Social Care,Over500_2026_P03_-_published.xlsx:1691; Over500_2026_P04_-_published.xlsx:2973
Affinity Trust Support Ltd,AFFINITY TRUST SUPPORT,3342.24,3,2026-06-24,2026-07-01,different_time,6684.48,care_or_education_placement,Adult Social Care,Over500_2026_P03_-_published.xlsx:2959; Over500_2026_P04_-_published.xlsx:2222; Over500_2026_P04_-_published.xlsx:2960
Affinity Trust Support Ltd,AFFINITY TRUST SUPPORT,3608.0,2,2026-07-08,2026-07-15,different_time,3608.0,care_or_education_placement,Adult Social Care,Over500_2026_P04_-_published.xlsx:2297; Over500_2026_P04_-_published.xlsx:2402
Affinity Trust Support Ltd,AFFINITY TRUST SUPPORT,3740.0,2,2026-06-24,2026-07-01,different_time,3740.0,care_or_education_placement,Adult Social Care,Over500_2026_P03_-_published.xlsx:2956; Over500_2026_P04_-_published.xlsx:2268
Affinity Trust Support Ltd,AFFINITY TRUST SUPPORT,3960.0,9,2026-06-24,2026-07-15,different_time,31680.0,care_or_education_placement,Adult Social Care,Over500_2026_P03_-_published.xlsx:1716; Over500_2026_P03_-_published.xlsx:2958; Over500_2026_P04_-_published.xlsx:2979; Over500_2026_P04_-_published.xlsx:2319; Over500_2026_P04_-_published.xlsx:2346; Over500_2026_P04_-_published.xlsx:2348; Over500_2026_P04_-_published.xlsx:2985; Over500_2026_P04_-_published.xlsx:2423; Over500_2026_P04_-_published.xlsx:3029
Affinity Trust Support Ltd,AFFINITY TRUST SUPPORT,3960.0,3,2026-07-29,2026-07-29,same_timestamp,7920.0,care_or_education_placement,Adult Social Care,Over500_2026_P04_-_published.xlsx:2556; Over500_2026_P04_-_published.xlsx:3465; Over500_2026_P04_-_published.xlsx:3466
Affinity Trust Support Ltd,AFFINITY TRUST SUPPORT,4048.0,2,2026-06-24,2026-07-01,different_time,4048.0,care_or_education_placement,Adult Social Care,Over500_2026_P03_-_published.xlsx:1856; Over500_2026_P04_-_published.xlsx:3629
Affinity Trust Support Ltd,AFFINITY TRUST SUPPORT,4405.28,2,2026-06-24,2026-07-01,different_time,4405.28,care_or_education_placement,Adult Social Care,Over500_2026_P03_-_published.xlsx:1643; Over500_2026_P04_-_published.xlsx:2272
Affinity Trust Support Ltd,AFFINITY TRUST SUPPORT,4585.68,2,2026-07-29,2026-07-29,same_timestamp,4585.68,care_or_education_placement,Adult Social Care,Over500_2026_P04_-_published.xlsx:2514; Over500_2026_P04_-_published.xlsx:3464
Affinity Trust Support Ltd,AFFINITY TRUST SUPPORT,4664.88,2,2026-06-24,2026-07-01,different_time,4664.88,care_or_education_placement,Adult Social Care,Over500_2026_P03_-_published.xlsx:1771; Over500_2026_P04_-_published.xlsx:2742
Affinity Trust Support Ltd,AFFINITY TRUST SUPPORT,4936.8,2,2026-06-24,2026-07-01,different_time,4936.8,care_or_education_placement,Adult Social Care,Over500_2026_P03_-_published.xlsx:1703; Over500_2026_P04_-_published.xlsx:2269
Affinity Trust Support Ltd,AFFINITY TRUST SUPPORT,5814.16,2,2026-06-24,2026-07-01,different_time,5814.16,care_or_education_placement,Adult Social Care,Over500_2026_P03_-_published.xlsx:1832; Over500_2026_P04_-_published.xlsx:2765
Affinity Trust Support Ltd,AFFINITY TRUST SUPPORT,6490.88,2,2026-07-01,2026-07-01,same_timestamp,6490.88,care_or_education_placement,Adult Social Care,Over500_2026_P04_-_published.xlsx:2227; Over500_2026_P04_-_published.xlsx:2315
Affinity Trust Support Ltd,AFFINITY TRUST SUPPORT,6600.0,2,2026-06-24,2026-07-01,different_time,6600.0,care_or_education_placement,Adult Social Care,Over500_2026_P03_-_published.xlsx:1667; Over500_2026_P04_-_published.xlsx:2316
Affinity Trust Support Ltd,AFFINITY TRUST SUPPORT,6952.0,2,2026-07-01,2026-07-01,same_timestamp,6952.0,care_or_education_placement,Adult Social Care,Over500_2026_P04_-_published.xlsx:2259; Over500_2026_P04_-_published.xlsx:2313
Affinity Trust Support Ltd,AFFINITY TRUST SUPPORT,8118.0,2,2026-06-24,2026-07-01,different_time,8118.0,care_or_education_placement,Adult Social Care,Over500_2026_P03_-_published.xlsx:1689; Over500_2026_P04_-_published.xlsx:2252
Affinity Trust Support Ltd,AFFINITY TRUST SUPPORT,10252.0,2,2026-06-24,2026-07-01,different_time,10252.0,care_or_education_placement,Adult Social Care,Over500_2026_P03_-_published.xlsx:1695; Over500_2026_P04_-_published.xlsx:2982
Affinity Trust Support Ltd,AFFINITY TRUST SUPPORT,11704.88,2,2026-06-24,2026-07-01,different_time,11704.88,care_or_education_placement,Adult Social Care,Over500_2026_P03_-_published.xlsx:1693; Over500_2026_P04_-_published.xlsx:2343
Affinity Trust Support Ltd,AFFINITY TRUST SUPPORT,12276.0,3,2026-06-24,2026-07-01,different_time,24552.0,care_or_education_placement,Adult Social Care,Over500_2026_P03_-_published.xlsx:1627; Over500_2026_P04_-_published.xlsx:2226; Over500_2026_P04_-_published.xlsx:2340
Affinity Trust Support Ltd,AFFINITY TRUST SUPPORT,12320.0,2,2026-06-24,2026-07-01,different_time,12320.0,care_or_education_placement,Adult Social Care,Over500_2026_P03_-_published.xlsx:1694; Over500_2026_P04_-_published.xlsx:2975
Affinity Trust Support Ltd,AFFINITY TRUST SUPPORT,12988.8,2,2026-06-24,2026-07-01,different_time,12988.8,care_or_education_placement,Adult Social Care,Over500_2026_P03_-_published.xlsx:1702; Over500_2026_P04_-_published.xlsx:2977
Affinity Trust Support Ltd,AFFINITY TRUST SUPPORT,14080.0,2,2026-06-24,2026-07-01,different_time,14080.0,care_or_education_placement,Adult Social Care,Over500_2026_P03_-_published.xlsx:1678; Over500_2026_P04_-_published.xlsx:2342
All-Care (GB) Ltd,ALL CARE,515.7,3,2026-05-27,2026-06-03,different_time,1031.4,care_or_education_placement,Adult Social Care,Over500_2026_P02_-_published.xlsx:951; Over500_2026_P03_-_published.xlsx:889; Over500_2026_P03_-_published.xlsx:913
All-Care (GB) Ltd,ALL CARE,516.81,2,2026-07-01,2026-07-08,different_time,516.81,care_or_education_placement,Adult Social Care,Over500_2026_P04_-_published.xlsx:1803; Over500_2026_P04_-_published.xlsx:1780
All-Care (GB) Ltd,ALL CARE,518.21,3,2026-07-01,2026-07-08,different_time,1036.42,care_or_education_placement,Adult Social Care,Over500_2026_P04_-_published.xlsx:1023; Over500_2026_P04_-_published.xlsx:1064; Over500_2026_P04_-_published.xlsx:1756
All-Care (GB) Ltd,ALL CARE,571.2,2,2026-07-15,2026-07-15,same_timestamp,571.2,care_or_education_placement,Adult Social Care,Over500_2026_P04_-_published.xlsx:1431; Over500_2026_P04_-_published.xlsx:2763
All-Care (GB) Ltd,ALL CARE,572.16,6,2026-05-20,2026-05-22,different_time,2860.8,care_or_education_placement,Adult Social Care,Over500_2026_P02_-_published.xlsx:1410; Over500_2026_P02_-_published.xlsx:1817; Over500_2026_P02_-_published.xlsx:938; Over500_2026_P02_-_published.xlsx:941; Over500_2026_P02_-_published.xlsx:943; Over500_2026_P02_-_published.xlsx:944
All-Care (GB) Ltd,ALL CARE,589.73,2,2026-05-20,2026-05-20,same_timestamp,589.73,care_or_education_placement,Adult Social Care,Over500_2026_P02_-_published.xlsx:1412; Over500_2026_P02_-_published.xlsx:1818
All-Care (GB) Ltd,ALL CARE,592.24,5,2026-07-01,2026-07-01,same_timestamp,2368.96,care_or_education_placement,Adult Social Care,Over500_2026_P04_-_published.xlsx:1753; Over500_2026_P04_-_published.xlsx:1804; Over500_2026_P04_-_published.xlsx:2592; Over500_2026_P04_-_published.xlsx:2637; Over500_2026_P04_-_published.xlsx:2646
All-Care (GB) Ltd,ALL CARE,601.72,2,2026-06-24,2026-07-01,different_time,601.72,care_or_education_placement,Adult Social Care,Over500_2026_P03_-_published.xlsx:1315; Over500_2026_P04_-_published.xlsx:1733
All-Care (GB) Ltd,ALL CARE,779.88,2,2026-07-15,2026-07-15,same_timestamp,779.88,care_or_education_placement,Adult Social Care,Over500_2026_P04_-_published.xlsx:1466; Over500_2026_P04_-_published.xlsx:1485
All-Care (GB) Ltd,ALL CARE,789.34,2,2026-05-20,2026-05-20,same_timestamp,789.34,care_or_education_placement,Adult Social Care,Over500_2026_P02_-_published.xlsx:1290; Over500_2026_P02_-_published.xlsx:1293
All-Care (GB) Ltd,ALL CARE,814.33,2,2026-07-01,2026-07-08,different_time,814.33,care_or_education_placement,Adult Social Care,Over500_2026_P04_-_published.xlsx:1054; Over500_2026_P04_-_published.xlsx:1755
All-Care (GB) Ltd,ALL CARE,858.24,3,2026-05-20,2026-05-22,different_time,1716.48,care_or_education_placement,Adult Social Care,Over500_2026_P02_-_published.xlsx:935; Over500_2026_P02_-_published.xlsx:939; Over500_2026_P02_-_published.xlsx:947
All-Care (GB) Ltd,ALL CARE,888.36,2,2026-07-01,2026-07-01,same_timestamp,888.36,care_or_education_placement,Adult Social Care,Over500_2026_P04_-_published.xlsx:1065; Over500_2026_P04_-_published.xlsx:1754
All-Care (GB) Ltd,ALL CARE,956.36,2,2026-07-29,2026-07-29,same_timestamp,956.36,care_or_education_placement,Adult Social Care,Over500_2026_P04_-_published.xlsx:1900; Over500_2026_P04_-_published.xlsx:2122
All-Care (GB) Ltd,ALL CARE,1031.52,2,2026-06-24,2026-07-01,different_time,1031.52,care_or_education_placement,Adult Social Care,Over500_2026_P03_-_published.xlsx:847; Over500_2026_P04_-_published.xlsx:891
All-Care (GB) Ltd,ALL CARE,1255.77,2,2026-07-01,2026-07-08,different_time,1255.77,care_or_education_placement,Adult Social Care,Over500_2026_P04_-_published.xlsx:1022; Over500_2026_P04_-_published.xlsx:1024
All-Care (GB) Ltd,ALL CARE,1406.57,3,2026-07-01,2026-07-08,different_time,2813.14,care_or_education_placement,Adult Social Care,Over500_2026_P04_-_published.xlsx:2612; Over500_2026_P04_-_published.xlsx:1056; Over500_2026_P04_-_published.xlsx:2662
All-Care (GB) Ltd,ALL CARE,1430.4,2,2026-05-20,2026-05-22,different_time,1430.4,care_or_education_placement,Adult Social Care,Over500_2026_P02_-_published.xlsx:1816; Over500_2026_P02_-_published.xlsx:1451
Amegreen Childrens Services,AMEGREEN CHILDRENS SERVICES,33320.4,2,2026-05-26,2026-05-28,different_time,33320.4,care_or_education_placement,Children's Social Care,Over500_2026_P02_-_published.xlsx:2091; Over500_2026_P02_-_published.xlsx:2108
Amegreen Childrens Services,AMEGREEN CHILDRENS SERVICES,33320.4,2,2026-06-17,2026-06-17,different_time,33320.4,care_or_education_placement,Children's Social Care,Over500_2026_P03_-_published.xlsx:2032; Over500_2026_P03_-_published.xlsx:2033
Amegreen Childrens Services,AMEGREEN CHILDRENS SERVICES,34431.08,2,2026-05-26,2026-05-27,different_time,34431.08,care_or_education_placement,Children's Social Care,Over500_2026_P02_-_published.xlsx:2092; Over500_2026_P02_-_published.xlsx:2105
Amegreen Childrens Services,AMEGREEN CHILDRENS SERVICES,34431.08,2,2026-07-20,2026-07-20,different_time,34431.08,care_or_education_placement,Children's Social Care,Over500_2026_P04_-_published.xlsx:3081; Over500_2026_P04_-_published.xlsx:3752
AMR CONSULT LTD,AMR CONSULT,1007.0,2,2026-05-18,2026-05-18,same_timestamp,1007.0,general_procurement,Education & SEND,Over500_2026_P02_-_published.xlsx:752; Over500_2026_P02_-_published.xlsx:753
AMR CONSULT LTD,AMR CONSULT,2046.67,2,2026-06-25,2026-06-25,same_timestamp,2046.67,general_procurement,Education & SEND,Over500_2026_P03_-_published.xlsx:2413; Over500_2026_P03_-_published.xlsx:716
AMR CONSULT LTD,AMR CONSULT,2665.27,2,2026-07-14,2026-07-14,different_time,2665.27,general_procurement,Education & SEND,Over500_2026_P04_-_published.xlsx:635; Over500_2026_P04_-_published.xlsx:838
AMS Care Wiltshire Ltd,AMS CARE WILTSHIRE,4713.24,3,2026-06-10,2026-06-10,same_timestamp,9426.48,care_or_education_placement,Adult Social Care,Over500_2026_P03_-_published.xlsx:1331; Over500_2026_P03_-_published.xlsx:851; Over500_2026_P03_-_published.xlsx:924
AMS Care Wiltshire Ltd,AMS CARE WILTSHIRE,4713.24,3,2026-07-08,2026-07-08,same_timestamp,9426.48,care_or_education_placement,Adult Social Care,Over500_2026_P04_-_published.xlsx:1093; Over500_2026_P04_-_published.xlsx:1932; Over500_2026_P04_-_published.xlsx:888
Apex Prime Care Ltd,APEX PRIME CARE,2719.2,3,2026-05-22,2026-05-22,same_timestamp,5438.4,care_or_education_placement,Adult Social Care,Over500_2026_P02_-_published.xlsx:1316; Over500_2026_P02_-_published.xlsx:1317; Over500_2026_P02_-_published.xlsx:1319
APPLE ORCHARD,APPLE ORCHARD,543.32,2,2026-07-22,2026-07-22,same_timestamp,543.32,care_or_education_placement,Adult Social Care,Over500_2026_P04_-_published.xlsx:2176; Over500_2026_P04_-_published.xlsx:2953
APPLE ORCHARD,APPLE ORCHARD,2579.32,2,2026-05-13,2026-05-13,same_timestamp,2579.32,care_or_education_placement,Adult Social Care,Over500_2026_P02_-_published.xlsx:1636; Over500_2026_P02_-_published.xlsx:1637
APPLE ORCHARD,APPLE ORCHARD,2585.56,2,2026-06-10,2026-06-10,same_timestamp,2585.56,care_or_education_placement,Adult Social Care,Over500_2026_P03_-_published.xlsx:1464; Over500_2026_P03_-_published.xlsx:1571
APPLE ORCHARD,APPLE ORCHARD,2585.56,2,2026-07-08,2026-07-08,same_timestamp,2585.56,care_or_education_placement,Adult Social Care,Over500_2026_P04_-_published.xlsx:2158; Over500_2026_P04_-_published.xlsx:2934
Arch Futures,ARCH FUTURES,18648.0,2,2026-07-29,2026-07-29,same_timestamp,18648.0,care_or_education_placement,Adult Social Care,Over500_2026_P04_-_published.xlsx:2483; Over500_2026_P04_-_published.xlsx:2572
Aston Nursing Services LTD,ASTON NURSING SERVICES,969.67,2,2026-05-19,2026-05-19,same_timestamp,969.67,care_or_education_placement,Children's Social Care,Over500_2026_P02_-_published.xlsx:2072; Over500_2026_P02_-_published.xlsx:2073
Aston Nursing Services LTD,ASTON NURSING SERVICES,1006.24,2,2026-05-06,2026-05-06,same_timestamp,1006.24,care_or_education_placement,Children's Social Care,Over500_2026_P02_-_published.xlsx:861; Over500_2026_P02_-_published.xlsx:862
Aston Nursing Services LTD,ASTON NURSING SERVICES,1398.02,2,2026-06-03,2026-06-03,same_timestamp,1398.02,care_or_education_placement,Children's Social Care,Over500_2026_P03_-_published.xlsx:2046; Over500_2026_P03_-_published.xlsx:3062
Aston Nursing Services LTD,ASTON NURSING SERVICES,2032.38,2,2026-06-03,2026-06-03,same_timestamp,2032.38,care_or_education_placement,Children's Social Care,Over500_2026_P03_-_published.xlsx:2024; Over500_2026_P03_-_published.xlsx:3063
Aston Nursing Services LTD,ASTON NURSING SERVICES,2733.02,2,2026-07-03,2026-07-03,same_timestamp,2733.02,care_or_education_placement,Children's Social Care,Over500_2026_P04_-_published.xlsx:3107; Over500_2026_P04_-_published.xlsx:3174
BERKSHIRE MECHANICAL SERVICES,BERKSHIRE MECHANICAL SERVICES,545.0,3,2026-05-07,2026-05-12,different_time,1090.0,general_procurement,Development & Housing,Over500_2026_P02_-_published.xlsx:30; Over500_2026_P02_-_published.xlsx:38; Over500_2026_P02_-_published.xlsx:39
BERKSHIRE MECHANICAL SERVICES,BERKSHIRE MECHANICAL SERVICES,800.0,2,2026-07-03,2026-07-06,different_time,800.0,general_procurement,Development & Housing,Over500_2026_P04_-_published.xlsx:146; Over500_2026_P04_-_published.xlsx:78
Best Pinnacle Care Ltd,BEST PINNACLE CARE,954.05,3,2026-06-10,2026-06-10,same_timestamp,1908.1,care_or_education_placement,Adult Social Care,Over500_2026_P03_-_published.xlsx:1359; Over500_2026_P03_-_published.xlsx:1762; Over500_2026_P03_-_published.xlsx:2983
Best Pinnacle Care Ltd,BEST PINNACLE CARE,956.36,2,2026-06-24,2026-06-24,same_timestamp,956.36,care_or_education_placement,Adult Social Care,Over500_2026_P03_-_published.xlsx:1769; Over500_2026_P03_-_published.xlsx:2980
Best Pinnacle Care Ltd,BEST PINNACLE CARE,956.36,2,2026-07-15,2026-07-15,same_timestamp,956.36,care_or_education_placement,Adult Social Care,Over500_2026_P04_-_published.xlsx:2722; Over500_2026_P04_-_published.xlsx:3628
Best Pinnacle Care Ltd,BEST PINNACLE CARE,956.36,2,2026-07-29,2026-07-29,same_timestamp,956.36,care_or_education_placement,Adult Social Care,Over500_2026_P04_-_published.xlsx:2739; Over500_2026_P04_-_published.xlsx:2744
Best Pinnacle Care Ltd,BEST PINNACLE CARE,1086.03,2,2026-06-10,2026-06-10,same_timestamp,1086.03,care_or_education_placement,Adult Social Care,Over500_2026_P03_-_published.xlsx:2982; Over500_2026_P03_-_published.xlsx:2988
Best Pinnacle Care Ltd,BEST PINNACLE CARE,1092.96,2,2026-07-01,2026-07-01,same_timestamp,1092.96,care_or_education_placement,Adult Social Care,Over500_2026_P04_-_published.xlsx:2741; Over500_2026_P04_-_published.xlsx:2769
Best Pinnacle Care Ltd,BEST PINNACLE CARE,1092.96,2,2026-07-15,2026-07-15,same_timestamp,1092.96,care_or_education_placement,Adult Social Care,Over500_2026_P04_-_published.xlsx:2721; Over500_2026_P04_-_published.xlsx:3638
Best Pinnacle Care Ltd,BEST PINNACLE CARE,2809.92,2,2026-06-10,2026-06-10,same_timestamp,2809.92,care_or_education_placement,Adult Social Care,Over500_2026_P03_-_published.xlsx:1603; Over500_2026_P03_-_published.xlsx:2911
Best Pinnacle Care Ltd,BEST PINNACLE CARE,2816.64,2,2026-06-24,2026-06-24,same_timestamp,2816.64,care_or_education_placement,Adult Social Care,Over500_2026_P03_-_published.xlsx:2916; Over500_2026_P03_-_published.xlsx:2917
Best Pinnacle Care Ltd,BEST PINNACLE CARE,2816.64,2,2026-07-15,2026-07-15,same_timestamp,2816.64,care_or_education_placement,Adult Social Care,Over500_2026_P04_-_published.xlsx:2218; Over500_2026_P04_-_published.xlsx:2236
Best Pinnacle Care Ltd,BEST PINNACLE CARE,2816.64,2,2026-07-29,2026-07-29,same_timestamp,2816.64,care_or_education_placement,Adult Social Care,Over500_2026_P04_-_published.xlsx:2219; Over500_2026_P04_-_published.xlsx:2220
Best Pinnacle Care Ltd,BEST PINNACLE CARE,2914.08,2,2026-06-10,2026-06-10,same_timestamp,2914.08,care_or_education_placement,Adult Social Care,Over500_2026_P03_-_published.xlsx:2728; Over500_2026_P03_-_published.xlsx:2863
Best Pinnacle Care Ltd,BEST PINNACLE CARE,2921.28,2,2026-06-24,2026-06-24,same_timestamp,2921.28,care_or_education_placement,Adult Social Care,Over500_2026_P03_-_published.xlsx:1189; Over500_2026_P03_-_published.xlsx:1389
Best Pinnacle Care Ltd,BEST PINNACLE CARE,2921.28,2,2026-07-15,2026-07-15,same_timestamp,2921.28,care_or_education_placement,Adult Social Care,Over500_2026_P04_-_published.xlsx:1457; Over500_2026_P04_-_published.xlsx:2032
Best Pinnacle Care Ltd,BEST PINNACLE CARE,2921.28,2,2026-07-29,2026-07-29,same_timestamp,2921.28,care_or_education_placement,Adult Social Care,Over500_2026_P04_-_published.xlsx:2287; Over500_2026_P04_-_published.xlsx:2812
Bloomfield Care Ltd,BLOOMFIELD CARE,794.12,2,2026-06-03,2026-06-03,same_timestamp,794.12,care_or_education_placement,Adult Social Care,Over500_2026_P03_-_published.xlsx:1031; Over500_2026_P03_-_published.xlsx:1499
Bloomfield Care Ltd,BLOOMFIELD CARE,2701.44,2,2026-07-15,2026-07-17,different_time,2701.44,care_or_education_placement,Adult Social Care,Over500_2026_P04_-_published.xlsx:1348; Over500_2026_P04_-_published.xlsx:1534
BPR Ltd trading as We Are Lean and Agile,BPR,1400.0,2,2026-06-09,2026-06-09,same_timestamp,1400.0,general_procurement,"Transformation, Customer & ICT",Over500_2026_P03_-_published.xlsx:645; Over500_2026_P03_-_published.xlsx:646
Bridge Homes Support,BRIDGE HOMES SUPPORT,1350.0,2,2026-07-02,2026-07-02,different_time,1350.0,care_or_education_placement,Children's Social Care,Over500_2026_P04_-_published.xlsx:3150; Over500_2026_P04_-_published.xlsx:3736
Brighter Living Care Ltd,BRIGHTER LIVING CARE,600.0,2,2026-07-22,2026-07-29,different_time,600.0,care_or_education_placement,Adult Social Care,Over500_2026_P04_-_published.xlsx:2473; Over500_2026_P04_-_published.xlsx:2635
Brighter Living Care Ltd,BRIGHTER LIVING CARE,2129.96,2,2026-06-24,2026-07-01,different_time,2129.96,care_or_education_placement,Adult Social Care,Over500_2026_P03_-_published.xlsx:1906; Over500_2026_P04_-_published.xlsx:2778
Brighter Living Care Ltd,BRIGHTER LIVING CARE,3125.96,2,2026-06-24,2026-07-01,different_time,3125.96,care_or_education_placement,Adult Social Care,Over500_2026_P03_-_published.xlsx:2948; Over500_2026_P04_-_published.xlsx:2265
Brighter Living Care Ltd,BRIGHTER LIVING CARE,4005.08,2,2026-07-29,2026-07-29,same_timestamp,4005.08,care_or_education_placement,Adult Social Care,Over500_2026_P04_-_published.xlsx:2883; Over500_2026_P04_-_published.xlsx:2902
Brighter Living Care Ltd,BRIGHTER LIVING CARE,4371.24,2,2026-06-24,2026-07-01,different_time,4371.24,care_or_education_placement,Adult Social Care,Over500_2026_P03_-_published.xlsx:1951; Over500_2026_P04_-_published.xlsx:2755
Brighter Living Care Ltd,BRIGHTER LIVING CARE,4948.08,2,2026-06-24,2026-07-01,different_time,4948.08,care_or_education_placement,Adult Social Care,Over500_2026_P03_-_published.xlsx:1683; Over500_2026_P04_-_published.xlsx:2966
Brighter Living Care Ltd,BRIGHTER LIVING CARE,7524.6,2,2026-06-24,2026-07-01,different_time,7524.6,care_or_education_placement,Adult Social Care,Over500_2026_P03_-_published.xlsx:1907; Over500_2026_P04_-_published.xlsx:2781
Brighter Living Care Ltd,BRIGHTER LIVING CARE,7524.98,2,2026-06-24,2026-07-01,different_time,7524.98,care_or_education_placement,Adult Social Care,Over500_2026_P03_-_published.xlsx:1657; Over500_2026_P04_-_published.xlsx:2266
Brighter Living Care Ltd,BRIGHTER LIVING CARE,7828.24,2,2026-06-24,2026-07-01,different_time,7828.24,care_or_education_placement,Adult Social Care,Over500_2026_P03_-_published.xlsx:1904; Over500_2026_P04_-_published.xlsx:2780
Brighter Living Care Ltd,BRIGHTER LIVING CARE,9074.8,2,2026-06-24,2026-07-01,different_time,9074.8,care_or_education_placement,Adult Social Care,Over500_2026_P03_-_published.xlsx:1684; Over500_2026_P04_-_published.xlsx:2336
Brighter Living Care Ltd,BRIGHTER LIVING CARE,10199.56,2,2026-07-01,2026-07-01,same_timestamp,10199.56,care_or_education_placement,Adult Social Care,Over500_2026_P04_-_published.xlsx:2260; Over500_2026_P04_-_published.xlsx:2335
Brighter Living Care Ltd,BRIGHTER LIVING CARE,11050.36,2,2026-07-29,2026-07-29,same_timestamp,11050.36,care_or_education_placement,Adult Social Care,Over500_2026_P04_-_published.xlsx:2631; Over500_2026_P04_-_published.xlsx:3360
Brighter Living Care Ltd,BRIGHTER LIVING CARE,19317.76,2,2026-07-01,2026-07-01,same_timestamp,19317.76,care_or_education_placement,Adult Social Care,Over500_2026_P04_-_published.xlsx:2229; Over500_2026_P04_-_published.xlsx:2968
Brighter Living Care Ltd,BRIGHTER LIVING CARE,26596.08,2,2026-06-24,2026-07-01,different_time,26596.08,care_or_education_placement,Adult Social Care,Over500_2026_P03_-_published.xlsx:1656; Over500_2026_P04_-_published.xlsx:2249
Brighter Living Care Ltd,BRIGHTER LIVING CARE,26734.96,2,2026-06-24,2026-07-01,different_time,26734.96,care_or_education_placement,Adult Social Care,Over500_2026_P03_-_published.xlsx:1708; Over500_2026_P04_-_published.xlsx:2250
BRITISH TELECOM,BRITISH TELECOM,4364.06,2,2026-06-17,2026-06-17,different_time,4364.06,general_procurement,"Transformation, Customer & ICT",Over500_2026_P03_-_published.xlsx:427; Over500_2026_P03_-_published.xlsx:431
BROADMEAD RESTHOME LTD,BROADMEAD RESTHOME,7012.1,2,2026-05-13,2026-05-13,same_timestamp,7012.1,care_or_education_placement,Adult Social Care,Over500_2026_P02_-_published.xlsx:1029; Over500_2026_P02_-_published.xlsx:1452
BROADMEAD RESTHOME LTD,BROADMEAD RESTHOME,14058.16,2,2026-07-08,2026-07-08,same_timestamp,14058.16,care_or_education_placement,Adult Social Care,Over500_2026_P04_-_published.xlsx:1843; Over500_2026_P04_-_published.xlsx:1903
BROADWAY CARS,BROADWAY CARS,3640.0,3,2026-05-12,2026-05-13,different_time,7280.0,general_procurement,Education & SEND,Over500_2026_P02_-_published.xlsx:369; Over500_2026_P02_-_published.xlsx:372; Over500_2026_P02_-_published.xlsx:395
BROADWAY CARS,BROADWAY CARS,3900.0,3,2026-05-27,2026-05-27,different_time,7800.0,general_procurement,Education & SEND,Over500_2026_P02_-_published.xlsx:412; Over500_2026_P02_-_published.xlsx:416; Over500_2026_P02_-_published.xlsx:418
BROADWAY CARS,BROADWAY CARS,5330.0,3,2026-07-13,2026-07-13,different_time,10660.0,general_procurement,Education & SEND,Over500_2026_P04_-_published.xlsx:259; Over500_2026_P04_-_published.xlsx:264; Over500_2026_P04_-_published.xlsx:474
Buckinghamshire College Group is a trading name of Aylesbury College,BUCKINGHAMSHIRE COLLEGE GROUP IS A TRADING NAME OF AYLESBURY COLLEGE,5082.5,2,2026-07-02,2026-07-02,same_timestamp,5082.5,care_or_education_placement,Education (DSG Funded) & Other Education Grants,Over500_2026_P04_-_published.xlsx:3251; Over500_2026_P04_-_published.xlsx:3285
BUPA Care Services,BUPA CARE SERVICES,652.04,19,2026-07-01,2026-07-01,same_timestamp,11736.72,care_or_education_placement,Adult Social Care,Over500_2026_P04_-_published.xlsx:1029; Over500_2026_P04_-_published.xlsx:1030; Over500_2026_P04_-_published.xlsx:1031; Over500_2026_P04_-_published.xlsx:1051; Over500_2026_P04_-_published.xlsx:1067; Over500_2026_P04_-_published.xlsx:1068; Over500_2026_P04_-_published.xlsx:1076; Over500_2026_P04_-_published.xlsx:1077; Over500_2026_P04_-_published.xlsx:1078; Over500_2026_P04_-_published.xlsx:1079; Over500_2026_P04_-_published.xlsx:1100; Over500_2026_P04_-_published.xlsx:1132; Over500_2026_P04_-_published.xlsx:1133; Over500_2026_P04_-_published.xlsx:1151; Over500_2026_P04_-_published.xlsx:1841; Over500_2026_P04_-_published.xlsx:1889; Over500_2026_P04_-_published.xlsx:1925; Over500_2026_P04_-_published.xlsx:1944; Over500_2026_P04_-_published.xlsx:2770
BUPA Care Services,BUPA CARE SERVICES,761.82,5,2026-07-01,2026-07-01,same_timestamp,3047.28,care_or_education_placement,Adult Social Care,Over500_2026_P04_-_published.xlsx:1028; Over500_2026_P04_-_published.xlsx:1069; Over500_2026_P04_-_published.xlsx:1075; Over500_2026_P04_-_published.xlsx:1080; Over500_2026_P04_-_published.xlsx:1817
BUPA Care Services,BUPA CARE SERVICES,4456.32,2,2026-05-13,2026-05-13,same_timestamp,4456.32,care_or_education_placement,Adult Social Care,Over500_2026_P02_-_published.xlsx:967; Over500_2026_P02_-_published.xlsx:968
BUPA Care Services,BUPA CARE SERVICES,4471.52,2,2026-06-10,2026-06-10,same_timestamp,4471.52,care_or_education_placement,Adult Social Care,Over500_2026_P03_-_published.xlsx:904; Over500_2026_P03_-_published.xlsx:947
BUPA Care Services,BUPA CARE SERVICES,4471.52,2,2026-07-08,2026-07-08,same_timestamp,4471.52,care_or_education_placement,Adult Social Care,Over500_2026_P04_-_published.xlsx:1035; Over500_2026_P04_-_published.xlsx:1070
BUPA Care Services,BUPA CARE SERVICES,4548.75,6,2026-05-20,2026-05-20,same_timestamp,22743.75,care_or_education_placement,Adult Social Care,Over500_2026_P02_-_published.xlsx:1023; Over500_2026_P02_-_published.xlsx:1024; Over500_2026_P02_-_published.xlsx:1069; Over500_2026_P02_-_published.xlsx:1070; Over500_2026_P02_-_published.xlsx:1071; Over500_2026_P02_-_published.xlsx:1072
BUPA Care Services,BUPA CARE SERVICES,4548.75,13,2026-06-03,2026-06-03,same_timestamp,54585.0,care_or_education_placement,Adult Social Care,Over500_2026_P03_-_published.xlsx:1018; Over500_2026_P03_-_published.xlsx:1322; Over500_2026_P03_-_published.xlsx:1857; Over500_2026_P03_-_published.xlsx:2830; Over500_2026_P03_-_published.xlsx:2845; Over500_2026_P03_-_published.xlsx:890; Over500_2026_P03_-_published.xlsx:891; Over500_2026_P03_-_published.xlsx:915; Over500_2026_P03_-_published.xlsx:916; Over500_2026_P03_-_published.xlsx:917; Over500_2026_P03_-_published.xlsx:937; Over500_2026_P03_-_published.xlsx:938; Over500_2026_P03_-_published.xlsx:951
BUPA Care Services,BUPA CARE SERVICES,4793.08,2,2026-05-13,2026-05-13,same_timestamp,4793.08,care_or_education_placement,Adult Social Care,Over500_2026_P02_-_published.xlsx:1045; Over500_2026_P02_-_published.xlsx:872
BUPA Care Services,BUPA CARE SERVICES,4809.44,2,2026-06-10,2026-06-10,same_timestamp,4809.44,care_or_education_placement,Adult Social Care,Over500_2026_P03_-_published.xlsx:871; Over500_2026_P03_-_published.xlsx:981
BUPA Care Services,BUPA CARE SERVICES,4809.44,2,2026-07-08,2026-07-08,same_timestamp,4809.44,care_or_education_placement,Adult Social Care,Over500_2026_P04_-_published.xlsx:1153; Over500_2026_P04_-_published.xlsx:1563
BUPA Care Services,BUPA CARE SERVICES,4813.57,6,2026-05-13,2026-05-13,same_timestamp,24067.85,care_or_education_placement,Adult Social Care,Over500_2026_P02_-_published.xlsx:1431; Over500_2026_P02_-_published.xlsx:1474; Over500_2026_P02_-_published.xlsx:984; Over500_2026_P02_-_published.xlsx:986; Over500_2026_P02_-_published.xlsx:987; Over500_2026_P02_-_published.xlsx:988
BUPA Care Services,BUPA CARE SERVICES,4830.0,7,2026-06-10,2026-06-10,same_timestamp,28980.0,care_or_education_placement,Adult Social Care,Over500_2026_P03_-_published.xlsx:1326; Over500_2026_P03_-_published.xlsx:2703; Over500_2026_P03_-_published.xlsx:2825; Over500_2026_P03_-_published.xlsx:852; Over500_2026_P03_-_published.xlsx:898; Over500_2026_P03_-_published.xlsx:923; Over500_2026_P03_-_published.xlsx:942
BUPA Care Services,BUPA CARE SERVICES,4830.0,5,2026-07-08,2026-07-08,same_timestamp,19320.0,care_or_education_placement,Adult Social Care,Over500_2026_P04_-_published.xlsx:1090; Over500_2026_P04_-_published.xlsx:1091; Over500_2026_P04_-_published.xlsx:1118; Over500_2026_P04_-_published.xlsx:1830; Over500_2026_P04_-_published.xlsx:2666
BUPA Care Services,BUPA CARE SERVICES,5080.18,19,2026-05-13,2026-05-13,same_timestamp,91443.24,care_or_education_placement,Adult Social Care,Over500_2026_P02_-_published.xlsx:1035; Over500_2026_P02_-_published.xlsx:1037; Over500_2026_P02_-_published.xlsx:1038; Over500_2026_P02_-_published.xlsx:1039; Over500_2026_P02_-_published.xlsx:1040; Over500_2026_P02_-_published.xlsx:1455; Over500_2026_P02_-_published.xlsx:1456; Over500_2026_P02_-_published.xlsx:1457; Over500_2026_P02_-_published.xlsx:1850; Over500_2026_P02_-_published.xlsx:868; Over500_2026_P02_-_published.xlsx:959; Over500_2026_P02_-_published.xlsx:960; Over500_2026_P02_-_published.xlsx:961; Over500_2026_P02_-_published.xlsx:962; Over500_2026_P02_-_published.xlsx:964; Over500_2026_P02_-_published.xlsx:965; Over500_2026_P02_-_published.xlsx:969; Over500_2026_P02_-_published.xlsx:970; Over500_2026_P02_-_published.xlsx:971
BUPA Care Services,BUPA CARE SERVICES,5097.52,19,2026-06-10,2026-06-10,same_timestamp,91755.36,care_or_education_placement,Adult Social Care,Over500_2026_P03_-_published.xlsx:1011; Over500_2026_P03_-_published.xlsx:1027; Over500_2026_P03_-_published.xlsx:1028; Over500_2026_P03_-_published.xlsx:1336; Over500_2026_P03_-_published.xlsx:1477; Over500_2026_P03_-_published.xlsx:1759; Over500_2026_P03_-_published.xlsx:2709; Over500_2026_P03_-_published.xlsx:2710; Over500_2026_P03_-_published.xlsx:2844; Over500_2026_P03_-_published.xlsx:837; Over500_2026_P03_-_published.xlsx:893; Over500_2026_P03_-_published.xlsx:894; Over500_2026_P03_-_published.xlsx:903; Over500_2026_P03_-_published.xlsx:919; Over500_2026_P03_-_published.xlsx:944; Over500_2026_P03_-_published.xlsx:946; Over500_2026_P03_-_published.xlsx:961; Over500_2026_P03_-_published.xlsx:975; Over500_2026_P03_-_published.xlsx:987
BUPA Care Services,BUPA CARE SERVICES,5097.52,18,2026-07-08,2026-07-08,same_timestamp,86657.84,care_or_education_placement,Adult Social Care,Over500_2026_P04_-_published.xlsx:1033; Over500_2026_P04_-_published.xlsx:1034; Over500_2026_P04_-_published.xlsx:1037; Over500_2026_P04_-_published.xlsx:1072; Over500_2026_P04_-_published.xlsx:1081; Over500_2026_P04_-_published.xlsx:1083; Over500_2026_P04_-_published.xlsx:1104; Over500_2026_P04_-_published.xlsx:1136; Over500_2026_P04_-_published.xlsx:1137; Over500_2026_P04_-_published.xlsx:1820; Over500_2026_P04_-_published.xlsx:1821; Over500_2026_P04_-_published.xlsx:1823; Over500_2026_P04_-_published.xlsx:1848; Over500_2026_P04_-_published.xlsx:1926; Over500_2026_P04_-_published.xlsx:1927; Over500_2026_P04_-_published.xlsx:2664; Over500_2026_P04_-_published.xlsx:2717; Over500_2026_P04_-_published.xlsx:887
BUPA Care Services,BUPA CARE SERVICES,5148.43,10,2026-05-13,2026-05-13,same_timestamp,46335.87,care_or_education_placement,Adult Social Care,Over500_2026_P02_-_published.xlsx:1034; Over500_2026_P02_-_published.xlsx:1459; Over500_2026_P02_-_published.xlsx:1460; Over500_2026_P02_-_published.xlsx:1464; Over500_2026_P02_-_published.xlsx:1531; Over500_2026_P02_-_published.xlsx:1532; Over500_2026_P02_-_published.xlsx:1535; Over500_2026_P02_-_published.xlsx:1536; Over500_2026_P02_-_published.xlsx:1537; Over500_2026_P02_-_published.xlsx:979
BUPA Care Services,BUPA CARE SERVICES,5166.0,10,2026-06-10,2026-06-10,same_timestamp,46494.0,care_or_education_placement,Adult Social Care,Over500_2026_P03_-_published.xlsx:1328; Over500_2026_P03_-_published.xlsx:1344; Over500_2026_P03_-_published.xlsx:1345; Over500_2026_P03_-_published.xlsx:1346; Over500_2026_P03_-_published.xlsx:1379; Over500_2026_P03_-_published.xlsx:1487; Over500_2026_P03_-_published.xlsx:2834; Over500_2026_P03_-_published.xlsx:2851; Over500_2026_P03_-_published.xlsx:941; Over500_2026_P03_-_published.xlsx:980
BUPA Care Services,BUPA CARE SERVICES,5166.0,8,2026-07-08,2026-07-08,same_timestamp,36162.0,care_or_education_placement,Adult Social Care,Over500_2026_P04_-_published.xlsx:1135; Over500_2026_P04_-_published.xlsx:1828; Over500_2026_P04_-_published.xlsx:1893; Over500_2026_P04_-_published.xlsx:1908; Over500_2026_P04_-_published.xlsx:1922; Over500_2026_P04_-_published.xlsx:1931; Over500_2026_P04_-_published.xlsx:2003; Over500_2026_P04_-_published.xlsx:2676
BUPA Care Services,BUPA CARE SERVICES,5314.58,3,2026-05-20,2026-05-20,same_timestamp,10629.16,care_or_education_placement,Adult Social Care,Over500_2026_P02_-_published.xlsx:1025; Over500_2026_P02_-_published.xlsx:1026; Over500_2026_P02_-_published.xlsx:1967
BUPA Care Services,BUPA CARE SERVICES,5314.58,3,2026-06-03,2026-06-03,same_timestamp,10629.16,care_or_education_placement,Adult Social Care,Over500_2026_P03_-_published.xlsx:892; Over500_2026_P03_-_published.xlsx:918; Over500_2026_P03_-_published.xlsx:939
BUPA Care Services,BUPA CARE SERVICES,5441.43,3,2026-05-13,2026-05-13,same_timestamp,10882.86,care_or_education_placement,Adult Social Care,Over500_2026_P02_-_published.xlsx:1041; Over500_2026_P02_-_published.xlsx:1044; Over500_2026_P02_-_published.xlsx:1533
BUPA Care Services,BUPA CARE SERVICES,5460.0,4,2026-06-10,2026-06-10,same_timestamp,16380.0,care_or_education_placement,Adult Social Care,Over500_2026_P03_-_published.xlsx:1414; Over500_2026_P03_-_published.xlsx:2716; Over500_2026_P03_-_published.xlsx:3020; Over500_2026_P03_-_published.xlsx:962
BUPA Care Services,BUPA CARE SERVICES,5460.0,2,2026-07-08,2026-07-08,same_timestamp,5460.0,care_or_education_placement,Adult Social Care,Over500_2026_P04_-_published.xlsx:1949; Over500_2026_P04_-_published.xlsx:3699
BUPA Care Services,BUPA CARE SERVICES,5487.47,5,2026-05-13,2026-05-13,same_timestamp,21949.88,care_or_education_placement,Adult Social Care,Over500_2026_P02_-_published.xlsx:1042; Over500_2026_P02_-_published.xlsx:1043; Over500_2026_P02_-_published.xlsx:1473; Over500_2026_P02_-_published.xlsx:963; Over500_2026_P02_-_published.xlsx:973
BUPA Care Services,BUPA CARE SERVICES,5506.2,5,2026-06-10,2026-06-10,same_timestamp,22024.8,care_or_education_placement,Adult Social Care,Over500_2026_P03_-_published.xlsx:1330; Over500_2026_P03_-_published.xlsx:940; Over500_2026_P03_-_published.xlsx:945; Over500_2026_P03_-_published.xlsx:953; Over500_2026_P03_-_published.xlsx:977
BUPA Care Services,BUPA CARE SERVICES,5506.2,5,2026-07-08,2026-07-08,same_timestamp,22024.8,care_or_education_placement,Adult Social Care,Over500_2026_P04_-_published.xlsx:1082; Over500_2026_P04_-_published.xlsx:1084; Over500_2026_P04_-_published.xlsx:1106; Over500_2026_P04_-_published.xlsx:1849; Over500_2026_P04_-_published.xlsx:1896
BUPA Care Services,BUPA CARE SERVICES,5611.41,2,2026-05-13,2026-05-13,same_timestamp,5611.41,care_or_education_placement,Adult Social Care,Over500_2026_P02_-_published.xlsx:1443; Over500_2026_P02_-_published.xlsx:1468
BUPA Care Services,BUPA CARE SERVICES,5630.56,2,2026-06-10,2026-06-10,same_timestamp,5630.56,care_or_education_placement,Adult Social Care,Over500_2026_P03_-_published.xlsx:1371; Over500_2026_P03_-_published.xlsx:2832
BUPA Care Services,BUPA CARE SERVICES,5630.56,2,2026-07-08,2026-07-08,same_timestamp,5630.56,care_or_education_placement,Adult Social Care,Over500_2026_P04_-_published.xlsx:1929; Over500_2026_P04_-_published.xlsx:2656
BUPA Care Services,BUPA CARE SERVICES,5793.1,2,2026-05-13,2026-05-13,same_timestamp,5793.1,care_or_education_placement,Adult Social Care,Over500_2026_P02_-_published.xlsx:1444; Over500_2026_P02_-_published.xlsx:1469
BUPA Care Services,BUPA CARE SERVICES,5797.21,2,2026-05-13,2026-05-13,same_timestamp,5797.21,care_or_education_placement,Adult Social Care,Over500_2026_P02_-_published.xlsx:1463; Over500_2026_P02_-_published.xlsx:1534
BUPA Care Services,BUPA CARE SERVICES,5812.88,2,2026-06-10,2026-06-10,same_timestamp,5812.88,care_or_education_placement,Adult Social Care,Over500_2026_P03_-_published.xlsx:1312; Over500_2026_P03_-_published.xlsx:1372
BUPA Care Services,BUPA CARE SERVICES,5812.88,2,2026-07-08,2026-07-08,same_timestamp,5812.88,care_or_education_placement,Adult Social Care,Over500_2026_P04_-_published.xlsx:1881; Over500_2026_P04_-_published.xlsx:1891
BUPA Care Services,BUPA CARE SERVICES,5817.0,3,2026-06-10,2026-06-10,same_timestamp,11634.0,care_or_education_placement,Adult Social Care,Over500_2026_P03_-_published.xlsx:1329; Over500_2026_P03_-_published.xlsx:1413; Over500_2026_P03_-_published.xlsx:2701
BUPA Care Services,BUPA CARE SERVICES,5817.0,3,2026-07-08,2026-07-08,same_timestamp,11634.0,care_or_education_placement,Adult Social Care,Over500_2026_P04_-_published.xlsx:1088; Over500_2026_P04_-_published.xlsx:1894; Over500_2026_P04_-_published.xlsx:1948
BUPA Care Services,BUPA CARE SERVICES,5875.95,4,2026-05-13,2026-05-13,same_timestamp,17627.85,care_or_education_placement,Adult Social Care,Over500_2026_P02_-_published.xlsx:1471; Over500_2026_P02_-_published.xlsx:1525; Over500_2026_P02_-_published.xlsx:1526; Over500_2026_P02_-_published.xlsx:1527
BUPA Care Services,BUPA CARE SERVICES,5890.21,2,2026-05-13,2026-05-13,same_timestamp,5890.21,care_or_education_placement,Adult Social Care,Over500_2026_P02_-_published.xlsx:1530; Over500_2026_P02_-_published.xlsx:1976
BUPA Care Services,BUPA CARE SERVICES,5896.0,4,2026-06-10,2026-06-10,same_timestamp,17688.0,care_or_education_placement,Adult Social Care,Over500_2026_P03_-_published.xlsx:1327; Over500_2026_P03_-_published.xlsx:1343; Over500_2026_P03_-_published.xlsx:1485; Over500_2026_P03_-_published.xlsx:2849
BUPA Care Services,BUPA CARE SERVICES,5896.0,4,2026-07-08,2026-07-08,same_timestamp,17688.0,care_or_education_placement,Adult Social Care,Over500_2026_P04_-_published.xlsx:1892; Over500_2026_P04_-_published.xlsx:1924; Over500_2026_P04_-_published.xlsx:2004; Over500_2026_P04_-_published.xlsx:2677
BUPA Care Services,BUPA CARE SERVICES,5910.32,2,2026-06-10,2026-06-10,same_timestamp,5910.32,care_or_education_placement,Adult Social Care,Over500_2026_P03_-_published.xlsx:1486; Over500_2026_P03_-_published.xlsx:3023
BUPA Care Services,BUPA CARE SERVICES,5910.32,2,2026-07-08,2026-07-08,same_timestamp,5910.32,care_or_education_placement,Adult Social Care,Over500_2026_P04_-_published.xlsx:1963; Over500_2026_P04_-_published.xlsx:3704
BUPA Care Services,BUPA CARE SERVICES,7325.0,2,2026-05-13,2026-05-13,same_timestamp,7325.0,care_or_education_placement,Adult Social Care,Over500_2026_P02_-_published.xlsx:1458; Over500_2026_P02_-_published.xlsx:1630
BUPA Care Services,BUPA CARE SERVICES,7350.0,2,2026-06-10,2026-06-10,same_timestamp,7350.0,care_or_education_placement,Adult Social Care,Over500_2026_P03_-_published.xlsx:1470; Over500_2026_P03_-_published.xlsx:2890
BUPA Care Services,BUPA CARE SERVICES,7350.0,2,2026-07-08,2026-07-08,same_timestamp,7350.0,care_or_education_placement,Adult Social Care,Over500_2026_P04_-_published.xlsx:1928; Over500_2026_P04_-_published.xlsx:2178
BUPA Care Services,BUPA CARE SERVICES,8476.52,18,2026-07-08,2026-07-08,same_timestamp,144100.84,care_or_education_placement,Adult Social Care,Over500_2026_P04_-_published.xlsx:1040; Over500_2026_P04_-_published.xlsx:1041; Over500_2026_P04_-_published.xlsx:1071; Over500_2026_P04_-_published.xlsx:1086; Over500_2026_P04_-_published.xlsx:1087; Over500_2026_P04_-_published.xlsx:1105; Over500_2026_P04_-_published.xlsx:1107; Over500_2026_P04_-_published.xlsx:1115; Over500_2026_P04_-_published.xlsx:1154; Over500_2026_P04_-_published.xlsx:1155; Over500_2026_P04_-_published.xlsx:1158; Over500_2026_P04_-_published.xlsx:1825; Over500_2026_P04_-_published.xlsx:1826; Over500_2026_P04_-_published.xlsx:1831; Over500_2026_P04_-_published.xlsx:1846; Over500_2026_P04_-_published.xlsx:1904; Over500_2026_P04_-_published.xlsx:1905; Over500_2026_P04_-_published.xlsx:2678
BUPA Care Services,BUPA CARE SERVICES,9903.62,6,2026-07-08,2026-07-08,same_timestamp,49518.1,care_or_education_placement,Adult Social Care,Over500_2026_P04_-_published.xlsx:1039; Over500_2026_P04_-_published.xlsx:1043; Over500_2026_P04_-_published.xlsx:1073; Over500_2026_P04_-_published.xlsx:1120; Over500_2026_P04_-_published.xlsx:1824; Over500_2026_P04_-_published.xlsx:2908
CALL US,CALL US,1786.2,2,2026-06-24,2026-06-24,same_timestamp,1786.2,care_or_education_placement,Adult Social Care,Over500_2026_P03_-_published.xlsx:1536; Over500_2026_P03_-_published.xlsx:2951
Canary Care Services Ltd,CANARY CARE SERVICES,4948.8,2,2026-06-17,2026-06-24,different_time,4948.8,care_or_education_placement,Adult Social Care,Over500_2026_P03_-_published.xlsx:1173; Over500_2026_P03_-_published.xlsx:1235
Canary Care Services Ltd,CANARY CARE SERVICES,4948.8,2,2026-07-15,2026-07-15,same_timestamp,4948.8,care_or_education_placement,Adult Social Care,Over500_2026_P04_-_published.xlsx:1349; Over500_2026_P04_-_published.xlsx:1350
Canary Care Services Ltd,CANARY CARE SERVICES,5067.84,2,2026-06-24,2026-06-24,same_timestamp,5067.84,care_or_education_placement,Adult Social Care,Over500_2026_P03_-_published.xlsx:1155; Over500_2026_P03_-_published.xlsx:1182
Canary Care Services Ltd,CANARY CARE SERVICES,5067.84,2,2026-07-15,2026-07-15,same_timestamp,5067.84,care_or_education_placement,Adult Social Care,Over500_2026_P04_-_published.xlsx:1456; Over500_2026_P04_-_published.xlsx:2084
CARE UK Community Partnerships Ltd,CARE COMMUNITY PARTNERSHIPS,3845.29,2,2026-05-13,2026-05-13,same_timestamp,3845.29,care_or_education_placement,Adult Social Care,Over500_2026_P02_-_published.xlsx:1031; Over500_2026_P02_-_published.xlsx:1516
CARE UK Community Partnerships Ltd,CARE COMMUNITY PARTNERSHIPS,3854.6,2,2026-06-10,2026-06-10,same_timestamp,3854.6,care_or_education_placement,Adult Social Care,Over500_2026_P03_-_published.xlsx:1481; Over500_2026_P03_-_published.xlsx:952
CARE UK Community Partnerships Ltd,CARE COMMUNITY PARTNERSHIPS,3854.6,2,2026-07-08,2026-07-08,same_timestamp,3854.6,care_or_education_placement,Adult Social Care,Over500_2026_P04_-_published.xlsx:1134; Over500_2026_P04_-_published.xlsx:1999
Care Outlook Ltd,CARE OUTLOOK,570.8,3,2026-06-24,2026-07-01,different_time,1141.6,care_or_education_placement,Adult Social Care,Over500_2026_P03_-_published.xlsx:1321; Over500_2026_P03_-_published.xlsx:2698; Over500_2026_P04_-_published.xlsx:998
Care Outlook Ltd,CARE OUTLOOK,591.92,3,2026-06-24,2026-07-01,different_time,1183.84,care_or_education_placement,Adult Social Care,Over500_2026_P03_-_published.xlsx:1297; Over500_2026_P03_-_published.xlsx:934; Over500_2026_P04_-_published.xlsx:1750
Care Outlook Ltd,CARE OUTLOOK,824.48,3,2026-07-01,2026-07-01,same_timestamp,1648.96,care_or_education_placement,Adult Social Care,Over500_2026_P04_-_published.xlsx:1721; Over500_2026_P04_-_published.xlsx:2125; Over500_2026_P04_-_published.xlsx:2126
Care Outlook Ltd,CARE OUTLOOK,845.6,2,2026-06-24,2026-07-01,different_time,845.6,care_or_education_placement,Adult Social Care,Over500_2026_P03_-_published.xlsx:933; Over500_2026_P04_-_published.xlsx:973
Care Outlook Ltd,CARE OUTLOOK,887.88,2,2026-06-24,2026-07-01,different_time,887.88,care_or_education_placement,Adult Social Care,Over500_2026_P03_-_published.xlsx:2817; Over500_2026_P04_-_published.xlsx:1703
Care Outlook Ltd,CARE OUTLOOK,1328.78,2,2026-05-20,2026-05-20,same_timestamp,1328.78,care_or_education_placement,Adult Social Care,Over500_2026_P02_-_published.xlsx:1396; Over500_2026_P02_-_published.xlsx:1449
Care Outlook Ltd,CARE OUTLOOK,1331.84,2,2026-07-01,2026-07-01,same_timestamp,1331.84,care_or_education_placement,Adult Social Care,Over500_2026_P04_-_published.xlsx:1723; Over500_2026_P04_-_published.xlsx:1738
Care Outlook Ltd,CARE OUTLOOK,1416.4,3,2026-06-24,2026-07-01,different_time,2832.8,care_or_education_placement,Adult Social Care,Over500_2026_P03_-_published.xlsx:1293; Over500_2026_P04_-_published.xlsx:1722; Over500_2026_P04_-_published.xlsx:1878
Care Outlook Ltd,CARE OUTLOOK,1500.95,2,2026-06-24,2026-06-24,same_timestamp,1500.95,care_or_education_placement,Adult Social Care,Over500_2026_P03_-_published.xlsx:2814; Over500_2026_P03_-_published.xlsx:888
Care Outlook Ltd,CARE OUTLOOK,1500.96,2,2026-07-01,2026-07-01,same_timestamp,1500.96,care_or_education_placement,Adult Social Care,Over500_2026_P04_-_published.xlsx:2519; Over500_2026_P04_-_published.xlsx:992
Care Outlook Ltd,CARE OUTLOOK,1670.08,2,2026-06-24,2026-07-01,different_time,1670.08,care_or_education_placement,Adult Social Care,Over500_2026_P03_-_published.xlsx:1298; Over500_2026_P04_-_published.xlsx:1737
Care Outlook Ltd,CARE OUTLOOK,2959.6,2,2026-06-24,2026-07-01,different_time,2959.6,care_or_education_placement,Adult Social Care,Over500_2026_P03_-_published.xlsx:1294; Over500_2026_P04_-_published.xlsx:1724
Care Outlook Ltd,CARE OUTLOOK,3128.72,2,2026-06-24,2026-07-01,different_time,3128.72,care_or_education_placement,Adult Social Care,Over500_2026_P03_-_published.xlsx:2811; Over500_2026_P04_-_published.xlsx:1734
Care Services To You,CARE SERVICES TO YOU,23989.77,2,2026-05-12,2026-05-13,different_time,23989.77,care_or_education_placement,Children's Social Care,Over500_2026_P02_-_published.xlsx:2033; Over500_2026_P02_-_published.xlsx:2037
Care Services To You,CARE SERVICES TO YOU,23989.77,3,2026-06-16,2026-06-22,different_time,47979.54,care_or_education_placement,Children's Social Care,Over500_2026_P03_-_published.xlsx:1931; Over500_2026_P03_-_published.xlsx:2008; Over500_2026_P03_-_published.xlsx:3044
Care Services To You,CARE SERVICES TO YOU,23989.77,2,2026-07-01,2026-07-06,different_time,23989.77,care_or_education_placement,Children's Social Care,Over500_2026_P04_-_published.xlsx:3743; Over500_2026_P04_-_published.xlsx:3154
Care Services To You,CARE SERVICES TO YOU,23989.77,3,2026-07-17,2026-07-23,different_time,47979.54,care_or_education_placement,Children's Social Care,Over500_2026_P04_-_published.xlsx:3750; Over500_2026_P04_-_published.xlsx:3092; Over500_2026_P04_-_published.xlsx:3161
CARELINE,CARELINE,568.91,2,2026-07-15,2026-07-15,same_timestamp,568.91,care_or_education_placement,Adult Social Care,Over500_2026_P04_-_published.xlsx:2412; Over500_2026_P04_-_published.xlsx:2460
CARELINE,CARELINE,719.5,5,2026-07-15,2026-07-15,same_timestamp,2878.0,care_or_education_placement,Adult Social Care,Over500_2026_P04_-_published.xlsx:2395; Over500_2026_P04_-_published.xlsx:2431; Over500_2026_P04_-_published.xlsx:2446; Over500_2026_P04_-_published.xlsx:2461; Over500_2026_P04_-_published.xlsx:3038
Caremark (West Berkshire & Reading),CAREMARK,1386.0,2,2026-05-01,2026-05-01,same_timestamp,1386.0,care_or_education_placement,Adult Social Care,Over500_2026_P02_-_published.xlsx:1084; Over500_2026_P02_-_published.xlsx:1087
CARETECH COMMUNITY SERVICES L,CARETECH COMMUNITY SERVICES L,2304.96,2,2026-06-24,2026-06-24,same_timestamp,2304.96,care_or_education_placement,Adult Social Care,Over500_2026_P03_-_published.xlsx:1601; Over500_2026_P03_-_published.xlsx:2909
CARNATION DAY CARE SERVICES,CARNATION DAY CARE SERVICES,530.24,3,2026-06-03,2026-06-03,same_timestamp,1060.48,care_or_education_placement,Adult Social Care,Over500_2026_P03_-_published.xlsx:1459; Over500_2026_P03_-_published.xlsx:1563; Over500_2026_P03_-_published.xlsx:2818
CARNATION DAY CARE SERVICES,CARNATION DAY CARE SERVICES,596.52,3,2026-06-24,2026-06-24,same_timestamp,1193.04,care_or_education_placement,Adult Social Care,Over500_2026_P03_-_published.xlsx:1361; Over500_2026_P03_-_published.xlsx:1401; Over500_2026_P03_-_published.xlsx:2820
CARNATION DAY CARE SERVICES,CARNATION DAY CARE SERVICES,596.52,5,2026-07-08,2026-07-15,different_time,2386.08,care_or_education_placement,Adult Social Care,Over500_2026_P04_-_published.xlsx:2818; Over500_2026_P04_-_published.xlsx:1805; Over500_2026_P04_-_published.xlsx:2154; Over500_2026_P04_-_published.xlsx:2647; Over500_2026_P04_-_published.xlsx:2820
Cedar Hope Care Services Ltd,CEDAR HOPE CARE SERVICES,658.56,2,2026-07-22,2026-07-29,different_time,658.56,care_or_education_placement,Adult Social Care,Over500_2026_P04_-_published.xlsx:3044; Over500_2026_P04_-_published.xlsx:2517
CHILTERN WAY ACADEMY,CHILTERN WAY ACADEMY,1513.25,2,2026-06-30,2026-06-30,different_time,1513.25,care_or_education_placement,Education (DSG Funded) & Other Education Grants,Over500_2026_P03_-_published.xlsx:2222; Over500_2026_P03_-_published.xlsx:3097
CHILTERN WAY ACADEMY,CHILTERN WAY ACADEMY,2083.33,12,2026-06-30,2026-07-03,different_time,22916.63,care_or_education_placement,Education (DSG Funded) & Other Education Grants,Over500_2026_P03_-_published.xlsx:2153; Over500_2026_P03_-_published.xlsx:2181; Over500_2026_P03_-_published.xlsx:2223; Over500_2026_P03_-_published.xlsx:3093; Over500_2026_P03_-_published.xlsx:3094; Over500_2026_P03_-_published.xlsx:3095; Over500_2026_P04_-_published.xlsx:3271; Over500_2026_P04_-_published.xlsx:3272; Over500_2026_P04_-_published.xlsx:3273; Over500_2026_P04_-_published.xlsx:3795; Over500_2026_P04_-_published.xlsx:3796; Over500_2026_P04_-_published.xlsx:3797
CHILTERN WAY ACADEMY,CHILTERN WAY ACADEMY,2205.25,4,2026-06-30,2026-06-30,different_time,6615.75,care_or_education_placement,Education (DSG Funded) & Other Education Grants,Over500_2026_P03_-_published.xlsx:2151; Over500_2026_P03_-_published.xlsx:2221; Over500_2026_P03_-_published.xlsx:2225; Over500_2026_P03_-_published.xlsx:3096
CHILTERN WAY ACADEMY,CHILTERN WAY ACADEMY,2236.89,2,2026-06-30,2026-07-03,different_time,2236.89,care_or_education_placement,Education (DSG Funded) & Other Education Grants,Over500_2026_P03_-_published.xlsx:2152; Over500_2026_P04_-_published.xlsx:3202
CHILTERN WAY ACADEMY,CHILTERN WAY ACADEMY,2620.56,2,2026-06-30,2026-07-03,different_time,2620.56,care_or_education_placement,Education (DSG Funded) & Other Education Grants,Over500_2026_P03_-_published.xlsx:2224; Over500_2026_P04_-_published.xlsx:3313
Chipside Ltd,CHIPSIDE,520.0,4,2026-06-24,2026-06-25,different_time,1560.0,general_procurement,Environment,Over500_2026_P03_-_published.xlsx:2116; Over500_2026_P03_-_published.xlsx:2140; Over500_2026_P03_-_published.xlsx:3083; Over500_2026_P03_-_published.xlsx:3084
Comfort Harmony Care Ltd,COMFORT HARMONY CARE,795.03,3,2026-05-13,2026-05-13,same_timestamp,1590.06,care_or_education_placement,Adult Social Care,Over500_2026_P02_-_published.xlsx:1167; Over500_2026_P02_-_published.xlsx:1169; Over500_2026_P02_-_published.xlsx:885
Comfort Harmony Care Ltd,COMFORT HARMONY CARE,796.96,2,2026-06-24,2026-06-24,same_timestamp,796.96,care_or_education_placement,Adult Social Care,Over500_2026_P03_-_published.xlsx:1190; Over500_2026_P03_-_published.xlsx:1191
Comfort Harmony Care Ltd,COMFORT HARMONY CARE,796.96,3,2026-07-08,2026-07-08,same_timestamp,1593.92,care_or_education_placement,Adult Social Care,Over500_2026_P04_-_published.xlsx:1231; Over500_2026_P04_-_published.xlsx:1358; Over500_2026_P04_-_published.xlsx:919
Comfort Harmony Care Ltd,COMFORT HARMONY CARE,796.96,3,2026-07-29,2026-07-29,same_timestamp,1593.92,care_or_education_placement,Adult Social Care,Over500_2026_P04_-_published.xlsx:1556; Over500_2026_P04_-_published.xlsx:1617; Over500_2026_P04_-_published.xlsx:985
Comfort Harmony Care Ltd,COMFORT HARMONY CARE,1115.72,2,2026-07-29,2026-07-29,same_timestamp,1115.72,care_or_education_placement,Adult Social Care,Over500_2026_P04_-_published.xlsx:1636; Over500_2026_P04_-_published.xlsx:2289
Comfort Harmony Care Ltd,COMFORT HARMONY CARE,1434.52,2,2026-06-24,2026-06-24,same_timestamp,1434.52,care_or_education_placement,Adult Social Care,Over500_2026_P03_-_published.xlsx:1157; Over500_2026_P03_-_published.xlsx:2783
Comfort Harmony Care Ltd,COMFORT HARMONY CARE,1434.52,2,2026-07-08,2026-07-08,same_timestamp,1434.52,care_or_education_placement,Adult Social Care,Over500_2026_P04_-_published.xlsx:1360; Over500_2026_P04_-_published.xlsx:2044
Comfort Harmony Care Ltd,COMFORT HARMONY CARE,1434.52,2,2026-07-29,2026-07-29,same_timestamp,1434.52,care_or_education_placement,Adult Social Care,Over500_2026_P04_-_published.xlsx:1558; Over500_2026_P04_-_published.xlsx:1591
Comfort Harmony Care Ltd,COMFORT HARMONY CARE,2814.72,2,2026-07-01,2026-07-08,different_time,2814.72,care_or_education_placement,Adult Social Care,Over500_2026_P04_-_published.xlsx:2955; Over500_2026_P04_-_published.xlsx:2147
Comfort Harmony Care Ltd,COMFORT HARMONY CARE,4131.36,2,2026-06-17,2026-06-17,same_timestamp,4131.36,care_or_education_placement,Adult Social Care,Over500_2026_P03_-_published.xlsx:2871; Over500_2026_P03_-_published.xlsx:2872
Comfort Harmony Care Ltd,COMFORT HARMONY CARE,4141.44,2,2026-06-17,2026-06-24,different_time,4141.44,care_or_education_placement,Adult Social Care,Over500_2026_P03_-_published.xlsx:2873; Over500_2026_P03_-_published.xlsx:1391
Comfort Harmony Care Ltd,COMFORT HARMONY CARE,4141.44,2,2026-07-08,2026-07-08,same_timestamp,4141.44,care_or_education_placement,Adult Social Care,Over500_2026_P04_-_published.xlsx:2018; Over500_2026_P04_-_published.xlsx:2802
Comfort Harmony Care Ltd,COMFORT HARMONY CARE,4141.44,2,2026-07-29,2026-07-29,same_timestamp,4141.44,care_or_education_placement,Adult Social Care,Over500_2026_P04_-_published.xlsx:2099; Over500_2026_P04_-_published.xlsx:2117
COMPASS EXECUTIVE CARS (UK) LTD,COMPASS EXECUTIVE CARS,744.0,2,2026-06-17,2026-06-22,different_time,744.0,general_procurement,Education & SEND; Education (DSG Funded) & Other Education Grants,Over500_2026_P03_-_published.xlsx:192; Over500_2026_P03_-_published.xlsx:202
COMPASS EXECUTIVE CARS (UK) LTD,COMPASS EXECUTIVE CARS,1386.0,2,2026-05-13,2026-05-13,same_timestamp,1386.0,general_procurement,Education & SEND,Over500_2026_P02_-_published.xlsx:243; Over500_2026_P02_-_published.xlsx:267
COMPASS EXECUTIVE CARS (UK) LTD,COMPASS EXECUTIVE CARS,1485.0,2,2026-06-22,2026-06-22,same_timestamp,1485.0,general_procurement,Education & SEND,Over500_2026_P03_-_published.xlsx:195; Over500_2026_P03_-_published.xlsx:331
COMPASS EXECUTIVE CARS (UK) LTD,COMPASS EXECUTIVE CARS,2178.0,2,2026-07-21,2026-07-21,same_timestamp,2178.0,general_procurement,Education & SEND,Over500_2026_P04_-_published.xlsx:162; Over500_2026_P04_-_published.xlsx:171
COMPLETE BUSINESS SOLUTIONS GROUP UK LTD,COMPLETE BUSINESS SOLUTIONS GROUP,536.57,2,2026-05-13,2026-05-18,different_time,536.57,general_procurement,"Finance, Property & Procurement",Over500_2026_P02_-_published.xlsx:171; Over500_2026_P02_-_published.xlsx:172
CONNICK TREE CARE,CONNICK TREE CARE,535.6,2,2026-07-28,2026-07-31,different_time,535.6,general_procurement,Environment,Over500_2026_P04_-_published.xlsx:410; Over500_2026_P04_-_published.xlsx:152
CONNICK TREE CARE,CONNICK TREE CARE,1009.4,6,2026-05-11,2026-06-10,different_time,5047.0,general_procurement,Environment,Over500_2026_P02_-_published.xlsx:187; Over500_2026_P02_-_published.xlsx:188; Over500_2026_P02_-_published.xlsx:191; Over500_2026_P02_-_published.xlsx:197; Over500_2026_P03_-_published.xlsx:144; Over500_2026_P03_-_published.xlsx:141
CONNICK TREE CARE,CONNICK TREE CARE,1133.0,2,2026-05-22,2026-05-28,different_time,1133.0,general_procurement,Environment,Over500_2026_P02_-_published.xlsx:192; Over500_2026_P02_-_published.xlsx:196
CREATIVE SUPPORT,CREATIVE SUPPORT,7240.24,2,2026-06-10,2026-06-10,same_timestamp,7240.24,care_or_education_placement,Adult Social Care,Over500_2026_P03_-_published.xlsx:1765; Over500_2026_P03_-_published.xlsx:2927
CREATIVE SUPPORT,CREATIVE SUPPORT,8016.0,2,2026-07-29,2026-07-29,same_timestamp,8016.0,care_or_education_placement,Adult Social Care,Over500_2026_P04_-_published.xlsx:2634; Over500_2026_P04_-_published.xlsx:3635
CRESCENT SIGNS LTD,CRESCENT SIGNS,2300.0,2,2026-05-06,2026-05-13,different_time,2300.0,general_procurement,Environment,Over500_2026_P02_-_published.xlsx:202; Over500_2026_P02_-_published.xlsx:203
D.Osteen Ltd t/a D.Osteen Homecare Support,D OSTEEN,1434.52,2,2026-07-01,2026-07-01,same_timestamp,1434.52,care_or_education_placement,Adult Social Care,Over500_2026_P04_-_published.xlsx:1175; Over500_2026_P04_-_published.xlsx:1199
D.Osteen Ltd t/a D.Osteen Homecare Support,D OSTEEN,1434.52,2,2026-07-15,2026-07-15,same_timestamp,1434.52,care_or_education_placement,Adult Social Care,Over500_2026_P04_-_published.xlsx:1527; Over500_2026_P04_-_published.xlsx:1573
DANIEL GRIFFITHS T/A BLUEBIRD PASSENGER SERVICES,DANIEL GRIFFITHS,1400.0,2,2026-05-08,2026-05-08,same_timestamp,1400.0,general_procurement,Education & SEND,Over500_2026_P02_-_published.xlsx:237; Over500_2026_P02_-_published.xlsx:286
DANIEL GRIFFITHS T/A BLUEBIRD PASSENGER SERVICES,DANIEL GRIFFITHS,1500.0,2,2026-06-02,2026-06-02,same_timestamp,1500.0,general_procurement,Education & SEND,Over500_2026_P03_-_published.xlsx:324; Over500_2026_P03_-_published.xlsx:332
DANIEL GRIFFITHS T/A BLUEBIRD PASSENGER SERVICES,DANIEL GRIFFITHS,1500.0,2,2026-07-22,2026-07-22,same_timestamp,1500.0,general_procurement,Education & SEND,Over500_2026_P04_-_published.xlsx:163; Over500_2026_P04_-_published.xlsx:240
DANIEL GRIFFITHS T/A BLUEBIRD PASSENGER SERVICES,DANIEL GRIFFITHS,2050.0,2,2026-06-30,2026-06-30,same_timestamp,2050.0,general_procurement,Education & SEND,Over500_2026_P03_-_published.xlsx:165; Over500_2026_P03_-_published.xlsx:334
Develop My Child,DEVELOP MY CHILD,1500.0,2,2026-07-16,2026-07-16,different_time,1500.0,care_or_education_placement,Education (DSG Funded) & Other Education Grants,Over500_2026_P04_-_published.xlsx:3281; Over500_2026_P04_-_published.xlsx:3805
DIMENSIONS (NSO) LTD,DIMENSIONS,528.0,2,2026-07-22,2026-07-22,same_timestamp,528.0,care_or_education_placement,Adult Social Care,Over500_2026_P04_-_published.xlsx:2493; Over500_2026_P04_-_published.xlsx:3040
DIMENSIONS (NSO) LTD,DIMENSIONS,660.52,2,2026-07-22,2026-07-22,same_timestamp,660.52,care_or_education_placement,Adult Social Care,Over500_2026_P04_-_published.xlsx:2494; Over500_2026_P04_-_published.xlsx:3042
DIMENSIONS (NSO) LTD,DIMENSIONS,660.68,2,2026-07-22,2026-07-22,same_timestamp,660.68,care_or_education_placement,Adult Social Care,Over500_2026_P04_-_published.xlsx:2449; Over500_2026_P04_-_published.xlsx:2463
DIMENSIONS (NSO) LTD,DIMENSIONS,660.8,2,2026-07-22,2026-07-22,same_timestamp,660.8,care_or_education_placement,Adult Social Care,Over500_2026_P04_-_published.xlsx:2450; Over500_2026_P04_-_published.xlsx:2462
DIMENSIONS (NSO) LTD,DIMENSIONS,683.76,2,2026-07-22,2026-07-22,same_timestamp,683.76,care_or_education_placement,Adult Social Care,Over500_2026_P04_-_published.xlsx:2477; Over500_2026_P04_-_published.xlsx:3046
DIMENSIONS (NSO) LTD,DIMENSIONS,683.92,2,2026-07-22,2026-07-22,same_timestamp,683.92,care_or_education_placement,Adult Social Care,Over500_2026_P04_-_published.xlsx:2475; Over500_2026_P04_-_published.xlsx:2504
DIMENSIONS (NSO) LTD,DIMENSIONS,684.04,2,2026-07-22,2026-07-22,same_timestamp,684.04,care_or_education_placement,Adult Social Care,Over500_2026_P04_-_published.xlsx:2470; Over500_2026_P04_-_published.xlsx:2500
DIMENSIONS (NSO) LTD,DIMENSIONS,1506.24,3,2026-07-15,2026-07-22,different_time,3012.48,care_or_education_placement,Adult Social Care,Over500_2026_P04_-_published.xlsx:2197; Over500_2026_P04_-_published.xlsx:2951; Over500_2026_P04_-_published.xlsx:2217
DIMENSIONS (NSO) LTD,DIMENSIONS,2948.54,2,2026-06-03,2026-06-04,different_time,2948.54,premises_non_procurement,Adult Social Care,Over500_2026_P03_-_published.xlsx:68; Over500_2026_P03_-_published.xlsx:85
DIMENSIONS (NSO) LTD,DIMENSIONS,4695.68,3,2026-07-15,2026-07-22,different_time,9391.36,care_or_education_placement,Adult Social Care,Over500_2026_P04_-_published.xlsx:2396; Over500_2026_P04_-_published.xlsx:2408; Over500_2026_P04_-_published.xlsx:3048
DIMENSIONS (NSO) LTD,DIMENSIONS,4857.6,2,2026-07-15,2026-07-22,different_time,4857.6,care_or_education_placement,Adult Social Care,Over500_2026_P04_-_published.xlsx:2409; Over500_2026_P04_-_published.xlsx:2471
DIMENSIONS (NSO) LTD,DIMENSIONS,5085.6,2,2026-07-15,2026-07-15,same_timestamp,5085.6,care_or_education_placement,Adult Social Care,Over500_2026_P04_-_published.xlsx:2393; Over500_2026_P04_-_published.xlsx:2394
DIMENSIONS (NSO) LTD,DIMENSIONS,5262.4,2,2026-07-15,2026-07-22,different_time,5262.4,care_or_education_placement,Adult Social Care,Over500_2026_P04_-_published.xlsx:3032; Over500_2026_P04_-_published.xlsx:2469
DIMENSIONS (NSO) LTD,DIMENSIONS,8953.72,2,2026-07-22,2026-07-22,same_timestamp,8953.72,care_or_education_placement,Adult Social Care,Over500_2026_P04_-_published.xlsx:2498; Over500_2026_P04_-_published.xlsx:3049
DIMENSIONS (NSO) LTD,DIMENSIONS,9345.28,2,2026-05-13,2026-05-13,same_timestamp,9345.28,care_or_education_placement,Adult Social Care,Over500_2026_P02_-_published.xlsx:1845; Over500_2026_P02_-_published.xlsx:1847
DIMENSIONS (NSO) LTD,DIMENSIONS,9345.28,2,2026-06-10,2026-06-10,same_timestamp,9345.28,care_or_education_placement,Adult Social Care,Over500_2026_P03_-_published.xlsx:1737; Over500_2026_P03_-_published.xlsx:1738
DIMENSIONS (NSO) LTD,DIMENSIONS,9345.28,2,2026-07-08,2026-07-08,same_timestamp,9345.28,care_or_education_placement,Adult Social Care,Over500_2026_P04_-_published.xlsx:3576; Over500_2026_P04_-_published.xlsx:3577
DIMENSIONS (NSO) LTD,DIMENSIONS,9452.48,2,2026-07-15,2026-07-22,different_time,9452.48,care_or_education_placement,Adult Social Care,Over500_2026_P04_-_published.xlsx:2427; Over500_2026_P04_-_published.xlsx:2505
DOWNVIEW RESIDENTIAL HOME LIMITED,DOWNVIEW RESIDENTIAL HOME,6221.0,2,2026-05-13,2026-05-13,same_timestamp,6221.0,care_or_education_placement,Adult Social Care,Over500_2026_P02_-_published.xlsx:1653; Over500_2026_P02_-_published.xlsx:1655
EDGE TRAINING AND CONSULTANCY LTD,EDGE TRAINING AND CONSULTANCY,700.0,2,2026-07-29,2026-07-29,different_time,700.0,general_procurement,Adult Social Care,Over500_2026_P04_-_published.xlsx:15; Over500_2026_P04_-_published.xlsx:548
ELITE SECURITY GROUP,ELITE SECURITY GROUP,553.66,2,2026-06-02,2026-06-05,different_time,553.66,general_procurement,"Adult Social Care; Finance, Property & Procurement",Over500_2026_P03_-_published.xlsx:30; Over500_2026_P03_-_published.xlsx:283
ELITE SECURITY GROUP,ELITE SECURITY GROUP,641.08,2,2026-07-07,2026-07-07,different_time,641.08,general_procurement,"Adult Social Care; Finance, Property & Procurement",Over500_2026_P04_-_published.xlsx:24; Over500_2026_P04_-_published.xlsx:68
Eniro Care Ltd,ENIRO CARE,569.24,2,2026-06-10,2026-06-10,same_timestamp,569.24,care_or_education_placement,Adult Social Care,Over500_2026_P03_-_published.xlsx:1169; Over500_2026_P03_-_published.xlsx:2826
Eniro Care Ltd,ENIRO CARE,637.56,2,2026-06-10,2026-06-10,same_timestamp,637.56,care_or_education_placement,Adult Social Care,Over500_2026_P03_-_published.xlsx:1127; Over500_2026_P03_-_published.xlsx:2695
Eniro Care Ltd,ENIRO CARE,637.56,2,2026-07-08,2026-07-08,same_timestamp,637.56,care_or_education_placement,Adult Social Care,Over500_2026_P04_-_published.xlsx:1340; Over500_2026_P04_-_published.xlsx:934
Eniro Care Ltd,ENIRO CARE,637.56,2,2026-07-29,2026-07-29,same_timestamp,637.56,care_or_education_placement,Adult Social Care,Over500_2026_P04_-_published.xlsx:1715; Over500_2026_P04_-_published.xlsx:991
Eniro Care Ltd,ENIRO CARE,795.03,2,2026-06-03,2026-06-03,same_timestamp,795.03,care_or_education_placement,Adult Social Care,Over500_2026_P03_-_published.xlsx:1043; Over500_2026_P03_-_published.xlsx:1044
Eniro Care Ltd,ENIRO CARE,796.96,2,2026-06-10,2026-06-10,same_timestamp,796.96,care_or_education_placement,Adult Social Care,Over500_2026_P03_-_published.xlsx:2759; Over500_2026_P03_-_published.xlsx:2761
Eniro Care Ltd,ENIRO CARE,796.96,3,2026-07-29,2026-07-29,same_timestamp,1593.92,care_or_education_placement,Adult Social Care,Over500_2026_P04_-_published.xlsx:1628; Over500_2026_P04_-_published.xlsx:1697; Over500_2026_P04_-_published.xlsx:1712
Eniro Care Ltd,ENIRO CARE,1113.03,3,2026-06-03,2026-06-10,different_time,2226.06,care_or_education_placement,Adult Social Care,Over500_2026_P03_-_published.xlsx:1045; Over500_2026_P03_-_published.xlsx:1091; Over500_2026_P03_-_published.xlsx:1363
Eniro Care Ltd,ENIRO CARE,1115.72,2,2026-06-10,2026-06-10,same_timestamp,1115.72,care_or_education_placement,Adult Social Care,Over500_2026_P03_-_published.xlsx:1168; Over500_2026_P03_-_published.xlsx:2760
Eniro Care Ltd,ENIRO CARE,1115.72,3,2026-07-29,2026-07-29,same_timestamp,2231.44,care_or_education_placement,Adult Social Care,Over500_2026_P04_-_published.xlsx:1629; Over500_2026_P04_-_published.xlsx:1714; Over500_2026_P04_-_published.xlsx:2386
Eniro Care Ltd,ENIRO CARE,1115.76,2,2026-07-29,2026-07-29,same_timestamp,1115.76,care_or_education_placement,Adult Social Care,Over500_2026_P04_-_published.xlsx:1551; Over500_2026_P04_-_published.xlsx:1713
Eniro Care Ltd,ENIRO CARE,1275.12,2,2026-06-10,2026-06-10,same_timestamp,1275.12,care_or_education_placement,Adult Social Care,Over500_2026_P03_-_published.xlsx:1128; Over500_2026_P03_-_published.xlsx:1172
Eniro Care Ltd,ENIRO CARE,1275.12,2,2026-07-08,2026-07-08,same_timestamp,1275.12,care_or_education_placement,Adult Social Care,Over500_2026_P04_-_published.xlsx:1342; Over500_2026_P04_-_published.xlsx:2078
Eniro Care Ltd,ENIRO CARE,1431.05,2,2026-06-03,2026-06-03,same_timestamp,1431.05,care_or_education_placement,Adult Social Care,Over500_2026_P03_-_published.xlsx:2725; Over500_2026_P03_-_published.xlsx:2726
Eniro Care Ltd,ENIRO CARE,1434.52,2,2026-06-10,2026-06-10,same_timestamp,1434.52,care_or_education_placement,Adult Social Care,Over500_2026_P03_-_published.xlsx:1086; Over500_2026_P03_-_published.xlsx:1170
Eniro Care Ltd,ENIRO CARE,1434.52,4,2026-07-29,2026-07-29,same_timestamp,4303.56,care_or_education_placement,Adult Social Care,Over500_2026_P04_-_published.xlsx:1550; Over500_2026_P04_-_published.xlsx:1657; Over500_2026_P04_-_published.xlsx:2283; Over500_2026_P04_-_published.xlsx:2387
Eniro Care Ltd,ENIRO CARE,2869.04,3,2026-07-08,2026-07-08,same_timestamp,5738.08,care_or_education_placement,Adult Social Care,Over500_2026_P04_-_published.xlsx:1444; Over500_2026_P04_-_published.xlsx:925; Over500_2026_P04_-_published.xlsx:930
Eniro Care Ltd,ENIRO CARE,4462.96,2,2026-07-29,2026-07-29,same_timestamp,4462.96,care_or_education_placement,Adult Social Care,Over500_2026_P04_-_published.xlsx:1630; Over500_2026_P04_-_published.xlsx:1728
FAMILYPLACEMENT.COM LTD,FAMILYPLACEMENT COM,1697.64,2,2026-07-14,2026-07-15,different_time,1697.64,care_or_education_placement,Children's Social Care,Over500_2026_P04_-_published.xlsx:3101; Over500_2026_P04_-_published.xlsx:3172
FD TRAVELS LIMITED T/A SCHOOL EXPRESS,FD TRAVELS,1288.0,2,2026-05-13,2026-05-13,same_timestamp,1288.0,general_procurement,Education & SEND,Over500_2026_P02_-_published.xlsx:241; Over500_2026_P02_-_published.xlsx:290
FD TRAVELS LIMITED T/A SCHOOL EXPRESS,FD TRAVELS,1380.0,2,2026-06-05,2026-06-05,same_timestamp,1380.0,general_procurement,Education & SEND,Over500_2026_P03_-_published.xlsx:164; Over500_2026_P03_-_published.xlsx:333
FD TRAVELS LIMITED T/A SCHOOL EXPRESS,FD TRAVELS,1886.0,2,2026-07-14,2026-07-14,same_timestamp,1886.0,general_procurement,Education & SEND,Over500_2026_P04_-_published.xlsx:160; Over500_2026_P04_-_published.xlsx:448
FD TRAVELS LIMITED T/A SCHOOL EXPRESS,FD TRAVELS,2744.0,2,2026-05-06,2026-05-13,different_time,2744.0,general_procurement,Education & SEND,Over500_2026_P02_-_published.xlsx:344; Over500_2026_P02_-_published.xlsx:389
FD TRAVELS LIMITED T/A SCHOOL EXPRESS,FD TRAVELS,4018.0,2,2026-07-09,2026-07-14,different_time,4018.0,general_procurement,Education & SEND,Over500_2026_P04_-_published.xlsx:467; Over500_2026_P04_-_published.xlsx:266
Fidelity Healthcare Ltd t/a Marlborough Lodge Care Home,FIDELITY HEALTHCARE,4069.75,2,2026-05-13,2026-05-13,same_timestamp,4069.75,care_or_education_placement,Adult Social Care,Over500_2026_P02_-_published.xlsx:1549; Over500_2026_P02_-_published.xlsx:1550
Fidelity Healthcare Ltd t/a Marlborough Lodge Care Home,FIDELITY HEALTHCARE,4079.6,2,2026-06-10,2026-06-10,same_timestamp,4079.6,care_or_education_placement,Adult Social Care,Over500_2026_P03_-_published.xlsx:1418; Over500_2026_P03_-_published.xlsx:1491
Fidelity Healthcare Ltd t/a Marlborough Lodge Care Home,FIDELITY HEALTHCARE,4079.6,2,2026-07-08,2026-07-08,same_timestamp,4079.6,care_or_education_placement,Adult Social Care,Over500_2026_P04_-_published.xlsx:1955; Over500_2026_P04_-_published.xlsx:1967
Fidelity Healthcare Ltd t/a Marlborough Lodge Care Home,FIDELITY HEALTHCARE,4588.41,3,2026-05-13,2026-05-13,same_timestamp,9176.82,care_or_education_placement,Adult Social Care,Over500_2026_P02_-_published.xlsx:1058; Over500_2026_P02_-_published.xlsx:1059; Over500_2026_P02_-_published.xlsx:1551
Fidelity Healthcare Ltd t/a Marlborough Lodge Care Home,FIDELITY HEALTHCARE,4599.52,3,2026-06-10,2026-06-10,same_timestamp,9199.04,care_or_education_placement,Adult Social Care,Over500_2026_P03_-_published.xlsx:1025; Over500_2026_P03_-_published.xlsx:2852; Over500_2026_P03_-_published.xlsx:984
Fidelity Healthcare Ltd t/a Marlborough Lodge Care Home,FIDELITY HEALTHCARE,4599.52,3,2026-07-08,2026-07-08,same_timestamp,9199.04,care_or_education_placement,Adult Social Care,Over500_2026_P04_-_published.xlsx:1143; Over500_2026_P04_-_published.xlsx:1162; Over500_2026_P04_-_published.xlsx:2011
Flourishing Families Assessment Service Ltd.,FLOURISHING FAMILIES ASSESSMENT SERVICE,6550.0,5,2026-06-03,2026-06-03,different_time,26200.0,care_or_education_placement,Children's Social Care,Over500_2026_P03_-_published.xlsx:1941; Over500_2026_P03_-_published.xlsx:2013; Over500_2026_P03_-_published.xlsx:2014; Over500_2026_P03_-_published.xlsx:3049; Over500_2026_P03_-_published.xlsx:3050
Flourishing Families Assessment Service Ltd.,FLOURISHING FAMILIES ASSESSMENT SERVICE,6550.0,3,2026-06-16,2026-06-16,different_time,13100.0,care_or_education_placement,Children's Social Care,Over500_2026_P03_-_published.xlsx:2036; Over500_2026_P03_-_published.xlsx:3051; Over500_2026_P03_-_published.xlsx:3052
Flourishing Families Assessment Service Ltd.,FLOURISHING FAMILIES ASSESSMENT SERVICE,6550.0,3,2026-07-13,2026-07-14,different_time,13100.0,care_or_education_placement,Children's Social Care,Over500_2026_P04_-_published.xlsx:3120; Over500_2026_P04_-_published.xlsx:3097; Over500_2026_P04_-_published.xlsx:3758
Forest Bridge School,FOREST BRIDGE SCHOOL,14156.71,2,2026-06-22,2026-06-22,different_time,14156.71,care_or_education_placement,Education (DSG Funded) & Other Education Grants,Over500_2026_P03_-_published.xlsx:3091; Over500_2026_P03_-_published.xlsx:3092
Four Corners Care Ltd.,FOUR CORNERS CARE,5310.0,2,2026-07-02,2026-07-06,different_time,5310.0,care_or_education_placement,Children's Social Care,Over500_2026_P04_-_published.xlsx:3076; Over500_2026_P04_-_published.xlsx:3056
Four Corners Care Ltd.,FOUR CORNERS CARE,5310.0,4,2026-07-15,2026-07-31,different_time,15930.0,care_or_education_placement,Children's Social Care,Over500_2026_P04_-_published.xlsx:3063; Over500_2026_P04_-_published.xlsx:3158; Over500_2026_P04_-_published.xlsx:3094; Over500_2026_P04_-_published.xlsx:3095
GCH (Alder) Ltd t/a Hungerford Care Home,GCH,2000.0,2,2026-05-06,2026-05-13,different_time,2000.0,care_or_education_placement,Adult Social Care,Over500_2026_P02_-_published.xlsx:2006; Over500_2026_P02_-_published.xlsx:2009
GCH (Alder) Ltd t/a Hungerford Care Home,GCH,5454.0,2,2026-05-20,2026-05-20,same_timestamp,5454.0,care_or_education_placement,Adult Social Care,Over500_2026_P02_-_published.xlsx:1012; Over500_2026_P02_-_published.xlsx:1068
GCH (Alder) Ltd t/a Hungerford Care Home,GCH,5454.0,2,2026-06-17,2026-06-17,same_timestamp,5454.0,care_or_education_placement,Adult Social Care,Over500_2026_P03_-_published.xlsx:1013; Over500_2026_P03_-_published.xlsx:964
GCH (Alder) Ltd t/a Hungerford Care Home,GCH,5454.0,2,2026-07-15,2026-07-15,same_timestamp,5454.0,care_or_education_placement,Adult Social Care,Over500_2026_P04_-_published.xlsx:1241; Over500_2026_P04_-_published.xlsx:1839
GCH (Alder) Ltd t/a Hungerford Care Home,GCH,5584.29,10,2026-05-20,2026-05-20,same_timestamp,50258.61,care_or_education_placement,Adult Social Care,Over500_2026_P02_-_published.xlsx:1009; Over500_2026_P02_-_published.xlsx:1010; Over500_2026_P02_-_published.xlsx:1011; Over500_2026_P02_-_published.xlsx:1065; Over500_2026_P02_-_published.xlsx:1066; Over500_2026_P02_-_published.xlsx:1500; Over500_2026_P02_-_published.xlsx:1501; Over500_2026_P02_-_published.xlsx:1502; Over500_2026_P02_-_published.xlsx:1503; Over500_2026_P02_-_published.xlsx:1570
GCH (Alder) Ltd t/a Hungerford Care Home,GCH,5600.0,5,2026-05-20,2026-05-20,same_timestamp,22400.0,care_or_education_placement,Adult Social Care,Over500_2026_P02_-_published.xlsx:1013; Over500_2026_P02_-_published.xlsx:1014; Over500_2026_P02_-_published.xlsx:1020; Over500_2026_P02_-_published.xlsx:1505; Over500_2026_P02_-_published.xlsx:1574
GCH (Alder) Ltd t/a Hungerford Care Home,GCH,5600.0,4,2026-06-17,2026-06-17,same_timestamp,16800.0,care_or_education_placement,Adult Social Care,Over500_2026_P03_-_published.xlsx:1014; Over500_2026_P03_-_published.xlsx:1337; Over500_2026_P03_-_published.xlsx:1425; Over500_2026_P03_-_published.xlsx:2712
GCH (Alder) Ltd t/a Hungerford Care Home,GCH,5600.0,3,2026-07-15,2026-07-15,same_timestamp,11200.0,care_or_education_placement,Adult Social Care,Over500_2026_P04_-_published.xlsx:1049; Over500_2026_P04_-_published.xlsx:1974; Over500_2026_P04_-_published.xlsx:1996
GCH (Alder) Ltd t/a Hungerford Care Home,GCH,5700.0,10,2026-06-17,2026-06-17,same_timestamp,51300.0,care_or_education_placement,Adult Social Care,Over500_2026_P03_-_published.xlsx:1015; Over500_2026_P03_-_published.xlsx:1383; Over500_2026_P03_-_published.xlsx:1384; Over500_2026_P03_-_published.xlsx:1478; Over500_2026_P03_-_published.xlsx:1479; Over500_2026_P03_-_published.xlsx:1496; Over500_2026_P03_-_published.xlsx:2711; Over500_2026_P03_-_published.xlsx:2719; Over500_2026_P03_-_published.xlsx:905; Over500_2026_P03_-_published.xlsx:988
GCH (Alder) Ltd t/a Hungerford Care Home,GCH,5700.0,10,2026-07-15,2026-07-15,same_timestamp,51300.0,care_or_education_placement,Adult Social Care,Over500_2026_P04_-_published.xlsx:1048; Over500_2026_P04_-_published.xlsx:1097; Over500_2026_P04_-_published.xlsx:1114; Over500_2026_P04_-_published.xlsx:1126; Over500_2026_P04_-_published.xlsx:1146; Over500_2026_P04_-_published.xlsx:1917; Over500_2026_P04_-_published.xlsx:1941; Over500_2026_P04_-_published.xlsx:1942; Over500_2026_P04_-_published.xlsx:2023; Over500_2026_P04_-_published.xlsx:2670
Glen Cleaning Company Ltd,GLEN CLEANING COMPANY,779.78,3,2026-07-23,2026-07-24,different_time,1559.56,general_procurement,"Children's Social Care; Finance, Property & Procurement",Over500_2026_P04_-_published.xlsx:138; Over500_2026_P04_-_published.xlsx:139; Over500_2026_P04_-_published.xlsx:169
Glen Cleaning Company Ltd,GLEN CLEANING COMPANY,891.09,2,2026-07-03,2026-07-06,different_time,891.09,general_procurement,Development & Housing,Over500_2026_P04_-_published.xlsx:144; Over500_2026_P04_-_published.xlsx:145
Glen Cleaning Company Ltd,GLEN CLEANING COMPANY,901.77,3,2026-07-30,2026-07-30,different_time,1803.54,general_procurement,Community Services,Over500_2026_P04_-_published.xlsx:126; Over500_2026_P04_-_published.xlsx:141; Over500_2026_P04_-_published.xlsx:142
Glen Cleaning Company Ltd,GLEN CLEANING COMPANY,1533.99,2,2026-07-28,2026-07-28,different_time,1533.99,general_procurement,Children's Social Care,Over500_2026_P04_-_published.xlsx:128; Over500_2026_P04_-_published.xlsx:129
Global Mediation,GLOBAL MEDIATION,625.0,21,2026-07-15,2026-07-16,different_time,12500.0,care_or_education_placement,Education (DSG Funded) & Other Education Grants,Over500_2026_P04_-_published.xlsx:3203; Over500_2026_P04_-_published.xlsx:3204; Over500_2026_P04_-_published.xlsx:3235; Over500_2026_P04_-_published.xlsx:3274; Over500_2026_P04_-_published.xlsx:3275; Over500_2026_P04_-_published.xlsx:3276; Over500_2026_P04_-_published.xlsx:3277; Over500_2026_P04_-_published.xlsx:3278; Over500_2026_P04_-_published.xlsx:3314; Over500_2026_P04_-_published.xlsx:3316; Over500_2026_P04_-_published.xlsx:3317; Over500_2026_P04_-_published.xlsx:3318; Over500_2026_P04_-_published.xlsx:3319; Over500_2026_P04_-_published.xlsx:3798; Over500_2026_P04_-_published.xlsx:3799; Over500_2026_P04_-_published.xlsx:3800; Over500_2026_P04_-_published.xlsx:3236; Over500_2026_P04_-_published.xlsx:3237; Over500_2026_P04_-_published.xlsx:3280; Over500_2026_P04_-_published.xlsx:3320; Over500_2026_P04_-_published.xlsx:3801
Go Green Taxis Ltd,GO GREEN TAXIS,962.6,3,2026-07-23,2026-07-23,same_timestamp,1925.2,general_procurement,Children's Social Care,Over500_2026_P04_-_published.xlsx:353; Over500_2026_P04_-_published.xlsx:357; Over500_2026_P04_-_published.xlsx:484
Goldcrest Care Services,GOLDCREST CARE SERVICES,626.18,2,2026-06-24,2026-07-01,different_time,626.18,care_or_education_placement,Adult Social Care,Over500_2026_P03_-_published.xlsx:1316; Over500_2026_P04_-_published.xlsx:1220
Goldcrest Care Services,GOLDCREST CARE SERVICES,637.56,4,2026-06-24,2026-06-24,same_timestamp,1912.68,care_or_education_placement,Adult Social Care,Over500_2026_P03_-_published.xlsx:1252; Over500_2026_P03_-_published.xlsx:1256; Over500_2026_P03_-_published.xlsx:1861; Over500_2026_P03_-_published.xlsx:2884
Goldcrest Care Services,GOLDCREST CARE SERVICES,637.56,4,2026-07-15,2026-07-15,same_timestamp,1912.68,care_or_education_placement,Adult Social Care,Over500_2026_P04_-_published.xlsx:1574; Over500_2026_P04_-_published.xlsx:1773; Over500_2026_P04_-_published.xlsx:2038; Over500_2026_P04_-_published.xlsx:3641
Goldcrest Care Services,GOLDCREST CARE SERVICES,796.96,3,2026-06-24,2026-06-24,same_timestamp,1593.92,care_or_education_placement,Adult Social Care,Over500_2026_P03_-_published.xlsx:1254; Over500_2026_P03_-_published.xlsx:1262; Over500_2026_P03_-_published.xlsx:1277
Goldcrest Care Services,GOLDCREST CARE SERVICES,796.96,3,2026-07-15,2026-07-15,same_timestamp,1593.92,care_or_education_placement,Adult Social Care,Over500_2026_P04_-_published.xlsx:1506; Over500_2026_P04_-_published.xlsx:1578; Over500_2026_P04_-_published.xlsx:2211
Goldcrest Care Services,GOLDCREST CARE SERVICES,1115.72,2,2026-07-15,2026-07-17,different_time,1115.72,care_or_education_placement,Adult Social Care,Over500_2026_P04_-_published.xlsx:1579; Over500_2026_P04_-_published.xlsx:2215
GP HOMECARE LTD/TA RADIS COMM CARE,GP HOMECARE TA RADIS COMM CARE,4585.92,2,2026-07-08,2026-07-08,same_timestamp,4585.92,care_or_education_placement,Adult Social Care,Over500_2026_P04_-_published.xlsx:893; Over500_2026_P04_-_published.xlsx:894
Holistic Housing & Care Ltd,HOLISTIC HOUSING AND CARE,2573.48,2,2026-05-20,2026-05-20,same_timestamp,2573.48,care_or_education_placement,Adult Social Care,Over500_2026_P02_-_published.xlsx:1938; Over500_2026_P02_-_published.xlsx:1939
Holistic Housing & Care Ltd,HOLISTIC HOUSING AND CARE,2663.72,2,2026-07-15,2026-07-15,same_timestamp,2663.72,care_or_education_placement,Adult Social Care,Over500_2026_P04_-_published.xlsx:2790; Over500_2026_P04_-_published.xlsx:2836
HOUSING CARE 21,HOUSING CARE 21,679.68,3,2026-05-20,2026-05-20,same_timestamp,1359.36,care_or_education_placement,Adult Social Care,Over500_2026_P02_-_published.xlsx:1380; Over500_2026_P02_-_published.xlsx:1381; Over500_2026_P02_-_published.xlsx:1382
HOUSING CARE 21,HOUSING CARE 21,869.52,2,2026-05-20,2026-05-20,same_timestamp,869.52,care_or_education_placement,Adult Social Care,Over500_2026_P02_-_published.xlsx:1384; Over500_2026_P02_-_published.xlsx:1385
HOUSING CARE 21,HOUSING CARE 21,1699.56,2,2026-07-01,2026-07-01,same_timestamp,1699.56,care_or_education_placement,Adult Social Care,Over500_2026_P04_-_published.xlsx:1719; Over500_2026_P04_-_published.xlsx:1731
HOUSING CARE 21,HOUSING CARE 21,3626.26,3,2026-05-13,2026-05-13,same_timestamp,7252.52,care_or_education_placement,Adult Social Care,Over500_2026_P02_-_published.xlsx:1371; Over500_2026_P02_-_published.xlsx:1373; Over500_2026_P02_-_published.xlsx:1375
Huckleberry House,HUCKLEBERRY HOUSE,30918.75,3,2026-05-26,2026-05-26,different_time,61837.5,care_or_education_placement,Education (DSG Funded) & Other Education Grants,Over500_2026_P02_-_published.xlsx:2266; Over500_2026_P02_-_published.xlsx:2267; Over500_2026_P02_-_published.xlsx:2269
I.V Care Limited t/a Good Oaks Home Care (Reading),I V CARE,546.49,2,2026-07-29,2026-07-29,same_timestamp,546.49,care_or_education_placement,Adult Social Care,Over500_2026_P04_-_published.xlsx:1597; Over500_2026_P04_-_published.xlsx:967
I.V Care Limited t/a Good Oaks Home Care (Reading),I V CARE,637.56,5,2026-06-17,2026-07-01,different_time,2550.24,care_or_education_placement,Adult Social Care,Over500_2026_P03_-_published.xlsx:1136; Over500_2026_P03_-_published.xlsx:1969; Over500_2026_P03_-_published.xlsx:1194; Over500_2026_P04_-_published.xlsx:1205; Over500_2026_P04_-_published.xlsx:2996
I.V Care Limited t/a Good Oaks Home Care (Reading),I V CARE,637.56,4,2026-07-29,2026-07-29,same_timestamp,1912.68,care_or_education_placement,Adult Social Care,Over500_2026_P04_-_published.xlsx:1596; Over500_2026_P04_-_published.xlsx:1599; Over500_2026_P04_-_published.xlsx:1644; Over500_2026_P04_-_published.xlsx:2997
I.V Care Limited t/a Good Oaks Home Care (Reading),I V CARE,785.58,2,2026-06-24,2026-07-01,different_time,785.58,care_or_education_placement,Adult Social Care,Over500_2026_P03_-_published.xlsx:1263; Over500_2026_P04_-_published.xlsx:1250
I.V Care Limited t/a Good Oaks Home Care (Reading),I V CARE,796.96,5,2026-06-24,2026-07-01,different_time,3187.84,care_or_education_placement,Adult Social Care,Over500_2026_P03_-_published.xlsx:1161; Over500_2026_P03_-_published.xlsx:1193; Over500_2026_P04_-_published.xlsx:1208; Over500_2026_P04_-_published.xlsx:1221; Over500_2026_P04_-_published.xlsx:1770
I.V Care Limited t/a Good Oaks Home Care (Reading),I V CARE,796.96,2,2026-07-29,2026-07-29,same_timestamp,796.96,care_or_education_placement,Adult Social Care,Over500_2026_P04_-_published.xlsx:1598; Over500_2026_P04_-_published.xlsx:1620
I.V Care Limited t/a Good Oaks Home Care (Reading),I V CARE,1001.88,2,2026-06-24,2026-07-01,different_time,1001.88,care_or_education_placement,Adult Social Care,Over500_2026_P03_-_published.xlsx:1562; Over500_2026_P04_-_published.xlsx:1979
I.V Care Limited t/a Good Oaks Home Care (Reading),I V CARE,1912.68,2,2026-06-24,2026-07-01,different_time,1912.68,care_or_education_placement,Adult Social Care,Over500_2026_P03_-_published.xlsx:2786; Over500_2026_P04_-_published.xlsx:1207
I.V Care Limited t/a Good Oaks Home Care (Reading),I V CARE,2869.04,3,2026-06-24,2026-07-01,different_time,5738.08,care_or_education_placement,Adult Social Care,Over500_2026_P03_-_published.xlsx:2785; Over500_2026_P04_-_published.xlsx:1206; Over500_2026_P04_-_published.xlsx:918
I.V Care Limited t/a Good Oaks Home Care (Reading),I V CARE,5291.04,2,2026-05-06,2026-05-13,different_time,5291.04,care_or_education_placement,Adult Social Care,Over500_2026_P02_-_published.xlsx:1582; Over500_2026_P02_-_published.xlsx:1591
I.V Care Limited t/a Good Oaks Home Care (Reading),I V CARE,5304.0,3,2026-06-24,2026-07-01,different_time,10608.0,care_or_education_placement,Adult Social Care,Over500_2026_P03_-_published.xlsx:1392; Over500_2026_P03_-_published.xlsx:1432; Over500_2026_P04_-_published.xlsx:1980
ILLUMINANCE FOSTERING SERVICE,ILLUMINANCE FOSTERING SERVICE,5892.9,2,2026-05-13,2026-05-13,different_time,5892.9,care_or_education_placement,Children's Social Care,Over500_2026_P02_-_published.xlsx:2060; Over500_2026_P02_-_published.xlsx:2065
ILLUMINANCE FOSTERING SERVICE,ILLUMINANCE FOSTERING SERVICE,5892.9,2,2026-07-29,2026-07-29,different_time,5892.9,care_or_education_placement,Children's Social Care,Over500_2026_P04_-_published.xlsx:3130; Over500_2026_P04_-_published.xlsx:3763
ILLUMINANCE FOSTERING SERVICE,ILLUMINANCE FOSTERING SERVICE,6089.33,2,2026-05-13,2026-05-13,different_time,6089.33,care_or_education_placement,Children's Social Care,Over500_2026_P02_-_published.xlsx:2061; Over500_2026_P02_-_published.xlsx:2066
Inclusion Hampshire/Inclusion College,INCLUSION HAMPSHIRE INCLUSION COLLEGE,7833.34,2,2026-06-30,2026-06-30,different_time,7833.34,care_or_education_placement,Education (DSG Funded) & Other Education Grants,Over500_2026_P03_-_published.xlsx:2330; Over500_2026_P03_-_published.xlsx:3121
INDEPENDENCE WITH DIGNITY SUPPORT SERVICES LTD,INDEPENDENCE WITH DIGNITY SUPPORT SERVICES,644.28,2,2026-07-08,2026-07-08,same_timestamp,644.28,care_or_education_placement,Adult Social Care,Over500_2026_P04_-_published.xlsx:1228; Over500_2026_P04_-_published.xlsx:3010
INDEPENDENCE WITH DIGNITY SUPPORT SERVICES LTD,INDEPENDENCE WITH DIGNITY SUPPORT SERVICES,644.28,2,2026-07-22,2026-07-29,different_time,644.28,care_or_education_placement,Adult Social Care,Over500_2026_P04_-_published.xlsx:2128; Over500_2026_P04_-_published.xlsx:1638
Interakt Community Limited,INTERAKT COMMUNITY,512.01,3,2026-06-17,2026-06-17,same_timestamp,1024.02,care_or_education_placement,Adult Social Care,Over500_2026_P03_-_published.xlsx:1727; Over500_2026_P03_-_published.xlsx:1745; Over500_2026_P03_-_published.xlsx:2966
Interakt Community Limited,INTERAKT COMMUNITY,512.01,2,2026-07-15,2026-07-15,same_timestamp,512.01,care_or_education_placement,Adult Social Care,Over500_2026_P04_-_published.xlsx:2620; Over500_2026_P04_-_published.xlsx:2643
Interakt Community Limited,INTERAKT COMMUNITY,707.52,2,2026-06-03,2026-06-10,different_time,707.52,care_or_education_placement,Adult Social Care,Over500_2026_P03_-_published.xlsx:1791; Over500_2026_P03_-_published.xlsx:1743
Interakt Community Limited,INTERAKT COMMUNITY,772.69,2,2026-07-15,2026-07-15,same_timestamp,772.69,care_or_education_placement,Adult Social Care,Over500_2026_P04_-_published.xlsx:2597; Over500_2026_P04_-_published.xlsx:2598
Interakt Community Limited,INTERAKT COMMUNITY,780.97,2,2026-06-17,2026-06-17,same_timestamp,780.97,care_or_education_placement,Adult Social Care,Over500_2026_P03_-_published.xlsx:1799; Over500_2026_P03_-_published.xlsx:2968
ISP Childcare Ltd,ISP CHILDCARE,5311.8,2,2026-06-25,2026-06-25,different_time,5311.8,care_or_education_placement,Children's Social Care,Over500_2026_P03_-_published.xlsx:2022; Over500_2026_P03_-_published.xlsx:2023
ISP Childcare Ltd,ISP CHILDCARE,5488.86,2,2026-05-27,2026-05-27,same_timestamp,5488.86,care_or_education_placement,Children's Social Care,Over500_2026_P02_-_published.xlsx:2115; Over500_2026_P02_-_published.xlsx:2116
ISP Childcare Ltd,ISP CHILDCARE,5488.86,2,2026-07-22,2026-07-22,different_time,5488.86,care_or_education_placement,Children's Social Care,Over500_2026_P04_-_published.xlsx:3126; Over500_2026_P04_-_published.xlsx:3761
ISP Childcare Ltd,ISP CHILDCARE,6531.9,2,2026-06-25,2026-06-25,different_time,6531.9,care_or_education_placement,Children's Social Care,Over500_2026_P03_-_published.xlsx:2045; Over500_2026_P03_-_published.xlsx:3060
ISP Childcare Ltd,ISP CHILDCARE,6749.63,2,2026-05-27,2026-05-27,same_timestamp,6749.63,care_or_education_placement,Children's Social Care,Over500_2026_P02_-_published.xlsx:2117; Over500_2026_P02_-_published.xlsx:2118
ISP Childcare Ltd,ISP CHILDCARE,6749.63,2,2026-07-22,2026-07-22,different_time,6749.63,care_or_education_placement,Children's Social Care,Over500_2026_P04_-_published.xlsx:3103; Over500_2026_P04_-_published.xlsx:3128
Johav Care support Healthcare Limited,JOHAV CARE SUPPORT HEALTHCARE,1819.2,3,2026-07-29,2026-07-29,same_timestamp,3638.4,care_or_education_placement,Adult Social Care,Over500_2026_P04_-_published.xlsx:2625; Over500_2026_P04_-_published.xlsx:2627; Over500_2026_P04_-_published.xlsx:3734
KB Real Estate Management Ltd,KB REAL ESTATE MANAGEMENT,1350.0,9,2026-05-19,2026-05-22,different_time,10800.0,premises_non_procurement,Development & Housing,Over500_2026_P02_-_published.xlsx:117; Over500_2026_P02_-_published.xlsx:118; Over500_2026_P02_-_published.xlsx:119; Over500_2026_P02_-_published.xlsx:120; Over500_2026_P02_-_published.xlsx:121; Over500_2026_P02_-_published.xlsx:126; Over500_2026_P02_-_published.xlsx:127; Over500_2026_P02_-_published.xlsx:130; Over500_2026_P02_-_published.xlsx:139
KB Real Estate Management Ltd,KB REAL ESTATE MANAGEMENT,1350.0,8,2026-07-22,2026-07-23,different_time,9450.0,premises_non_procurement,Development & Housing,Over500_2026_P04_-_published.xlsx:111; Over500_2026_P04_-_published.xlsx:119; Over500_2026_P04_-_published.xlsx:391; Over500_2026_P04_-_published.xlsx:95; Over500_2026_P04_-_published.xlsx:97; Over500_2026_P04_-_published.xlsx:100; Over500_2026_P04_-_published.xlsx:121; Over500_2026_P04_-_published.xlsx:393
KB Real Estate Management Ltd,KB REAL ESTATE MANAGEMENT,1395.0,9,2026-06-10,2026-06-16,different_time,11160.0,premises_non_procurement,Development & Housing,Over500_2026_P03_-_published.xlsx:107; Over500_2026_P03_-_published.xlsx:122; Over500_2026_P03_-_published.xlsx:123; Over500_2026_P03_-_published.xlsx:124; Over500_2026_P03_-_published.xlsx:296; Over500_2026_P03_-_published.xlsx:90; Over500_2026_P03_-_published.xlsx:91; Over500_2026_P03_-_published.xlsx:111; Over500_2026_P03_-_published.xlsx:300
KB Real Estate Management Ltd,KB REAL ESTATE MANAGEMENT,1800.0,6,2026-05-21,2026-05-22,different_time,9000.0,premises_non_procurement,Development & Housing,Over500_2026_P02_-_published.xlsx:125; Over500_2026_P02_-_published.xlsx:129; Over500_2026_P02_-_published.xlsx:134; Over500_2026_P02_-_published.xlsx:135; Over500_2026_P02_-_published.xlsx:136; Over500_2026_P02_-_published.xlsx:140
KB Real Estate Management Ltd,KB REAL ESTATE MANAGEMENT,1800.0,6,2026-07-22,2026-07-23,different_time,9000.0,premises_non_procurement,Development & Housing,Over500_2026_P04_-_published.xlsx:96; Over500_2026_P04_-_published.xlsx:101; Over500_2026_P04_-_published.xlsx:120; Over500_2026_P04_-_published.xlsx:122; Over500_2026_P04_-_published.xlsx:123; Over500_2026_P04_-_published.xlsx:99
KB Real Estate Management Ltd,KB REAL ESTATE MANAGEMENT,1860.0,6,2026-06-16,2026-06-17,different_time,9300.0,premises_non_procurement,Development & Housing,Over500_2026_P03_-_published.xlsx:109; Over500_2026_P03_-_published.xlsx:113; Over500_2026_P03_-_published.xlsx:127; Over500_2026_P03_-_published.xlsx:298; Over500_2026_P03_-_published.xlsx:301; Over500_2026_P03_-_published.xlsx:92
KB Real Estate Management Ltd,KB REAL ESTATE MANAGEMENT,2850.0,2,2026-07-23,2026-07-23,different_time,2850.0,premises_non_procurement,Development & Housing,Over500_2026_P04_-_published.xlsx:113; Over500_2026_P04_-_published.xlsx:98
KENNET VALLEY CATERPILLARS,KENNET VALLEY CATERPILLARS,1000.0,2,2026-07-02,2026-07-02,same_timestamp,1000.0,grant,Education (DSG Funded) & Other Education Grants,Over500_2026_P04_-_published.xlsx:1263; Over500_2026_P04_-_published.xlsx:764
LIAISE LODDON LTD,LIAISE LODDON,7560.0,2,2026-06-24,2026-07-01,different_time,7560.0,care_or_education_placement,Adult Social Care,Over500_2026_P03_-_published.xlsx:1441; Over500_2026_P04_-_published.xlsx:2823
LIAISE LODDON LTD,LIAISE LODDON,14721.68,3,2026-06-24,2026-07-01,different_time,29443.36,care_or_education_placement,Adult Social Care,Over500_2026_P03_-_published.xlsx:1440; Over500_2026_P03_-_published.xlsx:1514; Over500_2026_P04_-_published.xlsx:2179
LIAISE LODDON LTD,LIAISE LODDON,14806.32,2,2026-06-24,2026-07-01,different_time,14806.32,care_or_education_placement,Adult Social Care,Over500_2026_P03_-_published.xlsx:1602; Over500_2026_P04_-_published.xlsx:2133
LOCAL GOVERNMENT PROPERTY CONSULTANTS (LGPC),LOCAL GOVERNMENT PROPERTY CONSULTANTS,4925.0,2,2026-06-25,2026-06-25,different_time,4925.0,general_procurement,"Finance, Property & Procurement",Over500_2026_P03_-_published.xlsx:459; Over500_2026_P03_-_published.xlsx:467
MAISHA STAFFING SOLUTIONS LTD,MAISHA STAFFING SOLUTIONS,585.0,2,2026-05-28,2026-05-28,same_timestamp,585.0,general_procurement,Children's Social Care,Over500_2026_P02_-_published.xlsx:226; Over500_2026_P02_-_published.xlsx:227
MAISHA STAFFING SOLUTIONS LTD,MAISHA STAFFING SOLUTIONS,585.0,2,2026-06-24,2026-06-24,same_timestamp,585.0,general_procurement,Children's Social Care,Over500_2026_P03_-_published.xlsx:198; Over500_2026_P03_-_published.xlsx:322
MAISHA STAFFING SOLUTIONS LTD,MAISHA STAFFING SOLUTIONS,765.0,2,2026-06-17,2026-06-17,same_timestamp,765.0,general_procurement,Children's Social Care,Over500_2026_P03_-_published.xlsx:2607; Over500_2026_P03_-_published.xlsx:2762
MAISHA STAFFING SOLUTIONS LTD,MAISHA STAFFING SOLUTIONS,975.0,2,2026-07-29,2026-07-29,same_timestamp,975.0,general_procurement,Children's Social Care,Over500_2026_P04_-_published.xlsx:282; Over500_2026_P04_-_published.xlsx:432
MAISHA STAFFING SOLUTIONS LTD,MAISHA STAFFING SOLUTIONS,1404.0,2,2026-06-10,2026-06-10,same_timestamp,1404.0,general_procurement,Children's Social Care,Over500_2026_P03_-_published.xlsx:2662; Over500_2026_P03_-_published.xlsx:2771
MAISHA STAFFING SOLUTIONS LTD,MAISHA STAFFING SOLUTIONS,2242.5,2,2026-05-27,2026-05-27,same_timestamp,2242.5,general_procurement,Children's Social Care,Over500_2026_P02_-_published.xlsx:2612; Over500_2026_P02_-_published.xlsx:2613
MAISHA STAFFING SOLUTIONS LTD,MAISHA STAFFING SOLUTIONS,2242.5,2,2026-06-25,2026-06-25,same_timestamp,2242.5,general_procurement,Children's Social Care,Over500_2026_P03_-_published.xlsx:2628; Over500_2026_P03_-_published.xlsx:3361
MAISHA STAFFING SOLUTIONS LTD,MAISHA STAFFING SOLUTIONS,3737.5,2,2026-07-29,2026-07-29,same_timestamp,3737.5,general_procurement,Children's Social Care,Over500_2026_P04_-_published.xlsx:3663; Over500_2026_P04_-_published.xlsx:3894
Manor Primary School,MANOR PRIMARY SCHOOL,1598.67,2,2026-07-16,2026-07-16,same_timestamp,1598.67,care_or_education_placement,Education (DSG Funded) & Other Education Grants,Over500_2026_P04_-_published.xlsx:3256; Over500_2026_P04_-_published.xlsx:3337
Mark Dillon t/a Penmar Transport Ltd,MARK DILLON,560.0,2,2026-06-03,2026-06-10,different_time,560.0,care_or_education_placement,Adult Social Care,Over500_2026_P03_-_published.xlsx:1741; Over500_2026_P03_-_published.xlsx:1724
MARY HARE SCHOOL,MARY HARE SCHOOL,13543.0,2,2026-05-14,2026-05-14,different_time,13543.0,care_or_education_placement,Education (DSG Funded) & Other Education Grants,Over500_2026_P02_-_published.xlsx:2224; Over500_2026_P02_-_published.xlsx:2226
MARY HARE SCHOOL,MARY HARE SCHOOL,13871.0,2,2026-05-12,2026-05-12,same_timestamp,13871.0,care_or_education_placement,Education (DSG Funded) & Other Education Grants,Over500_2026_P02_-_published.xlsx:2219; Over500_2026_P02_-_published.xlsx:2220
Mcnaha Limited,MCNAHA,4680.44,2,2026-05-28,2026-06-03,different_time,4680.44,care_or_education_placement,Children's Social Care,Over500_2026_P02_-_published.xlsx:2087; Over500_2026_P03_-_published.xlsx:1996
Milkwood Care Ltd - Applewood Care Home,MILKWOOD CARE APPLEWOOD CARE HOME,5782.0,2,2026-05-13,2026-05-13,same_timestamp,5782.0,care_or_education_placement,Adult Social Care,Over500_2026_P02_-_published.xlsx:1562; Over500_2026_P02_-_published.xlsx:1563
Milkwood Care Ltd - Applewood Care Home,MILKWOOD CARE APPLEWOOD CARE HOME,5796.0,2,2026-06-10,2026-06-10,same_timestamp,5796.0,care_or_education_placement,Adult Social Care,Over500_2026_P03_-_published.xlsx:1353; Over500_2026_P03_-_published.xlsx:1421
MINSTEAD TRUST,MINSTEAD TRUST,5919.76,2,2026-07-29,2026-07-29,same_timestamp,5919.76,care_or_education_placement,Adult Social Care,Over500_2026_P04_-_published.xlsx:2484; Over500_2026_P04_-_published.xlsx:3359
MR I GRAHAM T/A Community Safety Training,MR I GRAHAM,600.0,2,2026-06-01,2026-06-01,different_time,600.0,general_procurement,Adult Social Care,Over500_2026_P03_-_published.xlsx:24; Over500_2026_P03_-_published.xlsx:25
The National Fostering Agency Ltd,NATIONAL FOSTERING AGENCY,2263.52,2,2026-06-09,2026-06-09,different_time,2263.52,care_or_education_placement,Children's Social Care,Over500_2026_P03_-_published.xlsx:2040; Over500_2026_P03_-_published.xlsx:2041
The National Fostering Agency Ltd,NATIONAL FOSTERING AGENCY,4244.1,2,2026-07-14,2026-07-14,different_time,4244.1,care_or_education_placement,Children's Social Care,Over500_2026_P04_-_published.xlsx:3099; Over500_2026_P04_-_published.xlsx:3100
The National Fostering Agency Ltd,NATIONAL FOSTERING AGENCY,4385.57,2,2026-06-04,2026-06-09,different_time,4385.57,care_or_education_placement,Children's Social Care,Over500_2026_P03_-_published.xlsx:2018; Over500_2026_P03_-_published.xlsx:2039
THE NEWBURY COMMUNITY RESOURCE CENTRE LTD,NEWBURY COMMUNITY RESOURCE CENTRE,547.7,4,2026-05-20,2026-05-20,same_timestamp,1643.1,care_or_education_placement,Adult Social Care,Over500_2026_P02_-_published.xlsx:793; Over500_2026_P02_-_published.xlsx:796; Over500_2026_P02_-_published.xlsx:801; Over500_2026_P02_-_published.xlsx:808
THE NEWBURY COMMUNITY RESOURCE CENTRE LTD,NEWBURY COMMUNITY RESOURCE CENTRE,657.24,2,2026-05-20,2026-05-20,same_timestamp,657.24,care_or_education_placement,Adult Social Care,Over500_2026_P02_-_published.xlsx:797; Over500_2026_P02_-_published.xlsx:802
THE NEWBURY COMMUNITY RESOURCE CENTRE LTD,NEWBURY COMMUNITY RESOURCE CENTRE,712.01,3,2026-05-20,2026-05-20,same_timestamp,1424.02,care_or_education_placement,Adult Social Care,Over500_2026_P02_-_published.xlsx:798; Over500_2026_P02_-_published.xlsx:805; Over500_2026_P02_-_published.xlsx:831
THE NEWBURY COMMUNITY RESOURCE CENTRE LTD,NEWBURY COMMUNITY RESOURCE CENTRE,985.86,2,2026-05-20,2026-05-20,same_timestamp,985.86,care_or_education_placement,Adult Social Care,Over500_2026_P02_-_published.xlsx:792; Over500_2026_P02_-_published.xlsx:795
THE NEWBURY COMMUNITY RESOURCE CENTRE LTD,NEWBURY COMMUNITY RESOURCE CENTRE,1204.94,4,2026-05-20,2026-05-20,same_timestamp,3614.82,care_or_education_placement,Adult Social Care,Over500_2026_P02_-_published.xlsx:791; Over500_2026_P02_-_published.xlsx:806; Over500_2026_P02_-_published.xlsx:807; Over500_2026_P02_-_published.xlsx:832
THE NEWBURY COMMUNITY RESOURCE CENTRE LTD,NEWBURY COMMUNITY RESOURCE CENTRE,8333.33,2,2026-07-14,2026-07-14,same_timestamp,8333.33,grant,Development & Housing,Over500_2026_P04_-_published.xlsx:1273; Over500_2026_P04_-_published.xlsx:773
Next Step Services,NEXT STEP SERVICES,1946.7,5,2026-05-27,2026-06-01,different_time,7786.8,care_or_education_placement,Children's Social Care,Over500_2026_P02_-_published.xlsx:2150; Over500_2026_P02_-_published.xlsx:2153; Over500_2026_P02_-_published.xlsx:2154; Over500_2026_P02_-_published.xlsx:2156; Over500_2026_P03_-_published.xlsx:2051
Next Step Services,NEXT STEP SERVICES,1992.86,2,2026-05-27,2026-05-27,same_timestamp,1992.86,care_or_education_placement,Children's Social Care,Over500_2026_P02_-_published.xlsx:2151; Over500_2026_P02_-_published.xlsx:2152
Next Step Services,NEXT STEP SERVICES,3531.43,2,2026-05-29,2026-05-29,same_timestamp,3531.43,care_or_education_placement,Children's Social Care,Over500_2026_P02_-_published.xlsx:2135; Over500_2026_P02_-_published.xlsx:2136
Next Step Services,NEXT STEP SERVICES,3531.43,2,2026-07-03,2026-07-08,different_time,3531.43,care_or_education_placement,Children's Social Care,Over500_2026_P04_-_published.xlsx:3218; Over500_2026_P04_-_published.xlsx:3111
Next Step Services,NEXT STEP SERVICES,3677.14,2,2026-07-07,2026-07-09,different_time,3677.14,care_or_education_placement,Children's Social Care,Over500_2026_P04_-_published.xlsx:3110; Over500_2026_P04_-_published.xlsx:3221
Next Step Services,NEXT STEP SERVICES,3799.71,2,2026-06-10,2026-06-17,different_time,3799.71,care_or_education_placement,Children's Social Care,Over500_2026_P03_-_published.xlsx:3068; Over500_2026_P03_-_published.xlsx:3070
Next Step Services,NEXT STEP SERVICES,3844.93,2,2026-05-29,2026-05-29,different_time,3844.93,care_or_education_placement,Children's Social Care,Over500_2026_P02_-_published.xlsx:2133; Over500_2026_P02_-_published.xlsx:2139
Next Step Services,NEXT STEP SERVICES,3990.64,2,2026-05-29,2026-05-29,different_time,3990.64,care_or_education_placement,Children's Social Care,Over500_2026_P02_-_published.xlsx:2134; Over500_2026_P02_-_published.xlsx:2138
Next Step Services,NEXT STEP SERVICES,7476.86,3,2026-07-02,2026-07-02,different_time,14953.72,care_or_education_placement,Children's Social Care,Over500_2026_P04_-_published.xlsx:3141; Over500_2026_P04_-_published.xlsx:3178; Over500_2026_P04_-_published.xlsx:3771
Noubles Healthcare Ltd,NOUBLES HEALTHCARE,726.0,2,2026-05-06,2026-05-06,same_timestamp,726.0,care_or_education_placement,Adult Social Care,Over500_2026_P02_-_published.xlsx:1093; Over500_2026_P02_-_published.xlsx:1096
Noubles Healthcare Ltd,NOUBLES HEALTHCARE,796.96,2,2026-07-29,2026-07-29,same_timestamp,796.96,care_or_education_placement,Adult Social Care,Over500_2026_P04_-_published.xlsx:2285; Over500_2026_P04_-_published.xlsx:2749
Noubles Healthcare Ltd,NOUBLES HEALTHCARE,954.05,2,2026-05-20,2026-05-20,same_timestamp,954.05,care_or_education_placement,Adult Social Care,Over500_2026_P02_-_published.xlsx:1233; Over500_2026_P02_-_published.xlsx:1244
Noubles Healthcare Ltd,NOUBLES HEALTHCARE,956.36,2,2026-06-10,2026-06-10,same_timestamp,956.36,care_or_education_placement,Adult Social Care,Over500_2026_P03_-_published.xlsx:1117; Over500_2026_P03_-_published.xlsx:2737
Noubles Healthcare Ltd,NOUBLES HEALTHCARE,1075.89,2,2026-06-10,2026-06-10,same_timestamp,1075.89,care_or_education_placement,Adult Social Care,Over500_2026_P03_-_published.xlsx:1051; Over500_2026_P03_-_published.xlsx:1052
Noubles Healthcare Ltd,NOUBLES HEALTHCARE,1078.0,2,2026-05-01,2026-05-01,same_timestamp,1078.0,care_or_education_placement,Adult Social Care,Over500_2026_P02_-_published.xlsx:1079; Over500_2026_P02_-_published.xlsx:1080
Noubles Healthcare Ltd,NOUBLES HEALTHCARE,1090.26,2,2026-05-20,2026-05-20,same_timestamp,1090.26,care_or_education_placement,Adult Social Care,Over500_2026_P02_-_published.xlsx:1228; Over500_2026_P02_-_published.xlsx:1313
Noubles Healthcare Ltd,NOUBLES HEALTHCARE,1113.03,2,2026-05-20,2026-05-20,same_timestamp,1113.03,care_or_education_placement,Adult Social Care,Over500_2026_P02_-_published.xlsx:1230; Over500_2026_P02_-_published.xlsx:1242
Noubles Healthcare Ltd,NOUBLES HEALTHCARE,1115.72,4,2026-06-10,2026-06-10,same_timestamp,3347.16,care_or_education_placement,Adult Social Care,Over500_2026_P03_-_published.xlsx:1116; Over500_2026_P03_-_published.xlsx:2734; Over500_2026_P03_-_published.xlsx:2735; Over500_2026_P03_-_published.xlsx:2736
Noubles Healthcare Ltd,NOUBLES HEALTHCARE,1115.72,2,2026-07-08,2026-07-08,same_timestamp,1115.72,care_or_education_placement,Adult Social Care,Over500_2026_P04_-_published.xlsx:1217; Over500_2026_P04_-_published.xlsx:1260
Noubles Healthcare Ltd,NOUBLES HEALTHCARE,1115.72,2,2026-07-29,2026-07-29,same_timestamp,1115.72,care_or_education_placement,Adult Social Care,Over500_2026_P04_-_published.xlsx:1553; Over500_2026_P04_-_published.xlsx:1635
Noubles Healthcare Ltd,NOUBLES HEALTHCARE,1138.49,2,2026-07-08,2026-07-08,same_timestamp,1138.49,care_or_education_placement,Adult Social Care,Over500_2026_P04_-_published.xlsx:1353; Over500_2026_P04_-_published.xlsx:2042
Noubles Healthcare Ltd,NOUBLES HEALTHCARE,1434.52,2,2026-07-29,2026-07-29,same_timestamp,1434.52,care_or_education_placement,Adult Social Care,Over500_2026_P04_-_published.xlsx:1634; Over500_2026_P04_-_published.xlsx:2286
Noubles Healthcare Ltd,NOUBLES HEALTHCARE,1651.52,2,2026-05-20,2026-05-20,same_timestamp,1651.52,care_or_education_placement,Adult Social Care,Over500_2026_P02_-_published.xlsx:1237; Over500_2026_P02_-_published.xlsx:1238
Noubles Healthcare Ltd,NOUBLES HEALTHCARE,2226.06,3,2026-05-20,2026-05-20,same_timestamp,4452.12,care_or_education_placement,Adult Social Care,Over500_2026_P02_-_published.xlsx:1224; Over500_2026_P02_-_published.xlsx:1227; Over500_2026_P02_-_published.xlsx:1994
Noubles Healthcare Ltd,NOUBLES HEALTHCARE,2231.44,3,2026-06-10,2026-06-10,same_timestamp,4462.88,care_or_education_placement,Adult Social Care,Over500_2026_P03_-_published.xlsx:1053; Over500_2026_P03_-_published.xlsx:1101; Over500_2026_P03_-_published.xlsx:1964
Noubles Healthcare Ltd,NOUBLES HEALTHCARE,2231.44,3,2026-07-08,2026-07-08,same_timestamp,4462.88,care_or_education_placement,Adult Social Care,Over500_2026_P04_-_published.xlsx:1257; Over500_2026_P04_-_published.xlsx:1354; Over500_2026_P04_-_published.xlsx:3710
Noubles Healthcare Ltd,NOUBLES HEALTHCARE,2231.44,3,2026-07-29,2026-07-29,same_timestamp,4462.88,care_or_education_placement,Adult Social Care,Over500_2026_P04_-_published.xlsx:1632; Over500_2026_P04_-_published.xlsx:2284; Over500_2026_P04_-_published.xlsx:3713
Oaklands SEN School Berkshire Limited,OAKLANDS SEN SCHOOL BERKSHIRE,3242.35,2,2026-06-17,2026-06-17,different_time,3242.35,care_or_education_placement,Education (DSG Funded) & Other Education Grants,Over500_2026_P03_-_published.xlsx:2194; Over500_2026_P03_-_published.xlsx:2202
Oaklands SEN School Berkshire Limited,OAKLANDS SEN SCHOOL BERKSHIRE,8105.88,2,2026-06-17,2026-06-17,same_timestamp,8105.88,care_or_education_placement,Education (DSG Funded) & Other Education Grants,Over500_2026_P03_-_published.xlsx:2197; Over500_2026_P03_-_published.xlsx:2318
Oaklands SEN School Berkshire Limited,OAKLANDS SEN SCHOOL BERKSHIRE,20337.45,36,2026-06-17,2026-06-17,different_time,711810.75,care_or_education_placement,Education (DSG Funded) & Other Education Grants,Over500_2026_P03_-_published.xlsx:2164; Over500_2026_P03_-_published.xlsx:2165; Over500_2026_P03_-_published.xlsx:2166; Over500_2026_P03_-_published.xlsx:2167; Over500_2026_P03_-_published.xlsx:2169; Over500_2026_P03_-_published.xlsx:2170; Over500_2026_P03_-_published.xlsx:2173; Over500_2026_P03_-_published.xlsx:2175; Over500_2026_P03_-_published.xlsx:2176; Over500_2026_P03_-_published.xlsx:2177; Over500_2026_P03_-_published.xlsx:2189; Over500_2026_P03_-_published.xlsx:2190; Over500_2026_P03_-_published.xlsx:2195; Over500_2026_P03_-_published.xlsx:2199; Over500_2026_P03_-_published.xlsx:2200; Over500_2026_P03_-_published.xlsx:2201; Over500_2026_P03_-_published.xlsx:2203; Over500_2026_P03_-_published.xlsx:2204; Over500_2026_P03_-_published.xlsx:2311; Over500_2026_P03_-_published.xlsx:2312; Over500_2026_P03_-_published.xlsx:2313; Over500_2026_P03_-_published.xlsx:2315; Over500_2026_P03_-_published.xlsx:2316; Over500_2026_P03_-_published.xlsx:2317; Over500_2026_P03_-_published.xlsx:2321; Over500_2026_P03_-_published.xlsx:2322; Over500_2026_P03_-_published.xlsx:2323; Over500_2026_P03_-_published.xlsx:3106; Over500_2026_P03_-_published.xlsx:3107; Over500_2026_P03_-_published.xlsx:3109; Over500_2026_P03_-_published.xlsx:3110; Over500_2026_P03_-_published.xlsx:3111; Over500_2026_P03_-_published.xlsx:3112; Over500_2026_P03_-_published.xlsx:3113; Over500_2026_P03_-_published.xlsx:3114; Over500_2026_P03_-_published.xlsx:3115
Oaklands SEN School Berkshire Limited,OAKLANDS SEN SCHOOL BERKSHIRE,20534.9,13,2026-06-17,2026-06-17,different_time,246418.8,care_or_education_placement,Education (DSG Funded) & Other Education Grants,Over500_2026_P03_-_published.xlsx:2171; Over500_2026_P03_-_published.xlsx:2172; Over500_2026_P03_-_published.xlsx:2191; Over500_2026_P03_-_published.xlsx:2192; Over500_2026_P03_-_published.xlsx:2193; Over500_2026_P03_-_published.xlsx:2196; Over500_2026_P03_-_published.xlsx:2198; Over500_2026_P03_-_published.xlsx:2310; Over500_2026_P03_-_published.xlsx:2314; Over500_2026_P03_-_published.xlsx:2319; Over500_2026_P03_-_published.xlsx:2320; Over500_2026_P03_-_published.xlsx:3108; Over500_2026_P03_-_published.xlsx:3116
OPTALIS LTD,OPTALIS,6195.0,6,2026-05-13,2026-05-13,same_timestamp,30975.0,care_or_education_placement,Adult Social Care,Over500_2026_P02_-_published.xlsx:1477; Over500_2026_P02_-_published.xlsx:1478; Over500_2026_P02_-_published.xlsx:1479; Over500_2026_P02_-_published.xlsx:1480; Over500_2026_P02_-_published.xlsx:1481; Over500_2026_P02_-_published.xlsx:993
OPTALIS LTD,OPTALIS,6210.0,6,2026-06-10,2026-06-10,same_timestamp,31050.0,care_or_education_placement,Adult Social Care,Over500_2026_P03_-_published.xlsx:1381; Over500_2026_P03_-_published.xlsx:1471; Over500_2026_P03_-_published.xlsx:1472; Over500_2026_P03_-_published.xlsx:2836; Over500_2026_P03_-_published.xlsx:2837; Over500_2026_P03_-_published.xlsx:901
OPTALIS LTD,OPTALIS,6210.0,6,2026-07-08,2026-07-08,same_timestamp,31050.0,care_or_education_placement,Adult Social Care,Over500_2026_P04_-_published.xlsx:1044; Over500_2026_P04_-_published.xlsx:1909; Over500_2026_P04_-_published.xlsx:1933; Over500_2026_P04_-_published.xlsx:1934; Over500_2026_P04_-_published.xlsx:2667; Over500_2026_P04_-_published.xlsx:2668
ORMSBY LODGE,ORMSBY LODGE,6967.29,2,2026-05-13,2026-05-13,same_timestamp,6967.29,care_or_education_placement,Adult Social Care,Over500_2026_P02_-_published.xlsx:1634; Over500_2026_P02_-_published.xlsx:1635
ORMSBY LODGE,ORMSBY LODGE,6984.16,2,2026-06-10,2026-06-10,same_timestamp,6984.16,care_or_education_placement,Adult Social Care,Over500_2026_P03_-_published.xlsx:1463; Over500_2026_P03_-_published.xlsx:1570
ORMSBY LODGE,ORMSBY LODGE,6984.16,2,2026-07-08,2026-07-08,same_timestamp,6984.16,care_or_education_placement,Adult Social Care,Over500_2026_P04_-_published.xlsx:2157; Over500_2026_P04_-_published.xlsx:2825
The Orpheus Centre,ORPHEUS CENTRE,1982.18,2,2026-05-20,2026-05-20,same_timestamp,1982.18,care_or_education_placement,Adult Social Care,Over500_2026_P02_-_published.xlsx:1744; Over500_2026_P02_-_published.xlsx:1748
The Orpheus Centre,ORPHEUS CENTRE,2973.27,2,2026-05-20,2026-05-20,same_timestamp,2973.27,care_or_education_placement,Adult Social Care,Over500_2026_P02_-_published.xlsx:1746; Over500_2026_P02_-_published.xlsx:1751
The Orpheus Centre,ORPHEUS CENTRE,2973.27,2,2026-07-15,2026-07-22,different_time,2973.27,care_or_education_placement,Adult Social Care,Over500_2026_P04_-_published.xlsx:2448; Over500_2026_P04_-_published.xlsx:2468
The Orpheus Centre,ORPHEUS CENTRE,3964.36,4,2026-05-20,2026-05-20,same_timestamp,11893.08,care_or_education_placement,Adult Social Care,Over500_2026_P02_-_published.xlsx:1745; Over500_2026_P02_-_published.xlsx:1747; Over500_2026_P02_-_published.xlsx:1750; Over500_2026_P02_-_published.xlsx:1753
Paradigm Care Services Ltd.,PARADIGM CARE SERVICES,17000.0,4,2026-07-16,2026-07-31,different_time,51000.0,care_or_education_placement,Children's Social Care,Over500_2026_P04_-_published.xlsx:3064; Over500_2026_P04_-_published.xlsx:3091; Over500_2026_P04_-_published.xlsx:3084; Over500_2026_P04_-_published.xlsx:3087
Pavillion Publishing and Media Ltd,PAVILLION PUBLISHING AND MEDIA,9084.6,2,2026-05-13,2026-05-14,different_time,9084.6,general_procurement,Adult Social Care; Executive Director People - Children's Services,Over500_2026_P02_-_published.xlsx:8; Over500_2026_P02_-_published.xlsx:643
Perceptive On Line Ltd T/A Amatis Networks,PERCEPTIVE ON LINE,600.72,4,2026-05-06,2026-05-06,same_timestamp,1802.16,general_procurement,"Transformation, Customer & ICT",Over500_2026_P02_-_published.xlsx:484; Over500_2026_P02_-_published.xlsx:485; Over500_2026_P02_-_published.xlsx:486; Over500_2026_P02_-_published.xlsx:487
Perceptive On Line Ltd T/A Amatis Networks,PERCEPTIVE ON LINE,635.64,4,2026-06-30,2026-06-30,same_timestamp,1906.92,general_procurement,"Transformation, Customer & ICT",Over500_2026_P03_-_published.xlsx:376; Over500_2026_P03_-_published.xlsx:392; Over500_2026_P03_-_published.xlsx:533; Over500_2026_P03_-_published.xlsx:534
Perceptive On Line Ltd T/A Amatis Networks,PERCEPTIVE ON LINE,1236.36,2,2026-05-06,2026-05-06,same_timestamp,1236.36,general_procurement,"Transformation, Customer & ICT",Over500_2026_P02_-_published.xlsx:482; Over500_2026_P02_-_published.xlsx:483
Perceptive On Line Ltd T/A Amatis Networks,PERCEPTIVE ON LINE,1236.36,2,2026-06-30,2026-06-30,same_timestamp,1236.36,general_procurement,"Transformation, Customer & ICT",Over500_2026_P03_-_published.xlsx:378; Over500_2026_P03_-_published.xlsx:399
Phoenix Child Care Limited -The Grange School,PHOENIX CHILD CARE GRANGE SCHOOL,21988.16,10,2026-05-19,2026-05-21,different_time,197893.44,care_or_education_placement,Education (DSG Funded) & Other Education Grants,Over500_2026_P02_-_published.xlsx:2242; Over500_2026_P02_-_published.xlsx:2243; Over500_2026_P02_-_published.xlsx:2247; Over500_2026_P02_-_published.xlsx:2249; Over500_2026_P02_-_published.xlsx:2252; Over500_2026_P02_-_published.xlsx:2253; Over500_2026_P02_-_published.xlsx:2255; Over500_2026_P02_-_published.xlsx:2257; Over500_2026_P02_-_published.xlsx:2260; Over500_2026_P02_-_published.xlsx:2263
Phoenix Child Care Limited -The Grange School,PHOENIX CHILD CARE GRANGE SCHOOL,23210.0,3,2026-05-19,2026-05-21,different_time,46420.0,care_or_education_placement,Education (DSG Funded) & Other Education Grants,Over500_2026_P02_-_published.xlsx:2245; Over500_2026_P02_-_published.xlsx:2258; Over500_2026_P02_-_published.xlsx:2262
Phoenix Child Care Limited -The Grange School,PHOENIX CHILD CARE GRANGE SCHOOL,32711.33,3,2026-05-19,2026-05-19,different_time,65422.66,care_or_education_placement,Education (DSG Funded) & Other Education Grants,Over500_2026_P02_-_published.xlsx:2246; Over500_2026_P02_-_published.xlsx:2248; Over500_2026_P02_-_published.xlsx:2251
PIED PIPER PRE-SCHOOL,PIED PIPER PRE SCHOOL,800.0,2,2026-07-02,2026-07-03,different_time,800.0,grant,Education (DSG Funded) & Other Education Grants,Over500_2026_P04_-_published.xlsx:763; Over500_2026_P04_-_published.xlsx:702
The Pines Residential Care Home,PINES RESIDENTIAL CARE HOME,562.24,2,2026-07-08,2026-07-08,same_timestamp,562.24,care_or_education_placement,Adult Social Care,Over500_2026_P04_-_published.xlsx:2143; Over500_2026_P04_-_published.xlsx:2144
Potensial Limited,POTENSIAL,3340.76,2,2026-06-17,2026-06-17,same_timestamp,3340.76,care_or_education_placement,Adult Social Care,Over500_2026_P03_-_published.xlsx:1886; Over500_2026_P03_-_published.xlsx:3005
Potensial Limited,POTENSIAL,3472.76,2,2026-06-17,2026-06-17,same_timestamp,3472.76,care_or_education_placement,Adult Social Care,Over500_2026_P03_-_published.xlsx:1808; Over500_2026_P03_-_published.xlsx:1809
Potensial Limited,POTENSIAL,4287.36,2,2026-07-29,2026-07-29,same_timestamp,4287.36,care_or_education_placement,Adult Social Care,Over500_2026_P04_-_published.xlsx:2510; Over500_2026_P04_-_published.xlsx:2844
Potensial Limited,POTENSIAL,4426.72,2,2026-05-20,2026-05-20,same_timestamp,4426.72,care_or_education_placement,Adult Social Care,Over500_2026_P02_-_published.xlsx:1770; Over500_2026_P02_-_published.xlsx:1937
Potensial Limited,POTENSIAL,4437.44,2,2026-07-08,2026-07-15,different_time,4437.44,care_or_education_placement,Adult Social Care,Over500_2026_P04_-_published.xlsx:2829; Over500_2026_P04_-_published.xlsx:2425
PRIMANAGE LTD,PRIMANAGE,869.93,2,2026-06-09,2026-06-09,different_time,869.93,premises_non_procurement,Development & Housing,Over500_2026_P03_-_published.xlsx:103; Over500_2026_P03_-_published.xlsx:89
PureSoul Care Ltd,PURESOUL CARE,607.24,9,2026-05-20,2026-05-20,same_timestamp,4857.92,care_or_education_placement,Adult Social Care,Over500_2026_P02_-_published.xlsx:1261; Over500_2026_P02_-_published.xlsx:1268; Over500_2026_P02_-_published.xlsx:1271; Over500_2026_P02_-_published.xlsx:1274; Over500_2026_P02_-_published.xlsx:1277; Over500_2026_P02_-_published.xlsx:1281; Over500_2026_P02_-_published.xlsx:1995; Over500_2026_P02_-_published.xlsx:1996; Over500_2026_P02_-_published.xlsx:902
PureSoul Care Ltd,PURESOUL CARE,608.72,9,2026-06-17,2026-06-17,same_timestamp,4869.76,care_or_education_placement,Adult Social Care,Over500_2026_P03_-_published.xlsx:1144; Over500_2026_P03_-_published.xlsx:1148; Over500_2026_P03_-_published.xlsx:1176; Over500_2026_P03_-_published.xlsx:1179; Over500_2026_P03_-_published.xlsx:2775; Over500_2026_P03_-_published.xlsx:2776; Over500_2026_P03_-_published.xlsx:2808; Over500_2026_P03_-_published.xlsx:3026; Over500_2026_P03_-_published.xlsx:862
PureSoul Care Ltd,PURESOUL CARE,608.72,9,2026-07-08,2026-07-15,different_time,4869.76,care_or_education_placement,Adult Social Care,Over500_2026_P04_-_published.xlsx:1320; Over500_2026_P04_-_published.xlsx:1368; Over500_2026_P04_-_published.xlsx:1399; Over500_2026_P04_-_published.xlsx:1471; Over500_2026_P04_-_published.xlsx:1473; Over500_2026_P04_-_published.xlsx:1479; Over500_2026_P04_-_published.xlsx:1571; Over500_2026_P04_-_published.xlsx:2090; Over500_2026_P04_-_published.xlsx:2917
PureSoul Care Ltd,PURESOUL CARE,684.82,2,2026-07-15,2026-07-15,same_timestamp,684.82,care_or_education_placement,Adult Social Care,Over500_2026_P04_-_published.xlsx:1809; Over500_2026_P04_-_published.xlsx:2091
PureSoul Care Ltd,PURESOUL CARE,760.92,2,2026-06-17,2026-06-24,different_time,760.92,care_or_education_placement,Adult Social Care,Over500_2026_P03_-_published.xlsx:1146; Over500_2026_P03_-_published.xlsx:1198
PureSoul Care Ltd,PURESOUL CARE,760.92,3,2026-07-08,2026-07-15,different_time,1521.84,care_or_education_placement,Adult Social Care,Over500_2026_P04_-_published.xlsx:1236; Over500_2026_P04_-_published.xlsx:1366; Over500_2026_P04_-_published.xlsx:1477
PureSoul Care Ltd,PURESOUL CARE,910.86,4,2026-05-20,2026-05-20,same_timestamp,2732.58,care_or_education_placement,Adult Social Care,Over500_2026_P02_-_published.xlsx:1263; Over500_2026_P02_-_published.xlsx:1278; Over500_2026_P02_-_published.xlsx:1434; Over500_2026_P02_-_published.xlsx:927
PureSoul Care Ltd,PURESOUL CARE,913.08,3,2026-06-17,2026-06-17,same_timestamp,1826.16,care_or_education_placement,Adult Social Care,Over500_2026_P03_-_published.xlsx:1145; Over500_2026_P03_-_published.xlsx:1147; Over500_2026_P03_-_published.xlsx:1305
PureSoul Care Ltd,PURESOUL CARE,1065.28,2,2026-06-17,2026-06-17,same_timestamp,1065.28,care_or_education_placement,Adult Social Care,Over500_2026_P03_-_published.xlsx:1178; Over500_2026_P03_-_published.xlsx:1368
PureSoul Care Ltd,PURESOUL CARE,1366.31,8,2026-05-20,2026-05-27,different_time,9564.17,care_or_education_placement,Adult Social Care,Over500_2026_P02_-_published.xlsx:1257; Over500_2026_P02_-_published.xlsx:1275; Over500_2026_P02_-_published.xlsx:1279; Over500_2026_P02_-_published.xlsx:1280; Over500_2026_P02_-_published.xlsx:1282; Over500_2026_P02_-_published.xlsx:1610; Over500_2026_P02_-_published.xlsx:909; Over500_2026_P02_-_published.xlsx:1442
PureSoul Care Ltd,PURESOUL CARE,1369.64,15,2026-06-17,2026-07-15,different_time,19174.96,care_or_education_placement,Adult Social Care,Over500_2026_P03_-_published.xlsx:1140; Over500_2026_P03_-_published.xlsx:2777; Over500_2026_P03_-_published.xlsx:2778; Over500_2026_P03_-_published.xlsx:2875; Over500_2026_P03_-_published.xlsx:883; Over500_2026_P03_-_published.xlsx:1164; Over500_2026_P03_-_published.xlsx:1227; Over500_2026_P03_-_published.xlsx:2792; Over500_2026_P04_-_published.xlsx:1801; Over500_2026_P04_-_published.xlsx:920; Over500_2026_P04_-_published.xlsx:1396; Over500_2026_P04_-_published.xlsx:1397; Over500_2026_P04_-_published.xlsx:1400; Over500_2026_P04_-_published.xlsx:1476; Over500_2026_P04_-_published.xlsx:1478
PureSoul Care Ltd,PURESOUL CARE,1518.1,2,2026-05-20,2026-05-20,same_timestamp,1518.1,care_or_education_placement,Adult Social Care,Over500_2026_P02_-_published.xlsx:1266; Over500_2026_P02_-_published.xlsx:1269
PureSoul Care Ltd,PURESOUL CARE,2732.62,2,2026-05-20,2026-05-20,same_timestamp,2732.62,care_or_education_placement,Adult Social Care,Over500_2026_P02_-_published.xlsx:1262; Over500_2026_P02_-_published.xlsx:1276
PureSoul Care Ltd,PURESOUL CARE,2739.28,5,2026-06-24,2026-07-15,different_time,10957.12,care_or_education_placement,Adult Social Care,Over500_2026_P03_-_published.xlsx:2791; Over500_2026_P04_-_published.xlsx:1174; Over500_2026_P04_-_published.xlsx:1367; Over500_2026_P04_-_published.xlsx:2052; Over500_2026_P04_-_published.xlsx:1474
PureSoul Care Ltd,PURESOUL CARE,3036.2,2,2026-05-20,2026-05-20,same_timestamp,3036.2,care_or_education_placement,Adult Social Care,Over500_2026_P02_-_published.xlsx:1256; Over500_2026_P02_-_published.xlsx:1259
PureSoul Care Ltd,PURESOUL CARE,3043.6,2,2026-06-17,2026-06-17,same_timestamp,3043.6,care_or_education_placement,Adult Social Care,Over500_2026_P03_-_published.xlsx:1139; Over500_2026_P03_-_published.xlsx:2772
PureSoul Care Ltd,PURESOUL CARE,3043.6,2,2026-07-15,2026-07-15,same_timestamp,3043.6,care_or_education_placement,Adult Social Care,Over500_2026_P04_-_published.xlsx:1395; Over500_2026_P04_-_published.xlsx:2089
PURLEY PARK TRUST LTD,PURLEY PARK TRUST,544.59,3,2026-07-29,2026-07-29,same_timestamp,1089.18,care_or_education_placement,Adult Social Care,Over500_2026_P04_-_published.xlsx:2600; Over500_2026_P04_-_published.xlsx:2601; Over500_2026_P04_-_published.xlsx:2690
PURLEY PARK TRUST LTD,PURLEY PARK TRUST,563.67,3,2026-07-17,2026-07-17,same_timestamp,1127.34,care_or_education_placement,Adult Social Care,Over500_2026_P04_-_published.xlsx:2599; Over500_2026_P04_-_published.xlsx:2645; Over500_2026_P04_-_published.xlsx:3560
PURLEY PARK TRUST LTD,PURLEY PARK TRUST,639.52,4,2026-07-01,2026-07-01,same_timestamp,1918.56,care_or_education_placement,Adult Social Care,Over500_2026_P04_-_published.xlsx:1409; Over500_2026_P04_-_published.xlsx:655; Over500_2026_P04_-_published.xlsx:809; Over500_2026_P04_-_published.xlsx:860
PURLEY PARK TRUST LTD,PURLEY PARK TRUST,3956.0,2,2026-06-24,2026-07-01,different_time,3956.0,care_or_education_placement,Adult Social Care,Over500_2026_P03_-_published.xlsx:2950; Over500_2026_P04_-_published.xlsx:2233
PURLEY PARK TRUST LTD,PURLEY PARK TRUST,4682.72,4,2026-07-01,2026-07-01,same_timestamp,14048.16,care_or_education_placement,Adult Social Care,Over500_2026_P04_-_published.xlsx:1408; Over500_2026_P04_-_published.xlsx:654; Over500_2026_P04_-_published.xlsx:808; Over500_2026_P04_-_published.xlsx:859
PURLEY PARK TRUST LTD,PURLEY PARK TRUST,4983.08,2,2026-06-24,2026-07-01,different_time,4983.08,care_or_education_placement,Adult Social Care,Over500_2026_P03_-_published.xlsx:1658; Over500_2026_P04_-_published.xlsx:2965
PURLEY PARK TRUST LTD,PURLEY PARK TRUST,5157.2,2,2026-07-01,2026-07-01,same_timestamp,5157.2,care_or_education_placement,Adult Social Care,Over500_2026_P04_-_published.xlsx:2245; Over500_2026_P04_-_published.xlsx:2964
PURLEY PARK TRUST LTD,PURLEY PARK TRUST,5504.51,2,2026-05-13,2026-05-13,same_timestamp,5504.51,care_or_education_placement,Adult Social Care,Over500_2026_P02_-_published.xlsx:774; Over500_2026_P02_-_published.xlsx:775
PURLEY PARK TRUST LTD,PURLEY PARK TRUST,5517.84,2,2026-06-10,2026-06-10,same_timestamp,5517.84,care_or_education_placement,Adult Social Care,Over500_2026_P03_-_published.xlsx:2670; Over500_2026_P03_-_published.xlsx:752
PURLEY PARK TRUST LTD,PURLEY PARK TRUST,5517.84,2,2026-07-08,2026-07-08,same_timestamp,5517.84,care_or_education_placement,Adult Social Care,Over500_2026_P04_-_published.xlsx:1405; Over500_2026_P04_-_published.xlsx:805
PURLEY PARK TRUST LTD,PURLEY PARK TRUST,8012.44,2,2026-06-24,2026-07-01,different_time,8012.44,care_or_education_placement,Adult Social Care,Over500_2026_P03_-_published.xlsx:2953; Over500_2026_P04_-_published.xlsx:2264
Radiant Care Homes Ltd.,RADIANT CARE HOMES,11995.0,2,2026-05-12,2026-05-14,different_time,11995.0,care_or_education_placement,Children's Social Care,Over500_2026_P02_-_published.xlsx:2032; Over500_2026_P02_-_published.xlsx:2040
Radiant Care Homes Ltd.,RADIANT CARE HOMES,11995.0,2,2026-05-28,2026-05-28,different_time,11995.0,care_or_education_placement,Children's Social Care,Over500_2026_P02_-_published.xlsx:2106; Over500_2026_P02_-_published.xlsx:2107
Radiant Care Homes Ltd.,RADIANT CARE HOMES,11995.0,2,2026-06-16,2026-06-22,different_time,11995.0,care_or_education_placement,Children's Social Care,Over500_2026_P03_-_published.xlsx:2030; Over500_2026_P03_-_published.xlsx:1939
Radiant Care Homes Ltd.,RADIANT CARE HOMES,11995.0,2,2026-07-15,2026-07-20,different_time,11995.0,care_or_education_placement,Children's Social Care,Over500_2026_P04_-_published.xlsx:3062; Over500_2026_P04_-_published.xlsx:3090
READING EXTINGUISHER SERVICES,READING EXTINGUISHER SERVICES,525.0,2,2026-06-30,2026-06-30,same_timestamp,525.0,general_procurement,Environment,Over500_2026_P03_-_published.xlsx:46; Over500_2026_P03_-_published.xlsx:60
Reading Refugee Support Group,READING REFUGEE SUPPORT GROUP,599.18,4,2026-06-12,2026-06-16,different_time,1797.54,general_procurement,Development & Housing,Over500_2026_P03_-_published.xlsx:2137; Over500_2026_P03_-_published.xlsx:3075; Over500_2026_P03_-_published.xlsx:2128; Over500_2026_P03_-_published.xlsx:3076
Reading Refugee Support Group,READING REFUGEE SUPPORT GROUP,743.09,2,2026-06-12,2026-06-17,different_time,743.09,general_procurement,Development & Housing,Over500_2026_P03_-_published.xlsx:2114; Over500_2026_P03_-_published.xlsx:3078
Reading Refugee Support Group,READING REFUGEE SUPPORT GROUP,1198.35,2,2026-06-16,2026-06-16,same_timestamp,1198.35,general_procurement,Development & Housing,Over500_2026_P03_-_published.xlsx:2127; Over500_2026_P03_-_published.xlsx:3077
Reddy Care Ltd,REDDY CARE,4237.96,2,2026-07-15,2026-07-22,different_time,4237.96,care_or_education_placement,Adult Social Care,Over500_2026_P04_-_published.xlsx:2421; Over500_2026_P04_-_published.xlsx:2503
Remedicare Education Services Limited,REMEDICARE EDUCATION SERVICES,18000.0,2,2026-05-19,2026-05-19,same_timestamp,18000.0,care_or_education_placement,Education (DSG Funded) & Other Education Grants,Over500_2026_P02_-_published.xlsx:2211; Over500_2026_P02_-_published.xlsx:2212
RESPONSE ORGANISATION,RESPONSE ORGANISATION,1212.6,6,2026-05-01,2026-05-01,same_timestamp,6063.0,care_or_education_placement,Adult Social Care,Over500_2026_P02_-_published.xlsx:844; Over500_2026_P02_-_published.xlsx:845; Over500_2026_P02_-_published.xlsx:846; Over500_2026_P02_-_published.xlsx:847; Over500_2026_P02_-_published.xlsx:848; Over500_2026_P02_-_published.xlsx:849
RESPONSE ORGANISATION,RESPONSE ORGANISATION,2568.96,6,2026-05-01,2026-05-01,same_timestamp,12844.8,care_or_education_placement,Adult Social Care,Over500_2026_P02_-_published.xlsx:833; Over500_2026_P02_-_published.xlsx:834; Over500_2026_P02_-_published.xlsx:836; Over500_2026_P02_-_published.xlsx:837; Over500_2026_P02_-_published.xlsx:838; Over500_2026_P02_-_published.xlsx:839
Roadside Technologies Ltd,ROADSIDE TECHNOLOGIES,5594.11,4,2026-07-13,2026-07-13,different_time,16782.33,general_procurement,Environment,Over500_2026_P04_-_published.xlsx:1288; Over500_2026_P04_-_published.xlsx:598; Over500_2026_P04_-_published.xlsx:734; Over500_2026_P04_-_published.xlsx:789
Roadside Technologies Ltd,ROADSIDE TECHNOLOGIES,9103.64,2,2026-07-13,2026-07-13,same_timestamp,9103.64,general_procurement,Environment,Over500_2026_P04_-_published.xlsx:601; Over500_2026_P04_-_published.xlsx:740
Seabrook Services Ltd,SEABROOK SERVICES,3129.12,2,2026-05-06,2026-05-06,same_timestamp,3129.12,care_or_education_placement,Adult Social Care,Over500_2026_P02_-_published.xlsx:877; Over500_2026_P02_-_published.xlsx:879
SEISMIC SEWAGE SYSTEMS LTD,SEISMIC SEWAGE SYSTEMS,5360.0,2,2026-06-18,2026-06-18,same_timestamp,5360.0,general_procurement,Environment,Over500_2026_P03_-_published.xlsx:2134; Over500_2026_P03_-_published.xlsx:2141
Sikandar Hayat t/a Prompt Cars,SIKANDAR HAYAT,640.0,2,2026-07-08,2026-07-08,same_timestamp,640.0,general_procurement,Education & SEND,Over500_2026_P04_-_published.xlsx:159; Over500_2026_P04_-_published.xlsx:463
Sikandar Hayat t/a Prompt Cars,SIKANDAR HAYAT,880.0,2,2026-07-21,2026-07-21,same_timestamp,880.0,general_procurement,Education & SEND,Over500_2026_P04_-_published.xlsx:226; Over500_2026_P04_-_published.xlsx:272
Simone Surveys Ltd,SIMONE SURVEYS,678.13,3,2026-07-23,2026-07-23,same_timestamp,1356.26,general_procurement,Environment,Over500_2026_P04_-_published.xlsx:1014; Over500_2026_P04_-_published.xlsx:545; Over500_2026_P04_-_published.xlsx:546
SM Voice Advocacy Limited,SM VOICE ADVOCACY,4666.2,2,2026-05-01,2026-05-01,same_timestamp,4666.2,care_or_education_placement,Adult Social Care,Over500_2026_P02_-_published.xlsx:1703; Over500_2026_P02_-_published.xlsx:1710
Spare Crib Global Limited,SPARE CRIB GLOBAL,805.0,4,2026-05-12,2026-05-12,different_time,2415.0,premises_non_procurement,Adult Social Care,Over500_2026_P02_-_published.xlsx:65; Over500_2026_P02_-_published.xlsx:66; Over500_2026_P02_-_published.xlsx:67; Over500_2026_P02_-_published.xlsx:68
Spare Crib Global Limited,SPARE CRIB GLOBAL,805.0,3,2026-06-10,2026-06-10,same_timestamp,1610.0,premises_non_procurement,Adult Social Care,Over500_2026_P03_-_published.xlsx:66; Over500_2026_P03_-_published.xlsx:67; Over500_2026_P03_-_published.xlsx:84
ST GABRIELS SCHOOL,ST GABRIELS SCHOOL,2905.33,2,2026-07-09,2026-07-09,same_timestamp,2905.33,care_or_education_placement,Education (DSG Funded) & Other Education Grants,Over500_2026_P04_-_published.xlsx:3245; Over500_2026_P04_-_published.xlsx:3324
ST GABRIELS SCHOOL,ST GABRIELS SCHOOL,8380.0,2,2026-07-15,2026-07-15,different_time,8380.0,care_or_education_placement,Education (DSG Funded) & Other Education Grants,Over500_2026_P04_-_published.xlsx:3246; Over500_2026_P04_-_published.xlsx:3247
STEP BY STEP PARTNERSHIP LTD,STEP BY STEP PARTNERSHIP,538.53,2,2026-07-23,2026-07-23,different_time,538.53,care_or_education_placement,Children's Social Care,Over500_2026_P04_-_published.xlsx:3206; Over500_2026_P04_-_published.xlsx:3229
STEP BY STEP PARTNERSHIP LTD,STEP BY STEP PARTNERSHIP,557.1,6,2026-05-18,2026-05-20,different_time,2785.5,care_or_education_placement,Children's Social Care,Over500_2026_P02_-_published.xlsx:2141; Over500_2026_P02_-_published.xlsx:2077; Over500_2026_P02_-_published.xlsx:2143; Over500_2026_P02_-_published.xlsx:2144; Over500_2026_P02_-_published.xlsx:2145; Over500_2026_P02_-_published.xlsx:2129
STEP BY STEP PARTNERSHIP LTD,STEP BY STEP PARTNERSHIP,557.1,2,2026-07-22,2026-07-23,different_time,557.1,care_or_education_placement,Children's Social Care,Over500_2026_P04_-_published.xlsx:3153; Over500_2026_P04_-_published.xlsx:3117
STEP BY STEP PARTNERSHIP LTD,STEP BY STEP PARTNERSHIP,575.67,5,2026-06-08,2026-06-12,different_time,2302.68,care_or_education_placement,Children's Social Care,Over500_2026_P03_-_published.xlsx:2052; Over500_2026_P03_-_published.xlsx:2112; Over500_2026_P03_-_published.xlsx:2053; Over500_2026_P03_-_published.xlsx:3035; Over500_2026_P03_-_published.xlsx:2124
STEP BY STEP PARTNERSHIP LTD,STEP BY STEP PARTNERSHIP,938.4,8,2026-05-18,2026-05-20,different_time,6568.8,care_or_education_placement,Children's Social Care,Over500_2026_P02_-_published.xlsx:2125; Over500_2026_P02_-_published.xlsx:2078; Over500_2026_P02_-_published.xlsx:2126; Over500_2026_P02_-_published.xlsx:2142; Over500_2026_P02_-_published.xlsx:2127; Over500_2026_P02_-_published.xlsx:2128; Over500_2026_P02_-_published.xlsx:2147; Over500_2026_P02_-_published.xlsx:2148
STEP BY STEP PARTNERSHIP LTD,STEP BY STEP PARTNERSHIP,938.4,8,2026-07-22,2026-07-23,different_time,6568.8,care_or_education_placement,Children's Social Care,Over500_2026_P04_-_published.xlsx:3205; Over500_2026_P04_-_published.xlsx:3223; Over500_2026_P04_-_published.xlsx:3224; Over500_2026_P04_-_published.xlsx:3773; Over500_2026_P04_-_published.xlsx:3115; Over500_2026_P04_-_published.xlsx:3116; Over500_2026_P04_-_published.xlsx:3774; Over500_2026_P04_-_published.xlsx:3779
STEP BY STEP PARTNERSHIP LTD,STEP BY STEP PARTNERSHIP,969.68,8,2026-06-08,2026-06-09,different_time,6787.76,care_or_education_placement,Children's Social Care,Over500_2026_P03_-_published.xlsx:2108; Over500_2026_P03_-_published.xlsx:3067; Over500_2026_P03_-_published.xlsx:3071; Over500_2026_P03_-_published.xlsx:1923; Over500_2026_P03_-_published.xlsx:2109; Over500_2026_P03_-_published.xlsx:2121; Over500_2026_P03_-_published.xlsx:3072; Over500_2026_P03_-_published.xlsx:3073
Sukhbir Singh and Harvinder Singh T/A Calcot Services for Children (CSFC),SUKHBIR SINGH AND HARVINDER SINGH,18768.75,2,2026-05-12,2026-05-12,different_time,18768.75,care_or_education_placement,Education (DSG Funded) & Other Education Grants,Over500_2026_P02_-_published.xlsx:2238; Over500_2026_P02_-_published.xlsx:2240
Sukhbir Singh and Harvinder Singh T/A Calcot Services for Children (CSFC),SUKHBIR SINGH AND HARVINDER SINGH,18768.75,6,2026-06-03,2026-06-03,different_time,93843.75,care_or_education_placement,Education (DSG Funded) & Other Education Grants,Over500_2026_P03_-_published.xlsx:2157; Over500_2026_P03_-_published.xlsx:2158; Over500_2026_P03_-_published.xlsx:2159; Over500_2026_P03_-_published.xlsx:2306; Over500_2026_P03_-_published.xlsx:3102; Over500_2026_P03_-_published.xlsx:3103
Sukhbir Singh and Harvinder Singh T/A Calcot Services for Children (CSFC),SUKHBIR SINGH AND HARVINDER SINGH,19278.75,2,2026-06-03,2026-06-03,different_time,19278.75,care_or_education_placement,Education (DSG Funded) & Other Education Grants,Over500_2026_P03_-_published.xlsx:2160; Over500_2026_P03_-_published.xlsx:3104
Sunbeam Fostering Agency Ltd,SUNBEAM FOSTERING AGENCY,3791.7,2,2026-07-10,2026-07-14,different_time,3791.7,care_or_education_placement,Children's Social Care,Over500_2026_P04_-_published.xlsx:3167; Over500_2026_P04_-_published.xlsx:3124
Sunbeam Fostering Agency Ltd,SUNBEAM FOSTERING AGENCY,3918.09,2,2026-06-10,2026-06-10,different_time,3918.09,care_or_education_placement,Children's Social Care,Over500_2026_P03_-_published.xlsx:1945; Over500_2026_P03_-_published.xlsx:2042
Tennent Homes 2019 Limited,TENNENT HOMES 2019,600.0,3,2026-05-06,2026-05-06,different_time,1200.0,premises_non_procurement,Development & Housing,Over500_2026_P02_-_published.xlsx:71; Over500_2026_P02_-_published.xlsx:74; Over500_2026_P02_-_published.xlsx:75
Tennent Homes 2019 Limited,TENNENT HOMES 2019,600.0,3,2026-06-03,2026-06-03,different_time,1200.0,premises_non_procurement,Development & Housing,Over500_2026_P03_-_published.xlsx:287; Over500_2026_P03_-_published.xlsx:288; Over500_2026_P03_-_published.xlsx:75
Tennent Homes 2019 Limited,TENNENT HOMES 2019,600.0,3,2026-07-08,2026-07-08,different_time,1200.0,premises_non_procurement,Development & Housing,Over500_2026_P04_-_published.xlsx:105; Over500_2026_P04_-_published.xlsx:385; Over500_2026_P04_-_published.xlsx:89
Tennent Homes 2019 Limited,TENNENT HOMES 2019,750.0,2,2026-05-06,2026-05-06,different_time,750.0,premises_non_procurement,Development & Housing,Over500_2026_P02_-_published.xlsx:72; Over500_2026_P02_-_published.xlsx:73
Tennent Homes 2019 Limited,TENNENT HOMES 2019,750.0,2,2026-06-03,2026-06-03,different_time,750.0,premises_non_procurement,Development & Housing,Over500_2026_P03_-_published.xlsx:286; Over500_2026_P03_-_published.xlsx:289
Tennent Homes 2019 Limited,TENNENT HOMES 2019,750.0,2,2026-07-08,2026-07-08,different_time,750.0,premises_non_procurement,Development & Housing,Over500_2026_P04_-_published.xlsx:386; Over500_2026_P04_-_published.xlsx:72
Teonfa Ltd,TEONFA,637.0,2,2026-06-24,2026-07-01,different_time,637.0,care_or_education_placement,Adult Social Care,Over500_2026_P03_-_published.xlsx:1205; Over500_2026_P04_-_published.xlsx:1027
Teonfa Ltd,TEONFA,637.0,2,2026-07-15,2026-07-15,same_timestamp,637.0,care_or_education_placement,Adult Social Care,Over500_2026_P04_-_published.xlsx:1436; Over500_2026_P04_-_published.xlsx:1523
Teonfa Ltd,TEONFA,637.0,2,2026-07-29,2026-07-29,same_timestamp,637.0,care_or_education_placement,Adult Social Care,Over500_2026_P04_-_published.xlsx:1601; Over500_2026_P04_-_published.xlsx:1621
Teonfa Ltd,TEONFA,794.32,2,2026-05-13,2026-05-13,same_timestamp,794.32,care_or_education_placement,Adult Social Care,Over500_2026_P02_-_published.xlsx:1183; Over500_2026_P02_-_published.xlsx:1184
Teonfa Ltd,TEONFA,796.24,2,2026-06-24,2026-06-24,same_timestamp,796.24,care_or_education_placement,Adult Social Care,Over500_2026_P03_-_published.xlsx:1206; Over500_2026_P03_-_published.xlsx:2797
Teonfa Ltd,TEONFA,796.24,2,2026-07-15,2026-07-15,same_timestamp,796.24,care_or_education_placement,Adult Social Care,Over500_2026_P04_-_published.xlsx:1438; Over500_2026_P04_-_published.xlsx:1501
Teonfa Ltd,TEONFA,1114.76,2,2026-06-24,2026-06-24,same_timestamp,1114.76,care_or_education_placement,Adult Social Care,Over500_2026_P03_-_published.xlsx:1239; Over500_2026_P03_-_published.xlsx:1394
Thinkempathy,THINKEMPATHY,7755.8,2,2026-07-01,2026-07-08,different_time,7755.8,care_or_education_placement,Adult Social Care,Over500_2026_P04_-_published.xlsx:2223; Over500_2026_P04_-_published.xlsx:2303
Topline Care Solutions Ltd,TOPLINE CARE SOLUTIONS,568.56,2,2026-05-13,2026-05-20,different_time,568.56,care_or_education_placement,Adult Social Care,Over500_2026_P02_-_published.xlsx:1867; Over500_2026_P02_-_published.xlsx:1868
Topline Care Solutions Ltd,TOPLINE CARE SOLUTIONS,956.36,2,2026-06-24,2026-06-24,same_timestamp,956.36,care_or_education_placement,Adult Social Care,Over500_2026_P03_-_published.xlsx:1162; Over500_2026_P03_-_published.xlsx:1223
Topline Care Solutions Ltd,TOPLINE CARE SOLUTIONS,956.36,2,2026-07-29,2026-07-29,same_timestamp,956.36,care_or_education_placement,Adult Social Care,Over500_2026_P04_-_published.xlsx:1662; Over500_2026_P04_-_published.xlsx:1679
Topline Care Solutions Ltd,TOPLINE CARE SOLUTIONS,1115.72,2,2026-06-24,2026-06-24,same_timestamp,1115.72,care_or_education_placement,Adult Social Care,Over500_2026_P03_-_published.xlsx:2787; Over500_2026_P03_-_published.xlsx:2788
Topline Care Solutions Ltd,TOPLINE CARE SOLUTIONS,1115.72,2,2026-07-08,2026-07-08,same_timestamp,1115.72,care_or_education_placement,Adult Social Care,Over500_2026_P04_-_published.xlsx:2048; Over500_2026_P04_-_published.xlsx:2050
Topline Care Solutions Ltd,TOPLINE CARE SOLUTIONS,1115.72,2,2026-07-29,2026-07-29,same_timestamp,1115.72,care_or_education_placement,Adult Social Care,Over500_2026_P04_-_published.xlsx:1603; Over500_2026_P04_-_published.xlsx:2360
Topline Care Solutions Ltd,TOPLINE CARE SOLUTIONS,1590.07,2,2026-05-13,2026-05-13,same_timestamp,1590.07,care_or_education_placement,Adult Social Care,Over500_2026_P02_-_published.xlsx:1198; Over500_2026_P02_-_published.xlsx:953
Topline Care Solutions Ltd,TOPLINE CARE SOLUTIONS,1593.92,2,2026-06-24,2026-06-24,same_timestamp,1593.92,care_or_education_placement,Adult Social Care,Over500_2026_P03_-_published.xlsx:2699; Over500_2026_P03_-_published.xlsx:2789
Topline Care Solutions Ltd,TOPLINE CARE SOLUTIONS,2200.32,2,2026-07-01,2026-07-08,different_time,2200.32,care_or_education_placement,Adult Social Care,Over500_2026_P04_-_published.xlsx:1209; Over500_2026_P04_-_published.xlsx:1363
Topline Care Solutions Ltd,TOPLINE CARE SOLUTIONS,2274.24,4,2026-06-24,2026-07-15,different_time,6822.72,care_or_education_placement,Adult Social Care,Over500_2026_P03_-_published.xlsx:2989; Over500_2026_P04_-_published.xlsx:3636; Over500_2026_P04_-_published.xlsx:2746; Over500_2026_P04_-_published.xlsx:2727
Topline Care Solutions Ltd,TOPLINE CARE SOLUTIONS,4337.28,2,2026-05-13,2026-05-13,same_timestamp,4337.28,care_or_education_placement,Adult Social Care,Over500_2026_P02_-_published.xlsx:1192; Over500_2026_P02_-_published.xlsx:1194
Topline Care Solutions Ltd,TOPLINE CARE SOLUTIONS,4347.84,2,2026-06-24,2026-06-24,same_timestamp,4347.84,care_or_education_placement,Adult Social Care,Over500_2026_P03_-_published.xlsx:1248; Over500_2026_P03_-_published.xlsx:2804
Topline Care Solutions Ltd,TOPLINE CARE SOLUTIONS,4347.84,2,2026-07-08,2026-07-08,same_timestamp,4347.84,care_or_education_placement,Adult Social Care,Over500_2026_P04_-_published.xlsx:1233; Over500_2026_P04_-_published.xlsx:1318
Topline Care Solutions Ltd,TOPLINE CARE SOLUTIONS,4347.84,2,2026-07-29,2026-07-29,same_timestamp,4347.84,care_or_education_placement,Adult Social Care,Over500_2026_P04_-_published.xlsx:1623; Over500_2026_P04_-_published.xlsx:1663
Topline Care Solutions Ltd,TOPLINE CARE SOLUTIONS,4400.64,2,2026-07-29,2026-07-29,same_timestamp,4400.64,care_or_education_placement,Adult Social Care,Over500_2026_P04_-_published.xlsx:1602; Over500_2026_P04_-_published.xlsx:1660
Transparent Care Ltd,TRANSPARENT CARE,933.48,2,2026-07-08,2026-07-08,same_timestamp,933.48,care_or_education_placement,Adult Social Care,Over500_2026_P04_-_published.xlsx:2613; Over500_2026_P04_-_published.xlsx:2614
Transparent Care Ltd,TRANSPARENT CARE,3065.52,2,2026-07-08,2026-07-08,same_timestamp,3065.52,care_or_education_placement,Adult Social Care,Over500_2026_P04_-_published.xlsx:2308; Over500_2026_P04_-_published.xlsx:2323
Transparent Care Ltd,TRANSPARENT CARE,7297.4,2,2026-05-22,2026-05-22,same_timestamp,7297.4,care_or_education_placement,Adult Social Care,Over500_2026_P02_-_published.xlsx:1800; Over500_2026_P02_-_published.xlsx:1801
TWO SAINTS LTD,TWO SAINTS,27147.69,2,2026-05-12,2026-05-13,different_time,27147.69,general_procurement,Development & Housing,Over500_2026_P02_-_published.xlsx:2160; Over500_2026_P02_-_published.xlsx:2161
U KIDS CHILDCARE LIMITED,U KIDS CHILDCARE,5905.44,2,2026-07-14,2026-07-14,same_timestamp,5905.44,grant,Education & SEND,Over500_2026_P04_-_published.xlsx:1268; Over500_2026_P04_-_published.xlsx:582
The Unicorn School,UNICORN SCHOOL,11995.0,2,2026-05-11,2026-05-11,different_time,11995.0,care_or_education_placement,Education (DSG Funded) & Other Education Grants,Over500_2026_P02_-_published.xlsx:2229; Over500_2026_P02_-_published.xlsx:2232
The Unicorn School,UNICORN SCHOOL,13771.0,3,2026-05-11,2026-05-11,different_time,27542.0,care_or_education_placement,Education (DSG Funded) & Other Education Grants,Over500_2026_P02_-_published.xlsx:2234; Over500_2026_P02_-_published.xlsx:2235; Over500_2026_P02_-_published.xlsx:2236
UNITED DOMCILIARY AND SUPPORT SERVICES,UNITED DOMCILIARY AND SUPPORT SERVICES,1358.4,2,2026-06-03,2026-06-10,different_time,1358.4,care_or_education_placement,Adult Social Care,Over500_2026_P03_-_published.xlsx:1610; Over500_2026_P03_-_published.xlsx:1579
Valley Cars,VALLEY CARS,2004.0,2,2026-05-05,2026-05-06,different_time,2004.0,general_procurement,Education & SEND,Over500_2026_P02_-_published.xlsx:233; Over500_2026_P02_-_published.xlsx:234
Valued Care Supported Living,VALUED CARE SUPPORTED LIVING,1872.36,3,2026-05-20,2026-05-20,same_timestamp,3744.72,care_or_education_placement,Adult Social Care,Over500_2026_P02_-_published.xlsx:1953; Over500_2026_P02_-_published.xlsx:1955; Over500_2026_P02_-_published.xlsx:1956
Valued Care Supported Living,VALUED CARE SUPPORTED LIVING,3056.4,3,2026-05-20,2026-05-20,same_timestamp,6112.8,care_or_education_placement,Adult Social Care,Over500_2026_P02_-_published.xlsx:1999; Over500_2026_P02_-_published.xlsx:2000; Over500_2026_P02_-_published.xlsx:2001
Valued Care Supported Living,VALUED CARE SUPPORTED LIVING,3509.2,3,2026-05-20,2026-05-20,same_timestamp,7018.4,care_or_education_placement,Adult Social Care,Over500_2026_P02_-_published.xlsx:1919; Over500_2026_P02_-_published.xlsx:1924; Over500_2026_P02_-_published.xlsx:1925
Valued Care Supported Living,VALUED CARE SUPPORTED LIVING,3995.52,3,2026-05-20,2026-05-20,same_timestamp,7991.04,care_or_education_placement,Adult Social Care,Over500_2026_P02_-_published.xlsx:1929; Over500_2026_P02_-_published.xlsx:1930; Over500_2026_P02_-_published.xlsx:1931
Valued Care Supported Living,VALUED CARE SUPPORTED LIVING,5422.76,4,2026-06-17,2026-06-17,same_timestamp,16268.28,care_or_education_placement,Adult Social Care,Over500_2026_P03_-_published.xlsx:1807; Over500_2026_P03_-_published.xlsx:1811; Over500_2026_P03_-_published.xlsx:1883; Over500_2026_P03_-_published.xlsx:3004
Valued Care Supported Living,VALUED CARE SUPPORTED LIVING,7600.32,3,2026-05-20,2026-05-20,same_timestamp,15200.64,care_or_education_placement,Adult Social Care,Over500_2026_P02_-_published.xlsx:1926; Over500_2026_P02_-_published.xlsx:1927; Over500_2026_P02_-_published.xlsx:1928
VolkerHighways Ltd,VOLKERHIGHWAYS,17882.35,2,2026-07-13,2026-07-16,different_time,17882.35,general_procurement,Environment,Over500_2026_P04_-_published.xlsx:3184; Over500_2026_P04_-_published.xlsx:3185
VolkerHighways Ltd,VOLKERHIGHWAYS,54241.36,2,2026-07-13,2026-07-16,different_time,54241.36,general_procurement,Environment,Over500_2026_P04_-_published.xlsx:3210; Over500_2026_P04_-_published.xlsx:3302
VolkerHighways Ltd,VOLKERHIGHWAYS,101925.86,2,2026-07-15,2026-07-17,different_time,101925.86,general_procurement,Environment,Over500_2026_P04_-_published.xlsx:3308; Over500_2026_P04_-_published.xlsx:618
VOYAGE CARE,VOYAGE CARE,811.96,2,2026-07-15,2026-07-22,different_time,811.96,care_or_education_placement,Adult Social Care,Over500_2026_P04_-_published.xlsx:2174; Over500_2026_P04_-_published.xlsx:2200
VOYAGE CARE,VOYAGE CARE,2040.64,2,2026-07-15,2026-07-22,different_time,2040.64,care_or_education_placement,Adult Social Care,Over500_2026_P04_-_published.xlsx:3579; Over500_2026_P04_-_published.xlsx:2736
We Are The Care Company Ltd,WE ARE CARE COMPANY,592.02,2,2026-05-06,2026-05-06,same_timestamp,592.02,care_or_education_placement,Adult Social Care,Over500_2026_P02_-_published.xlsx:1123; Over500_2026_P02_-_published.xlsx:1145
We Are The Care Company Ltd,WE ARE CARE COMPANY,637.56,3,2026-06-10,2026-06-10,same_timestamp,1275.12,care_or_education_placement,Adult Social Care,Over500_2026_P03_-_published.xlsx:1067; Over500_2026_P03_-_published.xlsx:1073; Over500_2026_P03_-_published.xlsx:1074
We Are The Care Company Ltd,WE ARE CARE COMPANY,637.56,2,2026-07-08,2026-07-08,same_timestamp,637.56,care_or_education_placement,Adult Social Care,Over500_2026_P04_-_published.xlsx:1332; Over500_2026_P04_-_published.xlsx:2062
We Are The Care Company Ltd,WE ARE CARE COMPANY,637.56,2,2026-07-29,2026-07-29,same_timestamp,637.56,care_or_education_placement,Adult Social Care,Over500_2026_P04_-_published.xlsx:1669; Over500_2026_P04_-_published.xlsx:1689
We Are The Care Company Ltd,WE ARE CARE COMPANY,740.03,5,2026-05-06,2026-05-06,same_timestamp,2960.12,care_or_education_placement,Adult Social Care,Over500_2026_P02_-_published.xlsx:1124; Over500_2026_P02_-_published.xlsx:1132; Over500_2026_P02_-_published.xlsx:1139; Over500_2026_P02_-_published.xlsx:1146; Over500_2026_P02_-_published.xlsx:1154
We Are The Care Company Ltd,WE ARE CARE COMPANY,796.96,4,2026-06-10,2026-06-10,same_timestamp,2390.88,care_or_education_placement,Adult Social Care,Over500_2026_P03_-_published.xlsx:1059; Over500_2026_P03_-_published.xlsx:1075; Over500_2026_P03_-_published.xlsx:1105; Over500_2026_P03_-_published.xlsx:1112
We Are The Care Company Ltd,WE ARE CARE COMPANY,796.96,2,2026-06-24,2026-06-24,different_time,796.96,care_or_education_placement,Adult Social Care,Over500_2026_P03_-_published.xlsx:1264; Over500_2026_P03_-_published.xlsx:2793
We Are The Care Company Ltd,WE ARE CARE COMPANY,796.96,5,2026-07-08,2026-07-08,same_timestamp,3187.84,care_or_education_placement,Adult Social Care,Over500_2026_P04_-_published.xlsx:1326; Over500_2026_P04_-_published.xlsx:1336; Over500_2026_P04_-_published.xlsx:1377; Over500_2026_P04_-_published.xlsx:2057; Over500_2026_P04_-_published.xlsx:2060
We Are The Care Company Ltd,WE ARE CARE COMPANY,796.96,4,2026-07-29,2026-07-29,same_timestamp,2390.88,care_or_education_placement,Adult Social Care,Over500_2026_P04_-_published.xlsx:1612; Over500_2026_P04_-_published.xlsx:1668; Over500_2026_P04_-_published.xlsx:1670; Over500_2026_P04_-_published.xlsx:1675
We Are The Care Company Ltd,WE ARE CARE COMPANY,833.0,2,2026-06-10,2026-06-10,same_timestamp,833.0,care_or_education_placement,Adult Social Care,Over500_2026_P03_-_published.xlsx:1110; Over500_2026_P03_-_published.xlsx:1118
We Are The Care Company Ltd,WE ARE CARE COMPANY,833.0,3,2026-07-08,2026-07-08,same_timestamp,1666.0,care_or_education_placement,Adult Social Care,Over500_2026_P04_-_published.xlsx:1239; Over500_2026_P04_-_published.xlsx:1323; Over500_2026_P04_-_published.xlsx:1324
We Are The Care Company Ltd,WE ARE CARE COMPANY,833.0,2,2026-07-29,2026-07-29,same_timestamp,833.0,care_or_education_placement,Adult Social Care,Over500_2026_P04_-_published.xlsx:2365; Over500_2026_P04_-_published.xlsx:2366
We Are The Care Company Ltd,WE ARE CARE COMPANY,888.05,2,2026-05-06,2026-05-06,same_timestamp,888.05,care_or_education_placement,Adult Social Care,Over500_2026_P02_-_published.xlsx:1118; Over500_2026_P02_-_published.xlsx:1428
We Are The Care Company Ltd,WE ARE CARE COMPANY,984.81,2,2026-07-29,2026-07-29,same_timestamp,984.81,care_or_education_placement,Adult Social Care,Over500_2026_P04_-_published.xlsx:1672; Over500_2026_P04_-_published.xlsx:2655
We Are The Care Company Ltd,WE ARE CARE COMPANY,1036.03,2,2026-05-06,2026-05-06,same_timestamp,1036.03,care_or_education_placement,Adult Social Care,Over500_2026_P02_-_published.xlsx:1138; Over500_2026_P02_-_published.xlsx:1152
We Are The Care Company Ltd,WE ARE CARE COMPANY,1082.9,2,2026-05-06,2026-05-06,same_timestamp,1082.9,care_or_education_placement,Adult Social Care,Over500_2026_P02_-_published.xlsx:1129; Over500_2026_P02_-_published.xlsx:882
We Are The Care Company Ltd,WE ARE CARE COMPANY,1166.2,2,2026-07-29,2026-07-29,same_timestamp,1166.2,care_or_education_placement,Adult Social Care,Over500_2026_P04_-_published.xlsx:1605; Over500_2026_P04_-_published.xlsx:1684
We Are The Care Company Ltd,WE ARE CARE COMPANY,1275.12,2,2026-07-15,2026-07-15,same_timestamp,1275.12,care_or_education_placement,Adult Social Care,Over500_2026_P04_-_published.xlsx:2723; Over500_2026_P04_-_published.xlsx:2766
We Are The Care Company Ltd,WE ARE CARE COMPANY,1332.05,6,2026-05-06,2026-05-06,same_timestamp,6660.25,care_or_education_placement,Adult Social Care,Over500_2026_P02_-_published.xlsx:1128; Over500_2026_P02_-_published.xlsx:1148; Over500_2026_P02_-_published.xlsx:1151; Over500_2026_P02_-_published.xlsx:1155; Over500_2026_P02_-_published.xlsx:1156; Over500_2026_P02_-_published.xlsx:1159
We Are The Care Company Ltd,WE ARE CARE COMPANY,1392.3,3,2026-05-06,2026-05-06,same_timestamp,2784.6,care_or_education_placement,Adult Social Care,Over500_2026_P02_-_published.xlsx:1136; Over500_2026_P02_-_published.xlsx:1142; Over500_2026_P02_-_published.xlsx:1150
We Are The Care Company Ltd,WE ARE CARE COMPANY,1434.52,6,2026-06-10,2026-06-10,same_timestamp,7172.6,care_or_education_placement,Adult Social Care,Over500_2026_P03_-_published.xlsx:1060; Over500_2026_P03_-_published.xlsx:1107; Over500_2026_P03_-_published.xlsx:1108; Over500_2026_P03_-_published.xlsx:2693; Over500_2026_P03_-_published.xlsx:2748; Over500_2026_P03_-_published.xlsx:2749
We Are The Care Company Ltd,WE ARE CARE COMPANY,1434.52,3,2026-06-24,2026-06-24,same_timestamp,2869.04,care_or_education_placement,Adult Social Care,Over500_2026_P03_-_published.xlsx:1201; Over500_2026_P03_-_published.xlsx:1213; Over500_2026_P03_-_published.xlsx:1232
We Are The Care Company Ltd,WE ARE CARE COMPANY,1434.52,10,2026-07-08,2026-07-08,same_timestamp,12910.68,care_or_education_placement,Adult Social Care,Over500_2026_P04_-_published.xlsx:1329; Over500_2026_P04_-_published.xlsx:1331; Over500_2026_P04_-_published.xlsx:1333; Over500_2026_P04_-_published.xlsx:1339; Over500_2026_P04_-_published.xlsx:1375; Over500_2026_P04_-_published.xlsx:1443; Over500_2026_P04_-_published.xlsx:1568; Over500_2026_P04_-_published.xlsx:1793; Over500_2026_P04_-_published.xlsx:2075; Over500_2026_P04_-_published.xlsx:2076
We Are The Care Company Ltd,WE ARE CARE COMPANY,1434.52,7,2026-07-29,2026-07-29,same_timestamp,8607.12,care_or_education_placement,Adult Social Care,Over500_2026_P04_-_published.xlsx:1647; Over500_2026_P04_-_published.xlsx:1648; Over500_2026_P04_-_published.xlsx:1671; Over500_2026_P04_-_published.xlsx:1674; Over500_2026_P04_-_published.xlsx:1687; Over500_2026_P04_-_published.xlsx:1691; Over500_2026_P04_-_published.xlsx:2371
We Are The Care Company Ltd,WE ARE CARE COMPANY,1499.4,2,2026-06-10,2026-06-10,same_timestamp,1499.4,care_or_education_placement,Adult Social Care,Over500_2026_P03_-_published.xlsx:1058; Over500_2026_P03_-_published.xlsx:2747
We Are The Care Company Ltd,WE ARE CARE COMPANY,1499.4,2,2026-07-08,2026-07-08,same_timestamp,1499.4,care_or_education_placement,Adult Social Care,Over500_2026_P04_-_published.xlsx:1321; Over500_2026_P04_-_published.xlsx:1370
We Are The Care Company Ltd,WE ARE CARE COMPANY,1499.4,4,2026-07-22,2026-07-29,different_time,4498.2,care_or_education_placement,Adult Social Care,Over500_2026_P04_-_published.xlsx:1588; Over500_2026_P04_-_published.xlsx:1609; Over500_2026_P04_-_published.xlsx:1681; Over500_2026_P04_-_published.xlsx:1683
We Are The Care Company Ltd,WE ARE CARE COMPANY,1776.1,2,2026-05-06,2026-05-06,same_timestamp,1776.1,care_or_education_placement,Adult Social Care,Over500_2026_P02_-_published.xlsx:1131; Over500_2026_P02_-_published.xlsx:1583
We Are The Care Company Ltd,WE ARE CARE COMPANY,1912.68,2,2026-06-10,2026-06-10,same_timestamp,1912.68,care_or_education_placement,Adult Social Care,Over500_2026_P03_-_published.xlsx:1077; Over500_2026_P03_-_published.xlsx:1113
We Are The Care Company Ltd,WE ARE CARE COMPANY,1912.68,2,2026-07-08,2026-07-08,same_timestamp,1912.68,care_or_education_placement,Adult Social Care,Over500_2026_P04_-_published.xlsx:1378; Over500_2026_P04_-_published.xlsx:1379
We Are The Care Company Ltd,WE ARE CARE COMPANY,1912.68,2,2026-07-29,2026-07-29,same_timestamp,1912.68,care_or_education_placement,Adult Social Care,Over500_2026_P04_-_published.xlsx:1692; Over500_2026_P04_-_published.xlsx:2376
We Are The Care Company Ltd,WE ARE CARE COMPANY,1912.72,2,2026-07-17,2026-07-17,same_timestamp,1912.72,care_or_education_placement,Adult Social Care,Over500_2026_P04_-_published.xlsx:1543; Over500_2026_P04_-_published.xlsx:2216
We Are The Care Company Ltd,WE ARE CARE COMPANY,2231.44,2,2026-06-24,2026-06-24,same_timestamp,2231.44,care_or_education_placement,Adult Social Care,Over500_2026_P03_-_published.xlsx:1228; Over500_2026_P03_-_published.xlsx:1231
We Are The Care Company Ltd,WE ARE CARE COMPANY,2231.44,3,2026-07-15,2026-07-17,different_time,4462.88,care_or_education_placement,Adult Social Care,Over500_2026_P04_-_published.xlsx:2704; Over500_2026_P04_-_published.xlsx:2737; Over500_2026_P04_-_published.xlsx:1542
We Are The Care Company Ltd,WE ARE CARE COMPANY,2231.44,2,2026-07-29,2026-07-29,same_timestamp,2231.44,care_or_education_placement,Adult Social Care,Over500_2026_P04_-_published.xlsx:1673; Over500_2026_P04_-_published.xlsx:2367
We Are The Care Company Ltd,WE ARE CARE COMPANY,2550.24,4,2026-06-10,2026-06-10,same_timestamp,7650.72,care_or_education_placement,Adult Social Care,Over500_2026_P03_-_published.xlsx:1111; Over500_2026_P03_-_published.xlsx:2745; Over500_2026_P03_-_published.xlsx:2867; Over500_2026_P03_-_published.xlsx:879
We Are The Care Company Ltd,WE ARE CARE COMPANY,2550.24,2,2026-07-08,2026-07-08,same_timestamp,2550.24,care_or_education_placement,Adult Social Care,Over500_2026_P04_-_published.xlsx:1338; Over500_2026_P04_-_published.xlsx:2028
We Are The Care Company Ltd,WE ARE CARE COMPANY,2550.24,3,2026-07-29,2026-07-29,same_timestamp,5100.48,care_or_education_placement,Adult Social Care,Over500_2026_P04_-_published.xlsx:1645; Over500_2026_P04_-_published.xlsx:2065; Over500_2026_P04_-_published.xlsx:2373
We Are The Care Company Ltd,WE ARE CARE COMPANY,2784.6,2,2026-05-06,2026-05-06,same_timestamp,2784.6,care_or_education_placement,Adult Social Care,Over500_2026_P02_-_published.xlsx:1113; Over500_2026_P02_-_published.xlsx:1130
We Are The Care Company Ltd,WE ARE CARE COMPANY,2869.04,2,2026-07-08,2026-07-08,same_timestamp,2869.04,care_or_education_placement,Adult Social Care,Over500_2026_P04_-_published.xlsx:1376; Over500_2026_P04_-_published.xlsx:2061
We Are The Care Company Ltd,WE ARE CARE COMPANY,2998.8,2,2026-06-10,2026-06-10,same_timestamp,2998.8,care_or_education_placement,Adult Social Care,Over500_2026_P03_-_published.xlsx:1054; Over500_2026_P03_-_published.xlsx:1070
We Are The Care Company Ltd,WE ARE CARE COMPANY,2998.8,2,2026-07-08,2026-07-08,same_timestamp,2998.8,care_or_education_placement,Adult Social Care,Over500_2026_P04_-_published.xlsx:2054; Over500_2026_P04_-_published.xlsx:2055
We Are The Care Company Ltd,WE ARE CARE COMPANY,3506.56,2,2026-06-10,2026-06-10,same_timestamp,3506.56,care_or_education_placement,Adult Social Care,Over500_2026_P03_-_published.xlsx:1068; Over500_2026_P03_-_published.xlsx:2692
We Are The Care Company Ltd,WE ARE CARE COMPANY,3506.56,2,2026-07-08,2026-07-08,same_timestamp,3506.56,care_or_education_placement,Adult Social Care,Over500_2026_P04_-_published.xlsx:1325; Over500_2026_P04_-_published.xlsx:2058
We Are The Care Company Ltd,WE ARE CARE COMPANY,5175.36,2,2026-06-10,2026-06-10,same_timestamp,5175.36,care_or_education_placement,Adult Social Care,Over500_2026_P03_-_published.xlsx:838; Over500_2026_P03_-_published.xlsx:858
We Are The Care Company Ltd,WE ARE CARE COMPANY,5175.36,2,2026-07-08,2026-07-08,same_timestamp,5175.36,care_or_education_placement,Adult Social Care,Over500_2026_P04_-_published.xlsx:896; Over500_2026_P04_-_published.xlsx:921
We Are The Care Company Ltd,WE ARE CARE COMPANY,5175.36,2,2026-07-29,2026-07-29,same_timestamp,5175.36,care_or_education_placement,Adult Social Care,Over500_2026_P04_-_published.xlsx:956; Over500_2026_P04_-_published.xlsx:957
WEST BERKSHIRE MENCAP,WEST BERKSHIRE MENCAP,672.25,4,2026-05-20,2026-05-20,same_timestamp,2016.75,care_or_education_placement,Adult Social Care,Over500_2026_P02_-_published.xlsx:810; Over500_2026_P02_-_published.xlsx:811; Over500_2026_P02_-_published.xlsx:812; Over500_2026_P02_-_published.xlsx:815
WEST BERKSHIRE MENCAP,WEST BERKSHIRE MENCAP,674.04,6,2026-07-01,2026-07-01,same_timestamp,3370.2,care_or_education_placement,Adult Social Care,Over500_2026_P04_-_published.xlsx:1428; Over500_2026_P04_-_published.xlsx:1430; Over500_2026_P04_-_published.xlsx:683; Over500_2026_P04_-_published.xlsx:684; Over500_2026_P04_-_published.xlsx:686; Over500_2026_P04_-_published.xlsx:848
WEST BERKSHIRE MENCAP,WEST BERKSHIRE MENCAP,758.52,2,2026-07-15,2026-07-15,same_timestamp,758.52,care_or_education_placement,Adult Social Care,Over500_2026_P04_-_published.xlsx:658; Over500_2026_P04_-_published.xlsx:865
WEST BERKSHIRE MENCAP,WEST BERKSHIRE MENCAP,895.14,2,2026-05-20,2026-05-20,same_timestamp,895.14,care_or_education_placement,Adult Social Care,Over500_2026_P02_-_published.xlsx:820; Over500_2026_P02_-_published.xlsx:822
WEST BERKSHIRE MENCAP,WEST BERKSHIRE MENCAP,898.72,3,2026-07-01,2026-07-01,same_timestamp,1797.44,care_or_education_placement,Adult Social Care,Over500_2026_P04_-_published.xlsx:1427; Over500_2026_P04_-_published.xlsx:875; Over500_2026_P04_-_published.xlsx:876
WEST BERKSHIRE MENCAP,WEST BERKSHIRE MENCAP,1513.6,2,2026-07-15,2026-07-15,same_timestamp,1513.6,care_or_education_placement,Adult Social Care,Over500_2026_P04_-_published.xlsx:660; Over500_2026_P04_-_published.xlsx:867
WEST BERKSHIRE MENCAP,WEST BERKSHIRE MENCAP,1513.92,2,2026-07-15,2026-07-15,same_timestamp,1513.92,care_or_education_placement,Adult Social Care,Over500_2026_P04_-_published.xlsx:662; Over500_2026_P04_-_published.xlsx:864
WEST BERKSHIRE MENCAP,WEST BERKSHIRE MENCAP,3026.52,2,2026-07-15,2026-07-15,same_timestamp,3026.52,care_or_education_placement,Adult Social Care,Over500_2026_P04_-_published.xlsx:1411; Over500_2026_P04_-_published.xlsx:1417
WEST BERKSHIRE MENCAP,WEST BERKSHIRE MENCAP,5324.48,2,2026-07-15,2026-07-15,same_timestamp,5324.48,care_or_education_placement,Adult Social Care,Over500_2026_P04_-_published.xlsx:659; Over500_2026_P04_-_published.xlsx:866
WEST BERKSHIRE MENCAP,WEST BERKSHIRE MENCAP,6655.6,2,2026-07-15,2026-07-15,same_timestamp,6655.6,care_or_education_placement,Adult Social Care,Over500_2026_P04_-_published.xlsx:811; Over500_2026_P04_-_published.xlsx:868
WEST BERKSHIRE MENCAP,WEST BERKSHIRE MENCAP,6750.68,2,2026-07-15,2026-07-15,same_timestamp,6750.68,care_or_education_placement,Adult Social Care,Over500_2026_P04_-_published.xlsx:663; Over500_2026_P04_-_published.xlsx:863
WEST BERKSHIRE MENCAP,WEST BERKSHIRE MENCAP,10458.8,2,2026-07-15,2026-07-15,same_timestamp,10458.8,care_or_education_placement,Adult Social Care,Over500_2026_P04_-_published.xlsx:1418; Over500_2026_P04_-_published.xlsx:810
WINCHMORE TUTORS LTD,WINCHMORE TUTORS,520.0,2,2026-06-03,2026-06-03,different_time,520.0,care_or_education_placement,Education (DSG Funded) & Other Education Grants,Over500_2026_P03_-_published.xlsx:2182; Over500_2026_P03_-_published.xlsx:2226
THE WINDSOR FOREST COLLEGES GROUP,WINDSOR FOREST COLLEGES GROUP,1403.54,3,2026-07-23,2026-07-23,same_timestamp,2807.08,care_or_education_placement,Education (DSG Funded) & Other Education Grants,Over500_2026_P04_-_published.xlsx:3254; Over500_2026_P04_-_published.xlsx:3335; Over500_2026_P04_-_published.xlsx:3336
YOUNG PEOPLE & CHILDREN FIRST,YOUNG PEOPLE AND CHILDREN FIRST,4097.6,2,2026-06-09,2026-06-09,same_timestamp,4097.6,care_or_education_placement,Children's Social Care,Over500_2026_P03_-_published.xlsx:1998; Over500_2026_P03_-_published.xlsx:3036
Your Serenity Ltd,YOUR SERENITY,546.48,3,2026-07-01,2026-07-15,different_time,1092.96,care_or_education_placement,Adult Social Care,Over500_2026_P04_-_published.xlsx:1168; Over500_2026_P04_-_published.xlsx:1227; Over500_2026_P04_-_published.xlsx:2837
Your Serenity Ltd,YOUR SERENITY,666.72,2,2026-07-01,2026-07-08,different_time,666.72,care_or_education_placement,Adult Social Care,Over500_2026_P04_-_published.xlsx:1776; Over500_2026_P04_-_published.xlsx:1815
Your Serenity Ltd,YOUR SERENITY,949.96,2,2026-07-01,2026-07-08,different_time,949.96,care_or_education_placement,Adult Social Care,Over500_2026_P04_-_published.xlsx:1857; Over500_2026_P04_-_published.xlsx:2047
Your Serenity Ltd,YOUR SERENITY,956.36,2,2026-07-01,2026-07-08,different_time,956.36,care_or_education_placement,Adult Social Care,Over500_2026_P04_-_published.xlsx:890; Over500_2026_P04_-_published.xlsx:929
Your Serenity Ltd,YOUR SERENITY,1434.52,4,2026-07-01,2026-07-08,different_time,4303.56,care_or_education_placement,Adult Social Care,Over500_2026_P04_-_published.xlsx:1167; Over500_2026_P04_-_published.xlsx:2916; Over500_2026_P04_-_published.xlsx:1254; Over500_2026_P04_-_published.xlsx:3711
The Yume Project Ltd,YUME PROJECT,527.85,2,2026-06-03,2026-06-03,same_timestamp,527.85,care_or_education_placement,Adult Social Care,Over500_2026_P03_-_published.xlsx:1722; Over500_2026_P03_-_published.xlsx:2965
The Yume Project Ltd,YUME PROJECT,527.85,4,2026-07-15,2026-07-15,same_timestamp,1583.55,care_or_education_placement,Adult Social Care,Over500_2026_P04_-_published.xlsx:2596; Over500_2026_P04_-_published.xlsx:2641; Over500_2026_P04_-_published.xlsx:3482; Over500_2026_P04_-_published.xlsx:3556
The Yume Project Ltd,YUME PROJECT,626.96,4,2026-06-03,2026-06-03,same_timestamp,1880.88,care_or_education_placement,Adult Social Care,Over500_2026_P03_-_published.xlsx:1672; Over500_2026_P03_-_published.xlsx:1721; Over500_2026_P03_-_published.xlsx:1788; Over500_2026_P03_-_published.xlsx:2962
The Yume Project Ltd,YUME PROJECT,626.96,3,2026-07-15,2026-07-15,same_timestamp,1253.92,care_or_education_placement,Adult Social Care,Over500_2026_P04_-_published.xlsx:2618; Over500_2026_P04_-_published.xlsx:3483; Over500_2026_P04_-_published.xlsx:3552
The Yume Project Ltd,YUME PROJECT,705.33,4,2026-06-17,2026-06-24,different_time,2115.99,care_or_education_placement,Adult Social Care,Over500_2026_P03_-_published.xlsx:1725; Over500_2026_P03_-_published.xlsx:1726; Over500_2026_P03_-_published.xlsx:1747; Over500_2026_P03_-_published.xlsx:2970
The Yume Project Ltd,YUME PROJECT,705.33,4,2026-07-15,2026-07-22,different_time,2115.99,care_or_education_placement,Adult Social Care,Over500_2026_P04_-_published.xlsx:2593; Over500_2026_P04_-_published.xlsx:2640; Over500_2026_P04_-_published.xlsx:3554; Over500_2026_P04_-_published.xlsx:3562
The Yume Project Ltd,YUME PROJECT,762.45,2,2026-07-15,2026-07-15,same_timestamp,762.45,care_or_education_placement,Adult Social Care,Over500_2026_P04_-_published.xlsx:2642; Over500_2026_P04_-_published.xlsx:3484
The Yume Project Ltd,YUME PROJECT,940.44,2,2026-07-15,2026-07-15,same_timestamp,940.44,care_or_education_placement,Adult Social Care,Over500_2026_P04_-_published.xlsx:2616; Over500_2026_P04_-_published.xlsx:2639
The Yume Project Ltd,YUME PROJECT,1018.81,2,2026-06-03,2026-06-03,same_timestamp,1018.81,care_or_education_placement,Adult Social Care,Over500_2026_P03_-_published.xlsx:1670; Over500_2026_P03_-_published.xlsx:2963
The Yume Project Ltd,YUME PROJECT,1018.81,2,2026-06-17,2026-06-17,same_timestamp,1018.81,care_or_education_placement,Adult Social Care,Over500_2026_P03_-_published.xlsx:1744; Over500_2026_P03_-_published.xlsx:1796
The Yume Project Ltd,YUME PROJECT,1489.03,2,2026-06-24,2026-06-24,same_timestamp,1489.03,care_or_education_placement,Adult Social Care,Over500_2026_P03_-_published.xlsx:1750; Over500_2026_P03_-_published.xlsx:1751
The Yume Project Ltd,YUME PROJECT,1567.4,2,2026-06-03,2026-06-10,different_time,1567.4,care_or_education_placement,Adult Social Care,Over500_2026_P03_-_published.xlsx:1789; Over500_2026_P03_-_published.xlsx:1792
The Yume Project Ltd,YUME PROJECT,1724.14,2,2026-07-15,2026-07-15,same_timestamp,1724.14,care_or_education_placement,Adult Social Care,Over500_2026_P04_-_published.xlsx:2617; Over500_2026_P04_-_published.xlsx:3557
