row_id,source_file,sheet_row,pay_date,supplier_norm,tag,Service,Expenditure category,Narrative,Date,Net amount,Supplier name,exclusion
Over500_2026_P02_-_published.xlsx:2,Over500_2026_P02_-_published.xlsx,2,2026-05-20,ROYAL BOROUGH OF WINDSOR AND MAIDENHEAD,general_procurement,Strategy & Governance,Employees,Employers LGPS Deficit Contribution,2026-05-20 17:56:29.953,575000.0,Royal Borough of Windsor and Maidenhead,pension_statutory
Over500_2026_P02_-_published.xlsx:79,Over500_2026_P02_-_published.xlsx,79,2026-05-29,REDACTED,premises_non_procurement,Development & Housing,Premises,Rents,2026-05-29 09:35:49.033,1456.0,Redacted,redacted_supplier
Over500_2026_P02_-_published.xlsx:80,Over500_2026_P02_-_published.xlsx,80,2026-05-29,REDACTED,premises_non_procurement,Development & Housing,Premises,Rents,2026-05-29 09:35:49.033,1456.0,Redacted,redacted_supplier
Over500_2026_P02_-_published.xlsx:107,Over500_2026_P02_-_published.xlsx,107,2026-05-18,REDACTED,premises_non_procurement,Development & Housing,Premises,Rents,2026-05-18 15:20:11.813,2400.0,Redacted,redacted_supplier
Over500_2026_P02_-_published.xlsx:108,Over500_2026_P02_-_published.xlsx,108,2026-05-18,REDACTED,premises_non_procurement,Development & Housing,Premises,Rents,2026-05-18 15:26:26.650,4100.0,Redacted,redacted_supplier
Over500_2026_P02_-_published.xlsx:110,Over500_2026_P02_-_published.xlsx,110,2026-05-22,REDACTED,premises_non_procurement,Development & Housing,Premises,Rents,2026-05-22 09:11:45.800,1650.0,Redacted,redacted_supplier
Over500_2026_P02_-_published.xlsx:433,Over500_2026_P02_-_published.xlsx,433,2026-05-19,REDACTED,general_procurement,Children's Social Care,Supplies & Services,Public Transport,2026-05-19 11:28:01.040,591.3,Redacted,redacted_supplier
Over500_2026_P02_-_published.xlsx:489,Over500_2026_P02_-_published.xlsx,489,2026-05-12,BERKSHIRE HEALTHCARE NHS FOUNDATION TRUST,general_procurement,Education & SEND,Supplies & Services,Training Third Parties,2026-05-12 11:19:53.440,743.33,BERKSHIRE HEALTHCARE NHS FOUNDATION TRUST,inter_authority
Over500_2026_P02_-_published.xlsx:499,Over500_2026_P02_-_published.xlsx,499,2026-05-18,HAMPSHIRE COUNTY COUNCIL,general_procurement,Strategy & Governance,Supplies & Services,Legal Fees,2026-05-18 15:00:08.023,5017.4,HAMPSHIRE COUNTY COUNCIL,inter_authority
Over500_2026_P02_-_published.xlsx:585,Over500_2026_P02_-_published.xlsx,585,2026-05-12,HAMPSHIRE COUNTY COUNCIL,grant,Education (DSG Funded) & Other Education Grants,Supplies & Services,Grants,2026-05-12 13:05:51.617,2260.0,HAMPSHIRE COUNTY COUNCIL,inter_authority
Over500_2026_P02_-_published.xlsx:646,Over500_2026_P02_-_published.xlsx,646,2026-05-13,TAMESIDE METROPOLITAN BOROUGH,general_procurement,Community Services,Supplies & Services,Subscriptions,2026-05-13 11:56:11.827,802.37,TAMESIDE  METROPOLITAN BOROUGH,inter_authority
Over500_2026_P02_-_published.xlsx:688,Over500_2026_P02_-_published.xlsx,688,2026-05-08,REDACTED,general_procurement,Development & Housing,Third Party Payments,Payment to contractor,2026-05-08 13:05:37.070,3752.4,Redacted,redacted_supplier
Over500_2026_P02_-_published.xlsx:767,Over500_2026_P02_-_published.xlsx,767,2026-05-13,READING BOROUGH COUNCIL,general_procurement,Adult Social Care,Third Party Payments,Payments to Other Local Authorities (excl Joint Arrangements),2026-05-13 10:12:08.150,4506.7,READING BOROUGH COUNCIL,inter_authority
Over500_2026_P02_-_published.xlsx:858,Over500_2026_P02_-_published.xlsx,858,2026-05-27,BERKSHIRE COUNTY SPORTS PARTNERSHIP GET BERKSHIRE ACTIVE,general_procurement,Public Health & Wellbeing,Third Party Payments,Voluntary Associations,2026-05-27 09:52:04.687,15426.25,Berkshire County Sports Partnership/Get Berkshire Active,inter_authority
Over500_2026_P02_-_published.xlsx:2284,Over500_2026_P02_-_published.xlsx,2284,2026-05-06,REDACTED,general_procurement,Children's Social Care,Transfer Payment,Allowances for provision care,2026-05-06 12:12:15.823,916.18,Redacted,redacted_supplier
Over500_2026_P02_-_published.xlsx:2285,Over500_2026_P02_-_published.xlsx,2285,2026-05-06,REDACTED,general_procurement,Children's Social Care,Transfer Payment,Allowances for provision care,2026-05-06 12:12:15.823,954.38,Redacted,redacted_supplier
Over500_2026_P02_-_published.xlsx:2286,Over500_2026_P02_-_published.xlsx,2286,2026-05-06,REDACTED,general_procurement,Children's Social Care,Transfer Payment,Allowances for provision care,2026-05-06 12:12:15.823,594.26,Redacted,redacted_supplier
Over500_2026_P02_-_published.xlsx:2287,Over500_2026_P02_-_published.xlsx,2287,2026-05-06,REDACTED,general_procurement,Children's Social Care,Transfer Payment,Allowances for provision care,2026-05-06 12:12:15.823,594.26,Redacted,redacted_supplier
Over500_2026_P02_-_published.xlsx:2288,Over500_2026_P02_-_published.xlsx,2288,2026-05-06,REDACTED,general_procurement,Children's Social Care,Transfer Payment,Allowances for provision care,2026-05-06 12:12:15.823,653.24,Redacted,redacted_supplier
Over500_2026_P02_-_published.xlsx:2289,Over500_2026_P02_-_published.xlsx,2289,2026-05-06,REDACTED,general_procurement,Children's Social Care,Transfer Payment,Allowances for provision care,2026-05-06 12:12:15.823,533.0,Redacted,redacted_supplier
Over500_2026_P02_-_published.xlsx:2290,Over500_2026_P02_-_published.xlsx,2290,2026-05-06,REDACTED,general_procurement,Children's Social Care,Transfer Payment,Allowances for provision care,2026-05-06 12:12:15.823,682.52,Redacted,redacted_supplier
Over500_2026_P02_-_published.xlsx:2292,Over500_2026_P02_-_published.xlsx,2292,2026-05-06,REDACTED,general_procurement,Children's Social Care,Transfer Payment,Allowances for provision care,2026-05-06 12:12:15.823,1000.0,Redacted,redacted_supplier
Over500_2026_P02_-_published.xlsx:2293,Over500_2026_P02_-_published.xlsx,2293,2026-05-06,REDACTED,general_procurement,Children's Social Care,Transfer Payment,Allowances for provision care,2026-05-06 12:12:15.823,559.26,Redacted,redacted_supplier
Over500_2026_P02_-_published.xlsx:2294,Over500_2026_P02_-_published.xlsx,2294,2026-05-06,REDACTED,general_procurement,Children's Social Care,Transfer Payment,Allowances for provision care,2026-05-06 12:12:15.823,916.18,Redacted,redacted_supplier
Over500_2026_P02_-_published.xlsx:2295,Over500_2026_P02_-_published.xlsx,2295,2026-05-06,REDACTED,general_procurement,Children's Social Care,Transfer Payment,Allowances for provision care,2026-05-06 12:12:15.823,975.16,Redacted,redacted_supplier
Over500_2026_P02_-_published.xlsx:2296,Over500_2026_P02_-_published.xlsx,2296,2026-05-06,REDACTED,general_procurement,Children's Social Care,Transfer Payment,Allowances for provision care,2026-05-06 12:12:15.823,559.26,Redacted,redacted_supplier
Over500_2026_P02_-_published.xlsx:2297,Over500_2026_P02_-_published.xlsx,2297,2026-05-06,REDACTED,general_procurement,Children's Social Care,Transfer Payment,Allowances for provision care,2026-05-06 12:12:15.823,636.18,Redacted,redacted_supplier
Over500_2026_P02_-_published.xlsx:2298,Over500_2026_P02_-_published.xlsx,2298,2026-05-06,REDACTED,general_procurement,Children's Social Care,Transfer Payment,Allowances for provision care,2026-05-06 12:12:15.823,1209.7,Redacted,redacted_supplier
Over500_2026_P02_-_published.xlsx:2299,Over500_2026_P02_-_published.xlsx,2299,2026-05-06,REDACTED,general_procurement,Children's Social Care,Transfer Payment,Allowances for provision care,2026-05-06 12:12:15.823,636.18,Redacted,redacted_supplier
Over500_2026_P02_-_published.xlsx:2300,Over500_2026_P02_-_published.xlsx,2300,2026-05-06,REDACTED,general_procurement,Children's Social Care,Transfer Payment,Allowances for provision care,2026-05-06 12:12:15.823,559.26,Redacted,redacted_supplier
Over500_2026_P02_-_published.xlsx:2301,Over500_2026_P02_-_published.xlsx,2301,2026-05-06,REDACTED,general_procurement,Children's Social Care,Transfer Payment,Allowances for provision care,2026-05-06 12:12:15.823,1832.36,Redacted,redacted_supplier
Over500_2026_P02_-_published.xlsx:2302,Over500_2026_P02_-_published.xlsx,2302,2026-05-06,REDACTED,general_procurement,Children's Social Care,Transfer Payment,Allowances for provision care,2026-05-06 12:12:15.823,889.44,Redacted,redacted_supplier
Over500_2026_P02_-_published.xlsx:2303,Over500_2026_P02_-_published.xlsx,2303,2026-05-06,REDACTED,general_procurement,Children's Social Care,Transfer Payment,Allowances for provision care,2026-05-06 12:12:15.823,889.44,Redacted,redacted_supplier
Over500_2026_P02_-_published.xlsx:2304,Over500_2026_P02_-_published.xlsx,2304,2026-05-06,REDACTED,general_procurement,Children's Social Care,Transfer Payment,Allowances for provision care,2026-05-06 12:12:15.823,975.16,Redacted,redacted_supplier
Over500_2026_P02_-_published.xlsx:2305,Over500_2026_P02_-_published.xlsx,2305,2026-05-06,REDACTED,general_procurement,Children's Social Care,Transfer Payment,Allowances for provision care,2026-05-06 12:12:15.823,1209.7,Redacted,redacted_supplier
Over500_2026_P02_-_published.xlsx:2306,Over500_2026_P02_-_published.xlsx,2306,2026-05-06,REDACTED,general_procurement,Children's Social Care,Transfer Payment,Allowances for provision care,2026-05-06 12:12:15.823,559.26,Redacted,redacted_supplier
Over500_2026_P02_-_published.xlsx:2307,Over500_2026_P02_-_published.xlsx,2307,2026-05-06,REDACTED,general_procurement,Children's Social Care,Transfer Payment,Allowances for provision care,2026-05-06 12:12:15.823,636.18,Redacted,redacted_supplier
Over500_2026_P02_-_published.xlsx:2308,Over500_2026_P02_-_published.xlsx,2308,2026-05-06,REDACTED,general_procurement,Children's Social Care,Transfer Payment,Allowances for provision care,2026-05-06 12:12:15.823,916.18,Redacted,redacted_supplier
Over500_2026_P02_-_published.xlsx:2309,Over500_2026_P02_-_published.xlsx,2309,2026-05-06,REDACTED,general_procurement,Children's Social Care,Transfer Payment,Allowances for provision care,2026-05-06 12:12:15.823,1000.0,Redacted,redacted_supplier
Over500_2026_P02_-_published.xlsx:2310,Over500_2026_P02_-_published.xlsx,2310,2026-05-06,REDACTED,general_procurement,Children's Social Care,Transfer Payment,Allowances for provision care,2026-05-06 12:12:15.823,975.16,Redacted,redacted_supplier
Over500_2026_P02_-_published.xlsx:2311,Over500_2026_P02_-_published.xlsx,2311,2026-05-06,REDACTED,general_procurement,Children's Social Care,Transfer Payment,Allowances for provision care,2026-05-06 12:12:15.823,1209.7,Redacted,redacted_supplier
Over500_2026_P02_-_published.xlsx:2312,Over500_2026_P02_-_published.xlsx,2312,2026-05-06,REDACTED,general_procurement,Children's Social Care,Transfer Payment,Allowances for provision care,2026-05-06 12:12:15.823,1000.0,Redacted,redacted_supplier
Over500_2026_P02_-_published.xlsx:2313,Over500_2026_P02_-_published.xlsx,2313,2026-05-06,REDACTED,general_procurement,Children's Social Care,Transfer Payment,Allowances for provision care,2026-05-06 12:12:15.823,954.38,Redacted,redacted_supplier
Over500_2026_P02_-_published.xlsx:2314,Over500_2026_P02_-_published.xlsx,2314,2026-05-06,REDACTED,general_procurement,Children's Social Care,Transfer Payment,Allowances for provision care,2026-05-06 12:12:15.823,559.26,Redacted,redacted_supplier
Over500_2026_P02_-_published.xlsx:2315,Over500_2026_P02_-_published.xlsx,2315,2026-05-06,REDACTED,general_procurement,Children's Social Care,Transfer Payment,Allowances for provision care,2026-05-06 12:12:15.823,559.26,Redacted,redacted_supplier
Over500_2026_P02_-_published.xlsx:2316,Over500_2026_P02_-_published.xlsx,2316,2026-05-06,REDACTED,general_procurement,Children's Social Care,Transfer Payment,Allowances for provision care,2026-05-06 12:12:15.823,916.18,Redacted,redacted_supplier
Over500_2026_P02_-_published.xlsx:2317,Over500_2026_P02_-_published.xlsx,2317,2026-05-06,REDACTED,general_procurement,Children's Social Care,Transfer Payment,Allowances for provision care,2026-05-06 12:12:15.823,975.16,Redacted,redacted_supplier
Over500_2026_P02_-_published.xlsx:2318,Over500_2026_P02_-_published.xlsx,2318,2026-05-06,REDACTED,general_procurement,Children's Social Care,Transfer Payment,Allowances for provision care,2026-05-06 12:12:15.823,1209.7,Redacted,redacted_supplier
Over500_2026_P02_-_published.xlsx:2319,Over500_2026_P02_-_published.xlsx,2319,2026-05-06,REDACTED,general_procurement,Children's Social Care,Transfer Payment,Allowances for provision care,2026-05-06 12:12:15.823,547.35,Redacted,redacted_supplier
Over500_2026_P02_-_published.xlsx:2320,Over500_2026_P02_-_published.xlsx,2320,2026-05-06,REDACTED,general_procurement,Children's Social Care,Transfer Payment,Allowances for provision care,2026-05-06 12:12:15.823,1209.7,Redacted,redacted_supplier
Over500_2026_P02_-_published.xlsx:2321,Over500_2026_P02_-_published.xlsx,2321,2026-05-06,REDACTED,general_procurement,Children's Social Care,Transfer Payment,Allowances for provision care,2026-05-06 12:12:15.823,1467.52,Redacted,redacted_supplier
Over500_2026_P02_-_published.xlsx:2322,Over500_2026_P02_-_published.xlsx,2322,2026-05-06,REDACTED,general_procurement,Children's Social Care,Transfer Payment,Allowances for provision care,2026-05-06 12:12:15.823,975.16,Redacted,redacted_supplier
Over500_2026_P02_-_published.xlsx:2323,Over500_2026_P02_-_published.xlsx,2323,2026-05-06,REDACTED,general_procurement,Children's Social Care,Transfer Payment,Allowances for provision care,2026-05-06 12:12:15.823,975.16,Redacted,redacted_supplier
Over500_2026_P02_-_published.xlsx:2324,Over500_2026_P02_-_published.xlsx,2324,2026-05-06,REDACTED,general_procurement,Children's Social Care,Transfer Payment,Allowances for provision care,2026-05-06 12:12:15.823,975.16,Redacted,redacted_supplier
Over500_2026_P02_-_published.xlsx:2325,Over500_2026_P02_-_published.xlsx,2325,2026-05-06,REDACTED,general_procurement,Children's Social Care,Transfer Payment,Allowances for provision care,2026-05-06 12:12:15.823,975.16,Redacted,redacted_supplier
Over500_2026_P02_-_published.xlsx:2326,Over500_2026_P02_-_published.xlsx,2326,2026-05-06,REDACTED,general_procurement,Children's Social Care,Transfer Payment,Allowances for provision care,2026-05-06 12:12:15.823,851.74,Redacted,redacted_supplier
Over500_2026_P02_-_published.xlsx:2327,Over500_2026_P02_-_published.xlsx,2327,2026-05-06,REDACTED,general_procurement,Children's Social Care,Transfer Payment,Allowances for provision care,2026-05-06 12:12:15.823,916.18,Redacted,redacted_supplier
Over500_2026_P02_-_published.xlsx:2328,Over500_2026_P02_-_published.xlsx,2328,2026-05-06,REDACTED,general_procurement,Children's Social Care,Transfer Payment,Allowances for provision care,2026-05-06 12:12:15.823,975.16,Redacted,redacted_supplier
Over500_2026_P02_-_published.xlsx:2329,Over500_2026_P02_-_published.xlsx,2329,2026-05-06,REDACTED,general_procurement,Children's Social Care,Transfer Payment,Allowances for provision care,2026-05-06 12:12:15.823,975.16,Redacted,redacted_supplier
Over500_2026_P02_-_published.xlsx:2330,Over500_2026_P02_-_published.xlsx,2330,2026-05-06,REDACTED,general_procurement,Children's Social Care,Transfer Payment,Allowances for provision care,2026-05-06 12:12:15.823,916.18,Redacted,redacted_supplier
Over500_2026_P02_-_published.xlsx:2331,Over500_2026_P02_-_published.xlsx,2331,2026-05-06,REDACTED,general_procurement,Children's Social Care,Transfer Payment,Allowances for provision care,2026-05-06 12:12:15.823,975.16,Redacted,redacted_supplier
Over500_2026_P02_-_published.xlsx:2332,Over500_2026_P02_-_published.xlsx,2332,2026-05-06,REDACTED,general_procurement,Children's Social Care,Transfer Payment,Allowances for provision care,2026-05-06 12:12:15.823,639.15,Redacted,redacted_supplier
Over500_2026_P02_-_published.xlsx:2333,Over500_2026_P02_-_published.xlsx,2333,2026-05-06,REDACTED,general_procurement,Children's Social Care,Transfer Payment,Allowances for provision care,2026-05-06 12:12:15.823,916.18,Redacted,redacted_supplier
Over500_2026_P02_-_published.xlsx:2334,Over500_2026_P02_-_published.xlsx,2334,2026-05-06,REDACTED,general_procurement,Children's Social Care,Transfer Payment,Allowances for provision care,2026-05-06 12:12:15.823,916.18,Redacted,redacted_supplier
Over500_2026_P02_-_published.xlsx:2335,Over500_2026_P02_-_published.xlsx,2335,2026-05-06,REDACTED,general_procurement,Children's Social Care,Transfer Payment,Allowances for provision care,2026-05-06 12:12:15.823,1467.52,Redacted,redacted_supplier
Over500_2026_P02_-_published.xlsx:2336,Over500_2026_P02_-_published.xlsx,2336,2026-05-06,REDACTED,general_procurement,Children's Social Care,Transfer Payment,Allowances for provision care,2026-05-06 12:12:15.823,559.26,Redacted,redacted_supplier
Over500_2026_P02_-_published.xlsx:2337,Over500_2026_P02_-_published.xlsx,2337,2026-05-06,REDACTED,general_procurement,Children's Social Care,Transfer Payment,Allowances for provision care,2026-05-06 12:12:15.823,975.16,Redacted,redacted_supplier
Over500_2026_P02_-_published.xlsx:2338,Over500_2026_P02_-_published.xlsx,2338,2026-05-06,REDACTED,general_procurement,Children's Social Care,Transfer Payment,Allowances for provision care,2026-05-06 12:12:15.823,916.18,Redacted,redacted_supplier
Over500_2026_P02_-_published.xlsx:2339,Over500_2026_P02_-_published.xlsx,2339,2026-05-06,REDACTED,general_procurement,Children's Social Care,Transfer Payment,Allowances for provision care,2026-05-06 12:12:15.823,636.18,Redacted,redacted_supplier
Over500_2026_P02_-_published.xlsx:2340,Over500_2026_P02_-_published.xlsx,2340,2026-05-06,REDACTED,general_procurement,Children's Social Care,Transfer Payment,Allowances for provision care,2026-05-06 12:12:15.823,559.26,Redacted,redacted_supplier
Over500_2026_P02_-_published.xlsx:2341,Over500_2026_P02_-_published.xlsx,2341,2026-05-06,REDACTED,general_procurement,Children's Social Care,Transfer Payment,Allowances for provision care,2026-05-06 12:12:15.823,1209.7,Redacted,redacted_supplier
Over500_2026_P02_-_published.xlsx:2342,Over500_2026_P02_-_published.xlsx,2342,2026-05-06,REDACTED,general_procurement,Children's Social Care,Transfer Payment,Allowances for provision care,2026-05-06 12:12:15.823,1467.52,Redacted,redacted_supplier
Over500_2026_P02_-_published.xlsx:2343,Over500_2026_P02_-_published.xlsx,2343,2026-05-06,REDACTED,general_procurement,Children's Social Care,Transfer Payment,Allowances for provision care,2026-05-06 12:12:15.823,916.18,Redacted,redacted_supplier
Over500_2026_P02_-_published.xlsx:2344,Over500_2026_P02_-_published.xlsx,2344,2026-05-06,REDACTED,general_procurement,Children's Social Care,Transfer Payment,Allowances for provision care,2026-05-06 12:12:15.823,636.18,Redacted,redacted_supplier
Over500_2026_P02_-_published.xlsx:2345,Over500_2026_P02_-_published.xlsx,2345,2026-05-06,REDACTED,general_procurement,Children's Social Care,Transfer Payment,Allowances for provision care,2026-05-06 12:12:15.823,559.26,Redacted,redacted_supplier
Over500_2026_P02_-_published.xlsx:2346,Over500_2026_P02_-_published.xlsx,2346,2026-05-06,REDACTED,general_procurement,Children's Social Care,Transfer Payment,Allowances for provision care,2026-05-06 12:12:15.823,559.26,Redacted,redacted_supplier
Over500_2026_P02_-_published.xlsx:2347,Over500_2026_P02_-_published.xlsx,2347,2026-05-06,REDACTED,general_procurement,Children's Social Care,Transfer Payment,Allowances for provision care,2026-05-06 12:12:15.823,636.18,Redacted,redacted_supplier
Over500_2026_P02_-_published.xlsx:2348,Over500_2026_P02_-_published.xlsx,2348,2026-05-06,REDACTED,general_procurement,Children's Social Care,Transfer Payment,Allowances for provision care,2026-05-06 12:12:15.823,559.26,Redacted,redacted_supplier
Over500_2026_P02_-_published.xlsx:2349,Over500_2026_P02_-_published.xlsx,2349,2026-05-06,REDACTED,general_procurement,Children's Social Care,Transfer Payment,Allowances for provision care,2026-05-06 12:12:15.823,559.26,Redacted,redacted_supplier
Over500_2026_P02_-_published.xlsx:2350,Over500_2026_P02_-_published.xlsx,2350,2026-05-06,REDACTED,general_procurement,Children's Social Care,Transfer Payment,Allowances for provision care,2026-05-06 12:12:15.823,559.26,Redacted,redacted_supplier
Over500_2026_P02_-_published.xlsx:2351,Over500_2026_P02_-_published.xlsx,2351,2026-05-06,REDACTED,general_procurement,Children's Social Care,Transfer Payment,Allowances for provision care,2026-05-06 12:12:15.823,604.85,Redacted,redacted_supplier
Over500_2026_P02_-_published.xlsx:2352,Over500_2026_P02_-_published.xlsx,2352,2026-05-06,REDACTED,general_procurement,Children's Social Care,Transfer Payment,Allowances for provision care,2026-05-06 12:12:15.823,954.38,Redacted,redacted_supplier
Over500_2026_P02_-_published.xlsx:2353,Over500_2026_P02_-_published.xlsx,2353,2026-05-06,REDACTED,general_procurement,Children's Social Care,Transfer Payment,Allowances for provision care,2026-05-06 12:12:15.823,559.26,Redacted,redacted_supplier
Over500_2026_P02_-_published.xlsx:2354,Over500_2026_P02_-_published.xlsx,2354,2026-05-06,REDACTED,general_procurement,Children's Social Care,Transfer Payment,Allowances for provision care,2026-05-06 12:12:15.823,559.26,Redacted,redacted_supplier
Over500_2026_P02_-_published.xlsx:2355,Over500_2026_P02_-_published.xlsx,2355,2026-05-06,REDACTED,general_procurement,Children's Social Care,Transfer Payment,Allowances for provision care,2026-05-06 12:12:15.823,559.26,Redacted,redacted_supplier
Over500_2026_P02_-_published.xlsx:2356,Over500_2026_P02_-_published.xlsx,2356,2026-05-06,REDACTED,general_procurement,Children's Social Care,Transfer Payment,Allowances for provision care,2026-05-06 12:12:15.823,559.26,Redacted,redacted_supplier
Over500_2026_P02_-_published.xlsx:2357,Over500_2026_P02_-_published.xlsx,2357,2026-05-06,REDACTED,general_procurement,Children's Social Care,Transfer Payment,Allowances for provision care,2026-05-06 12:12:15.823,975.16,Redacted,redacted_supplier
Over500_2026_P02_-_published.xlsx:2358,Over500_2026_P02_-_published.xlsx,2358,2026-05-06,REDACTED,general_procurement,Children's Social Care,Transfer Payment,Allowances for provision care,2026-05-06 12:12:15.823,1467.52,Redacted,redacted_supplier
Over500_2026_P02_-_published.xlsx:2359,Over500_2026_P02_-_published.xlsx,2359,2026-05-06,REDACTED,general_procurement,Children's Social Care,Transfer Payment,Allowances for provision care,2026-05-06 12:12:15.823,898.81,Redacted,redacted_supplier
Over500_2026_P02_-_published.xlsx:2360,Over500_2026_P02_-_published.xlsx,2360,2026-05-06,REDACTED,general_procurement,Children's Social Care,Transfer Payment,Allowances for provision care,2026-05-06 12:12:15.823,1226.63,Redacted,redacted_supplier
Over500_2026_P02_-_published.xlsx:2361,Over500_2026_P02_-_published.xlsx,2361,2026-05-06,REDACTED,general_procurement,Children's Social Care,Transfer Payment,Allowances for provision care,2026-05-06 12:12:15.823,559.27,Redacted,redacted_supplier
Over500_2026_P02_-_published.xlsx:2362,Over500_2026_P02_-_published.xlsx,2362,2026-05-06,REDACTED,general_procurement,Children's Social Care,Transfer Payment,Allowances for provision care,2026-05-06 12:12:15.823,559.27,Redacted,redacted_supplier
Over500_2026_P02_-_published.xlsx:2363,Over500_2026_P02_-_published.xlsx,2363,2026-05-06,REDACTED,general_procurement,Children's Social Care,Transfer Payment,Allowances for provision care,2026-05-06 12:12:15.823,559.25,Redacted,redacted_supplier
Over500_2026_P02_-_published.xlsx:2364,Over500_2026_P02_-_published.xlsx,2364,2026-05-06,REDACTED,general_procurement,Children's Social Care,Transfer Payment,Allowances for provision care,2026-05-06 12:12:15.823,975.1,Redacted,redacted_supplier
Over500_2026_P02_-_published.xlsx:2365,Over500_2026_P02_-_published.xlsx,2365,2026-05-06,REDACTED,general_procurement,Children's Social Care,Transfer Payment,Allowances for provision care,2026-05-06 12:12:15.823,954.38,Redacted,redacted_supplier
Over500_2026_P02_-_published.xlsx:2367,Over500_2026_P02_-_published.xlsx,2367,2026-05-06,REDACTED,general_procurement,Children's Social Care,Transfer Payment,Allowances for provision care,2026-05-06 12:12:15.823,1209.7,Redacted,redacted_supplier
Over500_2026_P02_-_published.xlsx:2368,Over500_2026_P02_-_published.xlsx,2368,2026-05-06,REDACTED,general_procurement,Children's Social Care,Transfer Payment,Allowances for provision care,2026-05-06 12:12:15.823,1467.52,Redacted,redacted_supplier
Over500_2026_P02_-_published.xlsx:2369,Over500_2026_P02_-_published.xlsx,2369,2026-05-06,REDACTED,general_procurement,Children's Social Care,Transfer Payment,Allowances for provision care,2026-05-06 12:12:15.823,1467.52,Redacted,redacted_supplier
Over500_2026_P02_-_published.xlsx:2370,Over500_2026_P02_-_published.xlsx,2370,2026-05-06,REDACTED,general_procurement,Children's Social Care,Transfer Payment,Allowances for provision care,2026-05-06 12:12:15.823,954.38,Redacted,redacted_supplier
Over500_2026_P02_-_published.xlsx:2371,Over500_2026_P02_-_published.xlsx,2371,2026-05-06,REDACTED,general_procurement,Children's Social Care,Transfer Payment,Allowances for provision care,2026-05-06 12:12:15.823,916.18,Redacted,redacted_supplier
Over500_2026_P02_-_published.xlsx:2372,Over500_2026_P02_-_published.xlsx,2372,2026-05-06,REDACTED,general_procurement,Children's Social Care,Transfer Payment,Allowances for provision care,2026-05-06 12:12:15.823,636.18,Redacted,redacted_supplier
Over500_2026_P02_-_published.xlsx:2373,Over500_2026_P02_-_published.xlsx,2373,2026-05-06,REDACTED,general_procurement,Children's Social Care,Transfer Payment,Allowances for provision care,2026-05-06 12:12:15.823,1209.7,Redacted,redacted_supplier
Over500_2026_P02_-_published.xlsx:2374,Over500_2026_P02_-_published.xlsx,2374,2026-05-06,REDACTED,general_procurement,Children's Social Care,Transfer Payment,Allowances for provision care,2026-05-06 12:12:15.823,916.18,Redacted,redacted_supplier
Over500_2026_P02_-_published.xlsx:2375,Over500_2026_P02_-_published.xlsx,2375,2026-05-06,REDACTED,general_procurement,Children's Social Care,Transfer Payment,Allowances for provision care,2026-05-06 12:12:15.823,719.86,Redacted,redacted_supplier
Over500_2026_P02_-_published.xlsx:2376,Over500_2026_P02_-_published.xlsx,2376,2026-05-06,REDACTED,general_procurement,Children's Social Care,Transfer Payment,Allowances for provision care,2026-05-06 12:12:15.823,636.18,Redacted,redacted_supplier
Over500_2026_P02_-_published.xlsx:2377,Over500_2026_P02_-_published.xlsx,2377,2026-05-06,REDACTED,general_procurement,Children's Social Care,Transfer Payment,Allowances for provision care,2026-05-06 12:12:15.823,636.18,Redacted,redacted_supplier
Over500_2026_P02_-_published.xlsx:2378,Over500_2026_P02_-_published.xlsx,2378,2026-05-06,REDACTED,general_procurement,Children's Social Care,Transfer Payment,Allowances for provision care,2026-05-06 12:12:15.823,636.18,Redacted,redacted_supplier
Over500_2026_P02_-_published.xlsx:2379,Over500_2026_P02_-_published.xlsx,2379,2026-05-06,REDACTED,general_procurement,Children's Social Care,Transfer Payment,Allowances for provision care,2026-05-06 12:12:15.823,954.38,Redacted,redacted_supplier
Over500_2026_P02_-_published.xlsx:2380,Over500_2026_P02_-_published.xlsx,2380,2026-05-06,REDACTED,general_procurement,Children's Social Care,Transfer Payment,Allowances for provision care,2026-05-06 12:12:15.823,954.38,Redacted,redacted_supplier
Over500_2026_P02_-_published.xlsx:2381,Over500_2026_P02_-_published.xlsx,2381,2026-05-06,REDACTED,general_procurement,Children's Social Care,Transfer Payment,Allowances for provision care,2026-05-06 12:12:15.823,636.18,Redacted,redacted_supplier
Over500_2026_P02_-_published.xlsx:2382,Over500_2026_P02_-_published.xlsx,2382,2026-05-06,REDACTED,general_procurement,Children's Social Care,Transfer Payment,Allowances for provision care,2026-05-06 12:12:15.823,1209.7,Redacted,redacted_supplier
Over500_2026_P02_-_published.xlsx:2383,Over500_2026_P02_-_published.xlsx,2383,2026-05-06,REDACTED,general_procurement,Children's Social Care,Transfer Payment,Allowances for provision care,2026-05-06 12:12:15.823,1209.7,Redacted,redacted_supplier
Over500_2026_P02_-_published.xlsx:2384,Over500_2026_P02_-_published.xlsx,2384,2026-05-06,REDACTED,general_procurement,Children's Social Care,Transfer Payment,Allowances for provision care,2026-05-06 12:12:15.823,916.18,Redacted,redacted_supplier
Over500_2026_P02_-_published.xlsx:2385,Over500_2026_P02_-_published.xlsx,2385,2026-05-06,REDACTED,general_procurement,Children's Social Care,Transfer Payment,Allowances for provision care,2026-05-06 12:12:15.823,636.18,Redacted,redacted_supplier
Over500_2026_P02_-_published.xlsx:2386,Over500_2026_P02_-_published.xlsx,2386,2026-05-06,REDACTED,general_procurement,Children's Social Care,Transfer Payment,Allowances for provision care,2026-05-06 12:12:15.823,636.18,Redacted,redacted_supplier
Over500_2026_P02_-_published.xlsx:2387,Over500_2026_P02_-_published.xlsx,2387,2026-05-06,REDACTED,general_procurement,Children's Social Care,Transfer Payment,Allowances for provision care,2026-05-06 12:12:15.823,559.26,Redacted,redacted_supplier
Over500_2026_P02_-_published.xlsx:2388,Over500_2026_P02_-_published.xlsx,2388,2026-05-06,REDACTED,general_procurement,Children's Social Care,Transfer Payment,Allowances for provision care,2026-05-06 12:12:15.823,636.18,Redacted,redacted_supplier
Over500_2026_P02_-_published.xlsx:2389,Over500_2026_P02_-_published.xlsx,2389,2026-05-06,REDACTED,general_procurement,Children's Social Care,Transfer Payment,Allowances for provision care,2026-05-06 12:12:15.823,559.26,Redacted,redacted_supplier
Over500_2026_P02_-_published.xlsx:2390,Over500_2026_P02_-_published.xlsx,2390,2026-05-06,REDACTED,general_procurement,Children's Social Care,Transfer Payment,Allowances for provision care,2026-05-06 12:12:15.823,636.18,Redacted,redacted_supplier
Over500_2026_P02_-_published.xlsx:2391,Over500_2026_P02_-_published.xlsx,2391,2026-05-06,REDACTED,general_procurement,Children's Social Care,Transfer Payment,Allowances for provision care,2026-05-06 12:12:15.823,636.18,Redacted,redacted_supplier
Over500_2026_P02_-_published.xlsx:2392,Over500_2026_P02_-_published.xlsx,2392,2026-05-06,REDACTED,general_procurement,Children's Social Care,Transfer Payment,Allowances for provision care,2026-05-06 12:12:15.823,916.18,Redacted,redacted_supplier
Over500_2026_P02_-_published.xlsx:2393,Over500_2026_P02_-_published.xlsx,2393,2026-05-06,REDACTED,general_procurement,Children's Social Care,Transfer Payment,Allowances for provision care,2026-05-06 12:12:15.823,636.18,Redacted,redacted_supplier
Over500_2026_P02_-_published.xlsx:2394,Over500_2026_P02_-_published.xlsx,2394,2026-05-06,REDACTED,general_procurement,Children's Social Care,Transfer Payment,Allowances for provision care,2026-05-06 12:12:15.823,636.18,Redacted,redacted_supplier
Over500_2026_P02_-_published.xlsx:2395,Over500_2026_P02_-_published.xlsx,2395,2026-05-06,REDACTED,general_procurement,Children's Social Care,Transfer Payment,Allowances for provision care,2026-05-06 12:12:15.823,636.18,Redacted,redacted_supplier
Over500_2026_P02_-_published.xlsx:2396,Over500_2026_P02_-_published.xlsx,2396,2026-05-06,REDACTED,general_procurement,Children's Social Care,Transfer Payment,Allowances for provision care,2026-05-06 12:12:15.823,954.38,Redacted,redacted_supplier
Over500_2026_P02_-_published.xlsx:2397,Over500_2026_P02_-_published.xlsx,2397,2026-05-06,REDACTED,general_procurement,Children's Social Care,Transfer Payment,Allowances for provision care,2026-05-06 12:12:15.823,559.26,Redacted,redacted_supplier
Over500_2026_P02_-_published.xlsx:2398,Over500_2026_P02_-_published.xlsx,2398,2026-05-06,REDACTED,general_procurement,Children's Social Care,Transfer Payment,Allowances for provision care,2026-05-06 12:12:15.823,636.18,Redacted,redacted_supplier
Over500_2026_P02_-_published.xlsx:2399,Over500_2026_P02_-_published.xlsx,2399,2026-05-06,REDACTED,general_procurement,Children's Social Care,Transfer Payment,Allowances for provision care,2026-05-06 12:12:15.823,916.18,Redacted,redacted_supplier
Over500_2026_P02_-_published.xlsx:2400,Over500_2026_P02_-_published.xlsx,2400,2026-05-06,REDACTED,general_procurement,Children's Social Care,Transfer Payment,Allowances for provision care,2026-05-06 12:12:15.823,916.18,Redacted,redacted_supplier
Over500_2026_P02_-_published.xlsx:2401,Over500_2026_P02_-_published.xlsx,2401,2026-05-06,REDACTED,general_procurement,Children's Social Care,Transfer Payment,Allowances for provision care,2026-05-06 12:12:15.823,636.18,Redacted,redacted_supplier
Over500_2026_P02_-_published.xlsx:2402,Over500_2026_P02_-_published.xlsx,2402,2026-05-06,REDACTED,general_procurement,Children's Social Care,Transfer Payment,Allowances for provision care,2026-05-06 12:12:15.823,636.18,Redacted,redacted_supplier
Over500_2026_P02_-_published.xlsx:2403,Over500_2026_P02_-_published.xlsx,2403,2026-05-06,REDACTED,general_procurement,Children's Social Care,Transfer Payment,Allowances for provision care,2026-05-06 12:12:15.823,559.26,Redacted,redacted_supplier
Over500_2026_P02_-_published.xlsx:2404,Over500_2026_P02_-_published.xlsx,2404,2026-05-06,REDACTED,general_procurement,Children's Social Care,Transfer Payment,Allowances for provision care,2026-05-06 12:12:15.823,916.18,Redacted,redacted_supplier
Over500_2026_P02_-_published.xlsx:2405,Over500_2026_P02_-_published.xlsx,2405,2026-05-06,REDACTED,general_procurement,Children's Social Care,Transfer Payment,Allowances for provision care,2026-05-06 12:12:15.823,916.18,Redacted,redacted_supplier
Over500_2026_P02_-_published.xlsx:2406,Over500_2026_P02_-_published.xlsx,2406,2026-05-06,REDACTED,general_procurement,Children's Social Care,Transfer Payment,Allowances for provision care,2026-05-06 12:12:15.823,636.18,Redacted,redacted_supplier
Over500_2026_P02_-_published.xlsx:2407,Over500_2026_P02_-_published.xlsx,2407,2026-05-06,REDACTED,general_procurement,Children's Social Care,Transfer Payment,Allowances for provision care,2026-05-06 12:12:15.823,636.18,Redacted,redacted_supplier
Over500_2026_P02_-_published.xlsx:2408,Over500_2026_P02_-_published.xlsx,2408,2026-05-06,REDACTED,general_procurement,Children's Social Care,Transfer Payment,Allowances for provision care,2026-05-06 12:12:15.823,636.18,Redacted,redacted_supplier
Over500_2026_P02_-_published.xlsx:2409,Over500_2026_P02_-_published.xlsx,2409,2026-05-06,REDACTED,general_procurement,Children's Social Care,Transfer Payment,Allowances for provision care,2026-05-06 12:12:15.823,559.26,Redacted,redacted_supplier
Over500_2026_P02_-_published.xlsx:2410,Over500_2026_P02_-_published.xlsx,2410,2026-05-06,REDACTED,general_procurement,Children's Social Care,Transfer Payment,Allowances for provision care,2026-05-06 12:12:15.823,954.38,Redacted,redacted_supplier
Over500_2026_P02_-_published.xlsx:2411,Over500_2026_P02_-_published.xlsx,2411,2026-05-06,REDACTED,general_procurement,Children's Social Care,Transfer Payment,Allowances for provision care,2026-05-06 12:12:15.823,636.18,Redacted,redacted_supplier
Over500_2026_P02_-_published.xlsx:2412,Over500_2026_P02_-_published.xlsx,2412,2026-05-06,REDACTED,general_procurement,Children's Social Care,Transfer Payment,Allowances for provision care,2026-05-06 12:12:15.823,517.69,Redacted,redacted_supplier
Over500_2026_P02_-_published.xlsx:2413,Over500_2026_P02_-_published.xlsx,2413,2026-05-06,REDACTED,general_procurement,Children's Social Care,Transfer Payment,Allowances for provision care,2026-05-06 12:12:15.823,554.87,Redacted,redacted_supplier
Over500_2026_P02_-_published.xlsx:2414,Over500_2026_P02_-_published.xlsx,2414,2026-05-06,REDACTED,general_procurement,Children's Social Care,Transfer Payment,Allowances for provision care,2026-05-06 12:12:15.823,589.6,Redacted,redacted_supplier
Over500_2026_P02_-_published.xlsx:2415,Over500_2026_P02_-_published.xlsx,2415,2026-05-06,REDACTED,general_procurement,Children's Social Care,Transfer Payment,Allowances for provision care,2026-05-06 12:12:15.823,589.6,Redacted,redacted_supplier
Over500_2026_P02_-_published.xlsx:2416,Over500_2026_P02_-_published.xlsx,2416,2026-05-06,REDACTED,general_procurement,Children's Social Care,Transfer Payment,Allowances for provision care,2026-05-06 12:12:15.823,554.86,Redacted,redacted_supplier
Over500_2026_P02_-_published.xlsx:2417,Over500_2026_P02_-_published.xlsx,2417,2026-05-06,REDACTED,general_procurement,Children's Social Care,Transfer Payment,Allowances for provision care,2026-05-06 12:12:15.823,916.75,Redacted,redacted_supplier
Over500_2026_P02_-_published.xlsx:2418,Over500_2026_P02_-_published.xlsx,2418,2026-05-06,REDACTED,general_procurement,Children's Social Care,Transfer Payment,Allowances for provision care,2026-05-06 12:12:15.823,559.27,Redacted,redacted_supplier
Over500_2026_P02_-_published.xlsx:2419,Over500_2026_P02_-_published.xlsx,2419,2026-05-06,REDACTED,general_procurement,Children's Social Care,Transfer Payment,Allowances for provision care,2026-05-06 12:12:15.823,636.19,Redacted,redacted_supplier
Over500_2026_P02_-_published.xlsx:2420,Over500_2026_P02_-_published.xlsx,2420,2026-05-06,REDACTED,general_procurement,Children's Social Care,Transfer Payment,Allowances for provision care,2026-05-06 12:12:15.823,636.19,Redacted,redacted_supplier
Over500_2026_P02_-_published.xlsx:2421,Over500_2026_P02_-_published.xlsx,2421,2026-05-06,REDACTED,general_procurement,Children's Social Care,Transfer Payment,Allowances for provision care,2026-05-06 12:12:15.823,1192.33,Redacted,redacted_supplier
Over500_2026_P02_-_published.xlsx:2422,Over500_2026_P02_-_published.xlsx,2422,2026-05-06,REDACTED,general_procurement,Children's Social Care,Transfer Payment,Allowances for provision care,2026-05-06 12:12:15.823,1192.33,Redacted,redacted_supplier
Over500_2026_P02_-_published.xlsx:2423,Over500_2026_P02_-_published.xlsx,2423,2026-05-06,REDACTED,general_procurement,Children's Social Care,Transfer Payment,Allowances for provision care,2026-05-06 12:12:15.823,589.6,Redacted,redacted_supplier
Over500_2026_P02_-_published.xlsx:2424,Over500_2026_P02_-_published.xlsx,2424,2026-05-06,REDACTED,general_procurement,Children's Social Care,Transfer Payment,Allowances for provision care,2026-05-06 12:12:15.823,517.69,Redacted,redacted_supplier
Over500_2026_P02_-_published.xlsx:2425,Over500_2026_P02_-_published.xlsx,2425,2026-05-06,REDACTED,general_procurement,Children's Social Care,Transfer Payment,Allowances for provision care,2026-05-06 12:12:15.823,595.2,Redacted,redacted_supplier
Over500_2026_P02_-_published.xlsx:2426,Over500_2026_P02_-_published.xlsx,2426,2026-05-06,REDACTED,general_procurement,Children's Social Care,Transfer Payment,Allowances for provision care,2026-05-06 12:12:15.823,636.19,Redacted,redacted_supplier
Over500_2026_P02_-_published.xlsx:2427,Over500_2026_P02_-_published.xlsx,2427,2026-05-06,REDACTED,general_procurement,Children's Social Care,Transfer Payment,Allowances for provision care,2026-05-06 12:12:15.823,916.18,Redacted,redacted_supplier
Over500_2026_P02_-_published.xlsx:2428,Over500_2026_P02_-_published.xlsx,2428,2026-05-06,REDACTED,general_procurement,Children's Social Care,Transfer Payment,Allowances for provision care,2026-05-06 12:12:15.823,916.18,Redacted,redacted_supplier
Over500_2026_P02_-_published.xlsx:2429,Over500_2026_P02_-_published.xlsx,2429,2026-05-06,REDACTED,general_procurement,Children's Social Care,Transfer Payment,Allowances for provision care,2026-05-06 12:12:15.823,559.25,Redacted,redacted_supplier
Over500_2026_P02_-_published.xlsx:2430,Over500_2026_P02_-_published.xlsx,2430,2026-05-06,REDACTED,general_procurement,Children's Social Care,Transfer Payment,Allowances for provision care,2026-05-06 12:12:15.823,543.3,Redacted,redacted_supplier
Over500_2026_P02_-_published.xlsx:2431,Over500_2026_P02_-_published.xlsx,2431,2026-05-06,REDACTED,general_procurement,Children's Social Care,Transfer Payment,Allowances for provision care,2026-05-06 12:12:15.823,636.18,Redacted,redacted_supplier
Over500_2026_P02_-_published.xlsx:2432,Over500_2026_P02_-_published.xlsx,2432,2026-05-06,REDACTED,general_procurement,Children's Social Care,Transfer Payment,Allowances for provision care,2026-05-06 12:12:15.823,636.18,Redacted,redacted_supplier
Over500_2026_P02_-_published.xlsx:2433,Over500_2026_P02_-_published.xlsx,2433,2026-05-06,REDACTED,general_procurement,Children's Social Care,Transfer Payment,Allowances for provision care,2026-05-06 12:12:15.823,636.18,Redacted,redacted_supplier
Over500_2026_P02_-_published.xlsx:2434,Over500_2026_P02_-_published.xlsx,2434,2026-05-06,REDACTED,general_procurement,Children's Social Care,Transfer Payment,Allowances for provision care,2026-05-06 12:12:15.823,636.18,Redacted,redacted_supplier
Over500_2026_P02_-_published.xlsx:2435,Over500_2026_P02_-_published.xlsx,2435,2026-05-06,REDACTED,general_procurement,Children's Social Care,Transfer Payment,Allowances for provision care,2026-05-06 12:12:15.823,636.19,Redacted,redacted_supplier
Over500_2026_P02_-_published.xlsx:2436,Over500_2026_P02_-_published.xlsx,2436,2026-05-06,REDACTED,general_procurement,Children's Social Care,Transfer Payment,Allowances for provision care,2026-05-06 12:12:15.823,559.27,Redacted,redacted_supplier
Over500_2026_P02_-_published.xlsx:2437,Over500_2026_P02_-_published.xlsx,2437,2026-05-06,REDACTED,general_procurement,Children's Social Care,Transfer Payment,Allowances for provision care,2026-05-06 12:12:15.823,916.18,Redacted,redacted_supplier
Over500_2026_P02_-_published.xlsx:2438,Over500_2026_P02_-_published.xlsx,2438,2026-05-06,REDACTED,general_procurement,Children's Social Care,Transfer Payment,Allowances for provision care,2026-05-06 12:12:15.823,916.18,Redacted,redacted_supplier
Over500_2026_P02_-_published.xlsx:2439,Over500_2026_P02_-_published.xlsx,2439,2026-05-06,REDACTED,general_procurement,Children's Social Care,Transfer Payment,Allowances for provision care,2026-05-06 12:12:15.823,636.18,Redacted,redacted_supplier
Over500_2026_P02_-_published.xlsx:2440,Over500_2026_P02_-_published.xlsx,2440,2026-05-06,REDACTED,general_procurement,Children's Social Care,Transfer Payment,Allowances for provision care,2026-05-06 12:12:15.823,559.25,Redacted,redacted_supplier
Over500_2026_P02_-_published.xlsx:2441,Over500_2026_P02_-_published.xlsx,2441,2026-05-06,REDACTED,general_procurement,Children's Social Care,Transfer Payment,Allowances for provision care,2026-05-06 12:12:15.823,636.18,Redacted,redacted_supplier
Over500_2026_P02_-_published.xlsx:2442,Over500_2026_P02_-_published.xlsx,2442,2026-05-06,REDACTED,general_procurement,Children's Social Care,Transfer Payment,Allowances for provision care,2026-05-06 12:12:15.823,636.18,Redacted,redacted_supplier
Over500_2026_P02_-_published.xlsx:2443,Over500_2026_P02_-_published.xlsx,2443,2026-05-06,REDACTED,general_procurement,Children's Social Care,Transfer Payment,Allowances for provision care,2026-05-06 12:12:15.823,559.25,Redacted,redacted_supplier
Over500_2026_P02_-_published.xlsx:2444,Over500_2026_P02_-_published.xlsx,2444,2026-05-06,REDACTED,general_procurement,Children's Social Care,Transfer Payment,Allowances for provision care,2026-05-06 12:12:15.823,559.25,Redacted,redacted_supplier
Over500_2026_P02_-_published.xlsx:2445,Over500_2026_P02_-_published.xlsx,2445,2026-05-06,REDACTED,general_procurement,Children's Social Care,Transfer Payment,Allowances for provision care,2026-05-06 12:12:15.823,587.09,Redacted,redacted_supplier
Over500_2026_P02_-_published.xlsx:2448,Over500_2026_P02_-_published.xlsx,2448,2026-05-06,REDACTED,general_procurement,Children's Social Care,Transfer Payment,Allowances for provision care,2026-05-06 12:12:15.823,517.69,Redacted,redacted_supplier
Over500_2026_P02_-_published.xlsx:2449,Over500_2026_P02_-_published.xlsx,2449,2026-05-06,REDACTED,general_procurement,Children's Social Care,Transfer Payment,Allowances for provision care,2026-05-06 12:12:15.823,532.08,Redacted,redacted_supplier
Over500_2026_P02_-_published.xlsx:2450,Over500_2026_P02_-_published.xlsx,2450,2026-05-06,REDACTED,general_procurement,Children's Social Care,Transfer Payment,Allowances for provision care,2026-05-06 12:12:15.823,916.18,Redacted,redacted_supplier
Over500_2026_P02_-_published.xlsx:2451,Over500_2026_P02_-_published.xlsx,2451,2026-05-06,REDACTED,general_procurement,Children's Social Care,Transfer Payment,Allowances for provision care,2026-05-06 12:12:15.823,636.18,Redacted,redacted_supplier
Over500_2026_P02_-_published.xlsx:2452,Over500_2026_P02_-_published.xlsx,2452,2026-05-19,REDACTED,general_procurement,Children's Social Care,Transfer Payment,Allowances for provision care,2026-05-19 11:28:01.040,916.18,Redacted,redacted_supplier
Over500_2026_P02_-_published.xlsx:2453,Over500_2026_P02_-_published.xlsx,2453,2026-05-19,REDACTED,general_procurement,Children's Social Care,Transfer Payment,Allowances for provision care,2026-05-19 11:28:01.040,975.16,Redacted,redacted_supplier
Over500_2026_P02_-_published.xlsx:2454,Over500_2026_P02_-_published.xlsx,2454,2026-05-19,REDACTED,general_procurement,Children's Social Care,Transfer Payment,Allowances for provision care,2026-05-19 11:28:01.040,559.26,Redacted,redacted_supplier
Over500_2026_P02_-_published.xlsx:2455,Over500_2026_P02_-_published.xlsx,2455,2026-05-19,REDACTED,general_procurement,Children's Social Care,Transfer Payment,Allowances for provision care,2026-05-19 11:28:01.040,559.26,Redacted,redacted_supplier
Over500_2026_P02_-_published.xlsx:2456,Over500_2026_P02_-_published.xlsx,2456,2026-05-19,REDACTED,general_procurement,Children's Social Care,Transfer Payment,Allowances for provision care,2026-05-19 11:28:01.040,1000.0,Redacted,redacted_supplier
Over500_2026_P02_-_published.xlsx:2457,Over500_2026_P02_-_published.xlsx,2457,2026-05-19,REDACTED,general_procurement,Children's Social Care,Transfer Payment,Allowances for provision care,2026-05-19 11:28:01.040,636.18,Redacted,redacted_supplier
Over500_2026_P02_-_published.xlsx:2458,Over500_2026_P02_-_published.xlsx,2458,2026-05-19,REDACTED,general_procurement,Children's Social Care,Transfer Payment,Allowances for provision care,2026-05-19 11:28:01.040,1209.7,Redacted,redacted_supplier
Over500_2026_P02_-_published.xlsx:2459,Over500_2026_P02_-_published.xlsx,2459,2026-05-19,REDACTED,general_procurement,Children's Social Care,Transfer Payment,Allowances for provision care,2026-05-19 11:28:01.040,636.18,Redacted,redacted_supplier
Over500_2026_P02_-_published.xlsx:2460,Over500_2026_P02_-_published.xlsx,2460,2026-05-19,REDACTED,general_procurement,Children's Social Care,Transfer Payment,Allowances for provision care,2026-05-19 11:28:01.040,559.26,Redacted,redacted_supplier
Over500_2026_P02_-_published.xlsx:2461,Over500_2026_P02_-_published.xlsx,2461,2026-05-19,REDACTED,general_procurement,Children's Social Care,Transfer Payment,Allowances for provision care,2026-05-19 11:28:01.040,1832.36,Redacted,redacted_supplier
Over500_2026_P02_-_published.xlsx:2462,Over500_2026_P02_-_published.xlsx,2462,2026-05-19,REDACTED,general_procurement,Children's Social Care,Transfer Payment,Allowances for provision care,2026-05-19 11:28:01.040,765.0,Redacted,redacted_supplier
Over500_2026_P02_-_published.xlsx:2463,Over500_2026_P02_-_published.xlsx,2463,2026-05-19,REDACTED,general_procurement,Children's Social Care,Transfer Payment,Allowances for provision care,2026-05-19 11:28:01.040,765.0,Redacted,redacted_supplier
Over500_2026_P02_-_published.xlsx:2464,Over500_2026_P02_-_published.xlsx,2464,2026-05-19,REDACTED,general_procurement,Children's Social Care,Transfer Payment,Allowances for provision care,2026-05-19 11:28:01.040,975.16,Redacted,redacted_supplier
Over500_2026_P02_-_published.xlsx:2465,Over500_2026_P02_-_published.xlsx,2465,2026-05-19,REDACTED,general_procurement,Children's Social Care,Transfer Payment,Allowances for provision care,2026-05-19 11:28:01.040,1209.7,Redacted,redacted_supplier
Over500_2026_P02_-_published.xlsx:2466,Over500_2026_P02_-_published.xlsx,2466,2026-05-19,REDACTED,general_procurement,Children's Social Care,Transfer Payment,Allowances for provision care,2026-05-19 11:28:01.040,559.26,Redacted,redacted_supplier
Over500_2026_P02_-_published.xlsx:2467,Over500_2026_P02_-_published.xlsx,2467,2026-05-19,REDACTED,general_procurement,Children's Social Care,Transfer Payment,Allowances for provision care,2026-05-19 11:28:01.040,636.18,Redacted,redacted_supplier
Over500_2026_P02_-_published.xlsx:2468,Over500_2026_P02_-_published.xlsx,2468,2026-05-19,REDACTED,general_procurement,Children's Social Care,Transfer Payment,Allowances for provision care,2026-05-19 11:28:01.040,916.18,Redacted,redacted_supplier
Over500_2026_P02_-_published.xlsx:2469,Over500_2026_P02_-_published.xlsx,2469,2026-05-19,REDACTED,general_procurement,Children's Social Care,Transfer Payment,Allowances for provision care,2026-05-19 11:28:01.040,975.16,Redacted,redacted_supplier
Over500_2026_P02_-_published.xlsx:2470,Over500_2026_P02_-_published.xlsx,2470,2026-05-19,REDACTED,general_procurement,Children's Social Care,Transfer Payment,Allowances for provision care,2026-05-19 11:28:01.040,1209.7,Redacted,redacted_supplier
Over500_2026_P02_-_published.xlsx:2471,Over500_2026_P02_-_published.xlsx,2471,2026-05-19,REDACTED,general_procurement,Children's Social Care,Transfer Payment,Allowances for provision care,2026-05-19 11:28:01.040,1000.0,Redacted,redacted_supplier
Over500_2026_P02_-_published.xlsx:2472,Over500_2026_P02_-_published.xlsx,2472,2026-05-19,REDACTED,general_procurement,Children's Social Care,Transfer Payment,Allowances for provision care,2026-05-19 11:28:01.040,559.26,Redacted,redacted_supplier
Over500_2026_P02_-_published.xlsx:2473,Over500_2026_P02_-_published.xlsx,2473,2026-05-19,REDACTED,general_procurement,Children's Social Care,Transfer Payment,Allowances for provision care,2026-05-19 11:28:01.040,559.26,Redacted,redacted_supplier
Over500_2026_P02_-_published.xlsx:2474,Over500_2026_P02_-_published.xlsx,2474,2026-05-19,REDACTED,general_procurement,Children's Social Care,Transfer Payment,Allowances for provision care,2026-05-19 11:28:01.040,954.38,Redacted,redacted_supplier
Over500_2026_P02_-_published.xlsx:2475,Over500_2026_P02_-_published.xlsx,2475,2026-05-19,REDACTED,general_procurement,Children's Social Care,Transfer Payment,Allowances for provision care,2026-05-19 11:28:01.040,1000.0,Redacted,redacted_supplier
Over500_2026_P02_-_published.xlsx:2476,Over500_2026_P02_-_published.xlsx,2476,2026-05-19,REDACTED,general_procurement,Children's Social Care,Transfer Payment,Allowances for provision care,2026-05-19 11:28:01.040,710.21,Redacted,redacted_supplier
Over500_2026_P02_-_published.xlsx:2477,Over500_2026_P02_-_published.xlsx,2477,2026-05-19,REDACTED,general_procurement,Children's Social Care,Transfer Payment,Allowances for provision care,2026-05-19 11:28:01.040,975.16,Redacted,redacted_supplier
Over500_2026_P02_-_published.xlsx:2478,Over500_2026_P02_-_published.xlsx,2478,2026-05-19,REDACTED,general_procurement,Children's Social Care,Transfer Payment,Allowances for provision care,2026-05-19 11:28:01.040,916.18,Redacted,redacted_supplier
Over500_2026_P02_-_published.xlsx:2479,Over500_2026_P02_-_published.xlsx,2479,2026-05-19,REDACTED,general_procurement,Children's Social Care,Transfer Payment,Allowances for provision care,2026-05-19 11:28:01.040,1209.7,Redacted,redacted_supplier
Over500_2026_P02_-_published.xlsx:2480,Over500_2026_P02_-_published.xlsx,2480,2026-05-19,REDACTED,general_procurement,Children's Social Care,Transfer Payment,Allowances for provision care,2026-05-19 11:28:01.040,1209.7,Redacted,redacted_supplier
Over500_2026_P02_-_published.xlsx:2481,Over500_2026_P02_-_published.xlsx,2481,2026-05-19,REDACTED,general_procurement,Children's Social Care,Transfer Payment,Allowances for provision care,2026-05-19 11:28:01.040,1467.52,Redacted,redacted_supplier
Over500_2026_P02_-_published.xlsx:2482,Over500_2026_P02_-_published.xlsx,2482,2026-05-19,REDACTED,general_procurement,Children's Social Care,Transfer Payment,Allowances for provision care,2026-05-19 11:28:01.040,975.16,Redacted,redacted_supplier
Over500_2026_P02_-_published.xlsx:2483,Over500_2026_P02_-_published.xlsx,2483,2026-05-19,REDACTED,general_procurement,Children's Social Care,Transfer Payment,Allowances for provision care,2026-05-19 11:28:01.040,975.16,Redacted,redacted_supplier
Over500_2026_P02_-_published.xlsx:2484,Over500_2026_P02_-_published.xlsx,2484,2026-05-19,REDACTED,general_procurement,Children's Social Care,Transfer Payment,Allowances for provision care,2026-05-19 11:28:01.040,975.16,Redacted,redacted_supplier
Over500_2026_P02_-_published.xlsx:2485,Over500_2026_P02_-_published.xlsx,2485,2026-05-19,REDACTED,general_procurement,Children's Social Care,Transfer Payment,Allowances for provision care,2026-05-19 11:28:01.040,975.16,Redacted,redacted_supplier
Over500_2026_P02_-_published.xlsx:2486,Over500_2026_P02_-_published.xlsx,2486,2026-05-19,REDACTED,general_procurement,Children's Social Care,Transfer Payment,Allowances for provision care,2026-05-19 11:28:01.040,513.62,Redacted,redacted_supplier
Over500_2026_P02_-_published.xlsx:2487,Over500_2026_P02_-_published.xlsx,2487,2026-05-19,REDACTED,general_procurement,Children's Social Care,Transfer Payment,Allowances for provision care,2026-05-19 11:28:01.040,916.18,Redacted,redacted_supplier
Over500_2026_P02_-_published.xlsx:2488,Over500_2026_P02_-_published.xlsx,2488,2026-05-19,REDACTED,general_procurement,Children's Social Care,Transfer Payment,Allowances for provision care,2026-05-19 11:28:01.040,975.16,Redacted,redacted_supplier
Over500_2026_P02_-_published.xlsx:2489,Over500_2026_P02_-_published.xlsx,2489,2026-05-19,REDACTED,general_procurement,Children's Social Care,Transfer Payment,Allowances for provision care,2026-05-19 11:28:01.040,975.16,Redacted,redacted_supplier
Over500_2026_P02_-_published.xlsx:2490,Over500_2026_P02_-_published.xlsx,2490,2026-05-19,REDACTED,general_procurement,Children's Social Care,Transfer Payment,Allowances for provision care,2026-05-19 11:28:01.040,654.41,Redacted,redacted_supplier
Over500_2026_P02_-_published.xlsx:2491,Over500_2026_P02_-_published.xlsx,2491,2026-05-19,REDACTED,general_procurement,Children's Social Care,Transfer Payment,Allowances for provision care,2026-05-19 11:28:01.040,975.16,Redacted,redacted_supplier
Over500_2026_P02_-_published.xlsx:2492,Over500_2026_P02_-_published.xlsx,2492,2026-05-19,REDACTED,general_procurement,Children's Social Care,Transfer Payment,Allowances for provision care,2026-05-19 11:28:01.040,916.18,Redacted,redacted_supplier
Over500_2026_P02_-_published.xlsx:2493,Over500_2026_P02_-_published.xlsx,2493,2026-05-19,REDACTED,general_procurement,Children's Social Care,Transfer Payment,Allowances for provision care,2026-05-19 11:28:01.040,916.18,Redacted,redacted_supplier
Over500_2026_P02_-_published.xlsx:2494,Over500_2026_P02_-_published.xlsx,2494,2026-05-19,REDACTED,general_procurement,Children's Social Care,Transfer Payment,Allowances for provision care,2026-05-19 11:28:01.040,1467.52,Redacted,redacted_supplier
Over500_2026_P02_-_published.xlsx:2495,Over500_2026_P02_-_published.xlsx,2495,2026-05-19,REDACTED,general_procurement,Children's Social Care,Transfer Payment,Allowances for provision care,2026-05-19 11:28:01.040,559.26,Redacted,redacted_supplier
Over500_2026_P02_-_published.xlsx:2496,Over500_2026_P02_-_published.xlsx,2496,2026-05-19,REDACTED,general_procurement,Children's Social Care,Transfer Payment,Allowances for provision care,2026-05-19 11:28:01.040,975.16,Redacted,redacted_supplier
Over500_2026_P02_-_published.xlsx:2497,Over500_2026_P02_-_published.xlsx,2497,2026-05-19,REDACTED,general_procurement,Children's Social Care,Transfer Payment,Allowances for provision care,2026-05-19 11:28:01.040,916.18,Redacted,redacted_supplier
Over500_2026_P02_-_published.xlsx:2498,Over500_2026_P02_-_published.xlsx,2498,2026-05-19,REDACTED,general_procurement,Children's Social Care,Transfer Payment,Allowances for provision care,2026-05-19 11:28:01.040,636.18,Redacted,redacted_supplier
Over500_2026_P02_-_published.xlsx:2499,Over500_2026_P02_-_published.xlsx,2499,2026-05-19,REDACTED,general_procurement,Children's Social Care,Transfer Payment,Allowances for provision care,2026-05-19 11:28:01.040,559.26,Redacted,redacted_supplier
Over500_2026_P02_-_published.xlsx:2500,Over500_2026_P02_-_published.xlsx,2500,2026-05-19,REDACTED,general_procurement,Children's Social Care,Transfer Payment,Allowances for provision care,2026-05-19 11:28:01.040,1209.7,Redacted,redacted_supplier
Over500_2026_P02_-_published.xlsx:2501,Over500_2026_P02_-_published.xlsx,2501,2026-05-19,REDACTED,general_procurement,Children's Social Care,Transfer Payment,Allowances for provision care,2026-05-19 11:28:01.040,1467.52,Redacted,redacted_supplier
Over500_2026_P02_-_published.xlsx:2502,Over500_2026_P02_-_published.xlsx,2502,2026-05-19,REDACTED,general_procurement,Children's Social Care,Transfer Payment,Allowances for provision care,2026-05-19 11:28:01.040,916.18,Redacted,redacted_supplier
Over500_2026_P02_-_published.xlsx:2503,Over500_2026_P02_-_published.xlsx,2503,2026-05-19,REDACTED,general_procurement,Children's Social Care,Transfer Payment,Allowances for provision care,2026-05-19 11:28:01.040,636.18,Redacted,redacted_supplier
Over500_2026_P02_-_published.xlsx:2504,Over500_2026_P02_-_published.xlsx,2504,2026-05-19,REDACTED,general_procurement,Children's Social Care,Transfer Payment,Allowances for provision care,2026-05-19 11:28:01.040,559.26,Redacted,redacted_supplier
Over500_2026_P02_-_published.xlsx:2505,Over500_2026_P02_-_published.xlsx,2505,2026-05-19,REDACTED,general_procurement,Children's Social Care,Transfer Payment,Allowances for provision care,2026-05-19 11:28:01.040,559.26,Redacted,redacted_supplier
Over500_2026_P02_-_published.xlsx:2506,Over500_2026_P02_-_published.xlsx,2506,2026-05-19,REDACTED,general_procurement,Children's Social Care,Transfer Payment,Allowances for provision care,2026-05-19 11:28:01.040,636.18,Redacted,redacted_supplier
Over500_2026_P02_-_published.xlsx:2507,Over500_2026_P02_-_published.xlsx,2507,2026-05-19,REDACTED,general_procurement,Children's Social Care,Transfer Payment,Allowances for provision care,2026-05-19 11:28:01.040,559.26,Redacted,redacted_supplier
Over500_2026_P02_-_published.xlsx:2508,Over500_2026_P02_-_published.xlsx,2508,2026-05-19,REDACTED,general_procurement,Children's Social Care,Transfer Payment,Allowances for provision care,2026-05-19 11:28:01.040,559.26,Redacted,redacted_supplier
Over500_2026_P02_-_published.xlsx:2509,Over500_2026_P02_-_published.xlsx,2509,2026-05-19,REDACTED,general_procurement,Children's Social Care,Transfer Payment,Allowances for provision care,2026-05-19 11:28:01.040,559.26,Redacted,redacted_supplier
Over500_2026_P02_-_published.xlsx:2510,Over500_2026_P02_-_published.xlsx,2510,2026-05-19,REDACTED,general_procurement,Children's Social Care,Transfer Payment,Allowances for provision care,2026-05-19 11:28:01.040,1123.29,Redacted,redacted_supplier
Over500_2026_P02_-_published.xlsx:2511,Over500_2026_P02_-_published.xlsx,2511,2026-05-19,REDACTED,general_procurement,Children's Social Care,Transfer Payment,Allowances for provision care,2026-05-19 11:28:01.040,954.38,Redacted,redacted_supplier
Over500_2026_P02_-_published.xlsx:2512,Over500_2026_P02_-_published.xlsx,2512,2026-05-19,REDACTED,general_procurement,Children's Social Care,Transfer Payment,Allowances for provision care,2026-05-19 11:28:01.040,559.26,Redacted,redacted_supplier
Over500_2026_P02_-_published.xlsx:2513,Over500_2026_P02_-_published.xlsx,2513,2026-05-19,REDACTED,general_procurement,Children's Social Care,Transfer Payment,Allowances for provision care,2026-05-19 11:28:01.040,559.26,Redacted,redacted_supplier
Over500_2026_P02_-_published.xlsx:2514,Over500_2026_P02_-_published.xlsx,2514,2026-05-19,REDACTED,general_procurement,Children's Social Care,Transfer Payment,Allowances for provision care,2026-05-19 11:28:01.040,559.26,Redacted,redacted_supplier
Over500_2026_P02_-_published.xlsx:2515,Over500_2026_P02_-_published.xlsx,2515,2026-05-19,REDACTED,general_procurement,Children's Social Care,Transfer Payment,Allowances for provision care,2026-05-19 11:28:01.040,559.26,Redacted,redacted_supplier
Over500_2026_P02_-_published.xlsx:2516,Over500_2026_P02_-_published.xlsx,2516,2026-05-19,REDACTED,general_procurement,Children's Social Care,Transfer Payment,Allowances for provision care,2026-05-19 11:28:01.040,975.16,Redacted,redacted_supplier
Over500_2026_P02_-_published.xlsx:2517,Over500_2026_P02_-_published.xlsx,2517,2026-05-19,REDACTED,general_procurement,Children's Social Care,Transfer Payment,Allowances for provision care,2026-05-19 11:28:01.040,1467.52,Redacted,redacted_supplier
Over500_2026_P02_-_published.xlsx:2518,Over500_2026_P02_-_published.xlsx,2518,2026-05-19,REDACTED,general_procurement,Children's Social Care,Transfer Payment,Allowances for provision care,2026-05-19 11:28:01.040,954.38,Redacted,redacted_supplier
Over500_2026_P02_-_published.xlsx:2520,Over500_2026_P02_-_published.xlsx,2520,2026-05-19,REDACTED,general_procurement,Children's Social Care,Transfer Payment,Allowances for provision care,2026-05-19 11:28:01.040,1209.7,Redacted,redacted_supplier
Over500_2026_P02_-_published.xlsx:2521,Over500_2026_P02_-_published.xlsx,2521,2026-05-19,REDACTED,general_procurement,Children's Social Care,Transfer Payment,Allowances for provision care,2026-05-19 11:28:01.040,1467.52,Redacted,redacted_supplier
Over500_2026_P02_-_published.xlsx:2522,Over500_2026_P02_-_published.xlsx,2522,2026-05-19,REDACTED,general_procurement,Children's Social Care,Transfer Payment,Allowances for provision care,2026-05-19 11:28:01.040,1257.87,Redacted,redacted_supplier
Over500_2026_P02_-_published.xlsx:2523,Over500_2026_P02_-_published.xlsx,2523,2026-05-19,REDACTED,general_procurement,Children's Social Care,Transfer Payment,Allowances for provision care,2026-05-19 11:28:01.040,954.38,Redacted,redacted_supplier
Over500_2026_P02_-_published.xlsx:2524,Over500_2026_P02_-_published.xlsx,2524,2026-05-19,REDACTED,general_procurement,Children's Social Care,Transfer Payment,Allowances for provision care,2026-05-19 11:28:01.040,916.18,Redacted,redacted_supplier
Over500_2026_P02_-_published.xlsx:2525,Over500_2026_P02_-_published.xlsx,2525,2026-05-19,REDACTED,general_procurement,Children's Social Care,Transfer Payment,Allowances for provision care,2026-05-19 11:28:01.040,636.18,Redacted,redacted_supplier
Over500_2026_P02_-_published.xlsx:2526,Over500_2026_P02_-_published.xlsx,2526,2026-05-19,REDACTED,general_procurement,Children's Social Care,Transfer Payment,Allowances for provision care,2026-05-19 11:28:01.040,1209.7,Redacted,redacted_supplier
Over500_2026_P02_-_published.xlsx:2527,Over500_2026_P02_-_published.xlsx,2527,2026-05-19,REDACTED,general_procurement,Children's Social Care,Transfer Payment,Allowances for provision care,2026-05-19 11:28:01.040,916.18,Redacted,redacted_supplier
Over500_2026_P02_-_published.xlsx:2528,Over500_2026_P02_-_published.xlsx,2528,2026-05-19,REDACTED,general_procurement,Children's Social Care,Transfer Payment,Allowances for provision care,2026-05-19 11:28:01.040,916.18,Redacted,redacted_supplier
Over500_2026_P02_-_published.xlsx:2529,Over500_2026_P02_-_published.xlsx,2529,2026-05-19,REDACTED,general_procurement,Children's Social Care,Transfer Payment,Allowances for provision care,2026-05-19 11:28:01.040,636.18,Redacted,redacted_supplier
Over500_2026_P02_-_published.xlsx:2530,Over500_2026_P02_-_published.xlsx,2530,2026-05-19,REDACTED,general_procurement,Children's Social Care,Transfer Payment,Allowances for provision care,2026-05-19 11:28:01.040,636.18,Redacted,redacted_supplier
Over500_2026_P02_-_published.xlsx:2531,Over500_2026_P02_-_published.xlsx,2531,2026-05-19,REDACTED,general_procurement,Children's Social Care,Transfer Payment,Allowances for provision care,2026-05-19 11:28:01.040,636.18,Redacted,redacted_supplier
Over500_2026_P02_-_published.xlsx:2532,Over500_2026_P02_-_published.xlsx,2532,2026-05-19,REDACTED,general_procurement,Children's Social Care,Transfer Payment,Allowances for provision care,2026-05-19 11:28:01.040,954.38,Redacted,redacted_supplier
Over500_2026_P02_-_published.xlsx:2533,Over500_2026_P02_-_published.xlsx,2533,2026-05-19,REDACTED,general_procurement,Children's Social Care,Transfer Payment,Allowances for provision care,2026-05-19 11:28:01.040,954.38,Redacted,redacted_supplier
Over500_2026_P02_-_published.xlsx:2534,Over500_2026_P02_-_published.xlsx,2534,2026-05-19,REDACTED,general_procurement,Children's Social Care,Transfer Payment,Allowances for provision care,2026-05-19 11:28:01.040,636.18,Redacted,redacted_supplier
Over500_2026_P02_-_published.xlsx:2535,Over500_2026_P02_-_published.xlsx,2535,2026-05-19,REDACTED,general_procurement,Children's Social Care,Transfer Payment,Allowances for provision care,2026-05-19 11:28:01.040,3720.7,Redacted,redacted_supplier
Over500_2026_P02_-_published.xlsx:2536,Over500_2026_P02_-_published.xlsx,2536,2026-05-19,REDACTED,general_procurement,Children's Social Care,Transfer Payment,Allowances for provision care,2026-05-19 11:28:01.040,1209.7,Redacted,redacted_supplier
Over500_2026_P02_-_published.xlsx:2537,Over500_2026_P02_-_published.xlsx,2537,2026-05-19,REDACTED,general_procurement,Children's Social Care,Transfer Payment,Allowances for provision care,2026-05-19 11:28:01.040,1209.7,Redacted,redacted_supplier
Over500_2026_P02_-_published.xlsx:2538,Over500_2026_P02_-_published.xlsx,2538,2026-05-19,REDACTED,general_procurement,Children's Social Care,Transfer Payment,Allowances for provision care,2026-05-19 11:28:01.040,916.18,Redacted,redacted_supplier
Over500_2026_P02_-_published.xlsx:2539,Over500_2026_P02_-_published.xlsx,2539,2026-05-19,REDACTED,general_procurement,Children's Social Care,Transfer Payment,Allowances for provision care,2026-05-19 11:28:01.040,636.18,Redacted,redacted_supplier
Over500_2026_P02_-_published.xlsx:2540,Over500_2026_P02_-_published.xlsx,2540,2026-05-19,REDACTED,general_procurement,Children's Social Care,Transfer Payment,Allowances for provision care,2026-05-19 11:28:01.040,636.18,Redacted,redacted_supplier
Over500_2026_P02_-_published.xlsx:2541,Over500_2026_P02_-_published.xlsx,2541,2026-05-19,REDACTED,general_procurement,Children's Social Care,Transfer Payment,Allowances for provision care,2026-05-19 11:28:01.040,559.26,Redacted,redacted_supplier
Over500_2026_P02_-_published.xlsx:2542,Over500_2026_P02_-_published.xlsx,2542,2026-05-19,REDACTED,general_procurement,Children's Social Care,Transfer Payment,Allowances for provision care,2026-05-19 11:28:01.040,636.18,Redacted,redacted_supplier
Over500_2026_P02_-_published.xlsx:2543,Over500_2026_P02_-_published.xlsx,2543,2026-05-19,REDACTED,general_procurement,Children's Social Care,Transfer Payment,Allowances for provision care,2026-05-19 11:28:01.040,559.26,Redacted,redacted_supplier
Over500_2026_P02_-_published.xlsx:2544,Over500_2026_P02_-_published.xlsx,2544,2026-05-19,REDACTED,general_procurement,Children's Social Care,Transfer Payment,Allowances for provision care,2026-05-19 11:28:01.040,636.18,Redacted,redacted_supplier
Over500_2026_P02_-_published.xlsx:2545,Over500_2026_P02_-_published.xlsx,2545,2026-05-19,REDACTED,general_procurement,Children's Social Care,Transfer Payment,Allowances for provision care,2026-05-19 11:28:01.040,636.18,Redacted,redacted_supplier
Over500_2026_P02_-_published.xlsx:2546,Over500_2026_P02_-_published.xlsx,2546,2026-05-19,REDACTED,general_procurement,Children's Social Care,Transfer Payment,Allowances for provision care,2026-05-19 11:28:01.040,636.18,Redacted,redacted_supplier
Over500_2026_P02_-_published.xlsx:2547,Over500_2026_P02_-_published.xlsx,2547,2026-05-19,REDACTED,general_procurement,Children's Social Care,Transfer Payment,Allowances for provision care,2026-05-19 11:28:01.040,916.18,Redacted,redacted_supplier
Over500_2026_P02_-_published.xlsx:2548,Over500_2026_P02_-_published.xlsx,2548,2026-05-19,REDACTED,general_procurement,Children's Social Care,Transfer Payment,Allowances for provision care,2026-05-19 11:28:01.040,636.18,Redacted,redacted_supplier
Over500_2026_P02_-_published.xlsx:2549,Over500_2026_P02_-_published.xlsx,2549,2026-05-19,REDACTED,general_procurement,Children's Social Care,Transfer Payment,Allowances for provision care,2026-05-19 11:28:01.040,636.18,Redacted,redacted_supplier
Over500_2026_P02_-_published.xlsx:2550,Over500_2026_P02_-_published.xlsx,2550,2026-05-19,REDACTED,general_procurement,Children's Social Care,Transfer Payment,Allowances for provision care,2026-05-19 11:28:01.040,954.38,Redacted,redacted_supplier
Over500_2026_P02_-_published.xlsx:2551,Over500_2026_P02_-_published.xlsx,2551,2026-05-19,REDACTED,general_procurement,Children's Social Care,Transfer Payment,Allowances for provision care,2026-05-19 11:28:01.040,559.26,Redacted,redacted_supplier
Over500_2026_P02_-_published.xlsx:2552,Over500_2026_P02_-_published.xlsx,2552,2026-05-19,REDACTED,general_procurement,Children's Social Care,Transfer Payment,Allowances for provision care,2026-05-19 11:28:01.040,636.18,Redacted,redacted_supplier
Over500_2026_P02_-_published.xlsx:2553,Over500_2026_P02_-_published.xlsx,2553,2026-05-19,REDACTED,general_procurement,Children's Social Care,Transfer Payment,Allowances for provision care,2026-05-19 11:28:01.040,916.18,Redacted,redacted_supplier
Over500_2026_P02_-_published.xlsx:2554,Over500_2026_P02_-_published.xlsx,2554,2026-05-19,REDACTED,general_procurement,Children's Social Care,Transfer Payment,Allowances for provision care,2026-05-19 11:28:01.040,916.18,Redacted,redacted_supplier
Over500_2026_P02_-_published.xlsx:2555,Over500_2026_P02_-_published.xlsx,2555,2026-05-19,REDACTED,general_procurement,Children's Social Care,Transfer Payment,Allowances for provision care,2026-05-19 11:28:01.040,636.18,Redacted,redacted_supplier
Over500_2026_P02_-_published.xlsx:2556,Over500_2026_P02_-_published.xlsx,2556,2026-05-19,REDACTED,general_procurement,Children's Social Care,Transfer Payment,Allowances for provision care,2026-05-19 11:28:01.040,636.18,Redacted,redacted_supplier
Over500_2026_P02_-_published.xlsx:2557,Over500_2026_P02_-_published.xlsx,2557,2026-05-19,REDACTED,general_procurement,Children's Social Care,Transfer Payment,Allowances for provision care,2026-05-19 11:28:01.040,559.26,Redacted,redacted_supplier
Over500_2026_P02_-_published.xlsx:2558,Over500_2026_P02_-_published.xlsx,2558,2026-05-19,REDACTED,general_procurement,Children's Social Care,Transfer Payment,Allowances for provision care,2026-05-19 11:28:01.040,916.18,Redacted,redacted_supplier
Over500_2026_P02_-_published.xlsx:2559,Over500_2026_P02_-_published.xlsx,2559,2026-05-19,REDACTED,general_procurement,Children's Social Care,Transfer Payment,Allowances for provision care,2026-05-19 11:28:01.040,916.18,Redacted,redacted_supplier
Over500_2026_P02_-_published.xlsx:2560,Over500_2026_P02_-_published.xlsx,2560,2026-05-19,REDACTED,general_procurement,Children's Social Care,Transfer Payment,Allowances for provision care,2026-05-19 11:28:01.040,636.18,Redacted,redacted_supplier
Over500_2026_P02_-_published.xlsx:2561,Over500_2026_P02_-_published.xlsx,2561,2026-05-19,REDACTED,general_procurement,Children's Social Care,Transfer Payment,Allowances for provision care,2026-05-19 11:28:01.040,636.18,Redacted,redacted_supplier
Over500_2026_P02_-_published.xlsx:2562,Over500_2026_P02_-_published.xlsx,2562,2026-05-19,REDACTED,general_procurement,Children's Social Care,Transfer Payment,Allowances for provision care,2026-05-19 11:28:01.040,636.18,Redacted,redacted_supplier
Over500_2026_P02_-_published.xlsx:2563,Over500_2026_P02_-_published.xlsx,2563,2026-05-19,REDACTED,general_procurement,Children's Social Care,Transfer Payment,Allowances for provision care,2026-05-19 11:28:01.040,559.26,Redacted,redacted_supplier
Over500_2026_P02_-_published.xlsx:2564,Over500_2026_P02_-_published.xlsx,2564,2026-05-19,REDACTED,general_procurement,Children's Social Care,Transfer Payment,Allowances for provision care,2026-05-19 11:28:01.040,954.38,Redacted,redacted_supplier
Over500_2026_P02_-_published.xlsx:2565,Over500_2026_P02_-_published.xlsx,2565,2026-05-19,REDACTED,general_procurement,Children's Social Care,Transfer Payment,Allowances for provision care,2026-05-19 11:28:01.040,727.06,Redacted,redacted_supplier
Over500_2026_P02_-_published.xlsx:2566,Over500_2026_P02_-_published.xlsx,2566,2026-05-19,REDACTED,general_procurement,Children's Social Care,Transfer Payment,Allowances for provision care,2026-05-19 11:28:01.040,636.18,Redacted,redacted_supplier
Over500_2026_P02_-_published.xlsx:2567,Over500_2026_P02_-_published.xlsx,2567,2026-05-19,REDACTED,general_procurement,Children's Social Care,Transfer Payment,Allowances for provision care,2026-05-19 11:28:01.040,517.69,Redacted,redacted_supplier
Over500_2026_P02_-_published.xlsx:2568,Over500_2026_P02_-_published.xlsx,2568,2026-05-19,REDACTED,general_procurement,Children's Social Care,Transfer Payment,Allowances for provision care,2026-05-19 11:28:01.040,554.87,Redacted,redacted_supplier
Over500_2026_P02_-_published.xlsx:2569,Over500_2026_P02_-_published.xlsx,2569,2026-05-19,REDACTED,general_procurement,Children's Social Care,Transfer Payment,Allowances for provision care,2026-05-19 11:28:01.040,589.6,Redacted,redacted_supplier
Over500_2026_P02_-_published.xlsx:2570,Over500_2026_P02_-_published.xlsx,2570,2026-05-19,REDACTED,general_procurement,Children's Social Care,Transfer Payment,Allowances for provision care,2026-05-19 11:28:01.040,589.6,Redacted,redacted_supplier
Over500_2026_P02_-_published.xlsx:2571,Over500_2026_P02_-_published.xlsx,2571,2026-05-19,REDACTED,general_procurement,Children's Social Care,Transfer Payment,Allowances for provision care,2026-05-19 11:28:01.040,554.86,Redacted,redacted_supplier
Over500_2026_P02_-_published.xlsx:2572,Over500_2026_P02_-_published.xlsx,2572,2026-05-19,REDACTED,general_procurement,Children's Social Care,Transfer Payment,Allowances for provision care,2026-05-19 11:28:01.040,916.75,Redacted,redacted_supplier
Over500_2026_P02_-_published.xlsx:2573,Over500_2026_P02_-_published.xlsx,2573,2026-05-19,REDACTED,general_procurement,Children's Social Care,Transfer Payment,Allowances for provision care,2026-05-19 11:28:01.040,559.27,Redacted,redacted_supplier
Over500_2026_P02_-_published.xlsx:2574,Over500_2026_P02_-_published.xlsx,2574,2026-05-19,REDACTED,general_procurement,Children's Social Care,Transfer Payment,Allowances for provision care,2026-05-19 11:28:01.040,636.19,Redacted,redacted_supplier
Over500_2026_P02_-_published.xlsx:2575,Over500_2026_P02_-_published.xlsx,2575,2026-05-19,REDACTED,general_procurement,Children's Social Care,Transfer Payment,Allowances for provision care,2026-05-19 11:28:01.040,636.19,Redacted,redacted_supplier
Over500_2026_P02_-_published.xlsx:2576,Over500_2026_P02_-_published.xlsx,2576,2026-05-19,REDACTED,general_procurement,Children's Social Care,Transfer Payment,Allowances for provision care,2026-05-19 11:28:01.040,1192.33,Redacted,redacted_supplier
Over500_2026_P02_-_published.xlsx:2577,Over500_2026_P02_-_published.xlsx,2577,2026-05-19,REDACTED,general_procurement,Children's Social Care,Transfer Payment,Allowances for provision care,2026-05-19 11:28:01.040,1192.33,Redacted,redacted_supplier
Over500_2026_P02_-_published.xlsx:2578,Over500_2026_P02_-_published.xlsx,2578,2026-05-19,REDACTED,general_procurement,Children's Social Care,Transfer Payment,Allowances for provision care,2026-05-19 11:28:01.040,589.6,Redacted,redacted_supplier
Over500_2026_P02_-_published.xlsx:2579,Over500_2026_P02_-_published.xlsx,2579,2026-05-19,REDACTED,general_procurement,Children's Social Care,Transfer Payment,Allowances for provision care,2026-05-19 11:28:01.040,517.69,Redacted,redacted_supplier
Over500_2026_P02_-_published.xlsx:2580,Over500_2026_P02_-_published.xlsx,2580,2026-05-19,REDACTED,general_procurement,Children's Social Care,Transfer Payment,Allowances for provision care,2026-05-19 11:28:01.040,595.2,Redacted,redacted_supplier
Over500_2026_P02_-_published.xlsx:2581,Over500_2026_P02_-_published.xlsx,2581,2026-05-19,REDACTED,general_procurement,Children's Social Care,Transfer Payment,Allowances for provision care,2026-05-19 11:28:01.040,636.19,Redacted,redacted_supplier
Over500_2026_P02_-_published.xlsx:2582,Over500_2026_P02_-_published.xlsx,2582,2026-05-19,REDACTED,general_procurement,Children's Social Care,Transfer Payment,Allowances for provision care,2026-05-19 11:28:01.040,916.18,Redacted,redacted_supplier
Over500_2026_P02_-_published.xlsx:2583,Over500_2026_P02_-_published.xlsx,2583,2026-05-19,REDACTED,general_procurement,Children's Social Care,Transfer Payment,Allowances for provision care,2026-05-19 11:28:01.040,916.18,Redacted,redacted_supplier
Over500_2026_P02_-_published.xlsx:2584,Over500_2026_P02_-_published.xlsx,2584,2026-05-19,REDACTED,general_procurement,Children's Social Care,Transfer Payment,Allowances for provision care,2026-05-19 11:28:01.040,559.25,Redacted,redacted_supplier
Over500_2026_P02_-_published.xlsx:2585,Over500_2026_P02_-_published.xlsx,2585,2026-05-19,REDACTED,general_procurement,Children's Social Care,Transfer Payment,Allowances for provision care,2026-05-19 11:28:01.040,543.3,Redacted,redacted_supplier
Over500_2026_P02_-_published.xlsx:2586,Over500_2026_P02_-_published.xlsx,2586,2026-05-19,REDACTED,general_procurement,Children's Social Care,Transfer Payment,Allowances for provision care,2026-05-19 11:28:01.040,636.18,Redacted,redacted_supplier
Over500_2026_P02_-_published.xlsx:2587,Over500_2026_P02_-_published.xlsx,2587,2026-05-19,REDACTED,general_procurement,Children's Social Care,Transfer Payment,Allowances for provision care,2026-05-19 11:28:01.040,636.18,Redacted,redacted_supplier
Over500_2026_P02_-_published.xlsx:2588,Over500_2026_P02_-_published.xlsx,2588,2026-05-19,REDACTED,general_procurement,Children's Social Care,Transfer Payment,Allowances for provision care,2026-05-19 11:28:01.040,636.18,Redacted,redacted_supplier
Over500_2026_P02_-_published.xlsx:2589,Over500_2026_P02_-_published.xlsx,2589,2026-05-19,REDACTED,general_procurement,Children's Social Care,Transfer Payment,Allowances for provision care,2026-05-19 11:28:01.040,636.18,Redacted,redacted_supplier
Over500_2026_P02_-_published.xlsx:2590,Over500_2026_P02_-_published.xlsx,2590,2026-05-19,REDACTED,general_procurement,Children's Social Care,Transfer Payment,Allowances for provision care,2026-05-19 11:28:01.040,636.19,Redacted,redacted_supplier
Over500_2026_P02_-_published.xlsx:2591,Over500_2026_P02_-_published.xlsx,2591,2026-05-19,REDACTED,general_procurement,Children's Social Care,Transfer Payment,Allowances for provision care,2026-05-19 11:28:01.040,559.27,Redacted,redacted_supplier
Over500_2026_P02_-_published.xlsx:2592,Over500_2026_P02_-_published.xlsx,2592,2026-05-19,REDACTED,general_procurement,Children's Social Care,Transfer Payment,Allowances for provision care,2026-05-19 11:28:01.040,916.18,Redacted,redacted_supplier
Over500_2026_P02_-_published.xlsx:2593,Over500_2026_P02_-_published.xlsx,2593,2026-05-19,REDACTED,general_procurement,Children's Social Care,Transfer Payment,Allowances for provision care,2026-05-19 11:28:01.040,916.18,Redacted,redacted_supplier
Over500_2026_P02_-_published.xlsx:2594,Over500_2026_P02_-_published.xlsx,2594,2026-05-19,REDACTED,general_procurement,Children's Social Care,Transfer Payment,Allowances for provision care,2026-05-19 11:28:01.040,636.18,Redacted,redacted_supplier
Over500_2026_P02_-_published.xlsx:2595,Over500_2026_P02_-_published.xlsx,2595,2026-05-19,REDACTED,general_procurement,Children's Social Care,Transfer Payment,Allowances for provision care,2026-05-19 11:28:01.040,559.25,Redacted,redacted_supplier
Over500_2026_P02_-_published.xlsx:2596,Over500_2026_P02_-_published.xlsx,2596,2026-05-19,REDACTED,general_procurement,Children's Social Care,Transfer Payment,Allowances for provision care,2026-05-19 11:28:01.040,636.18,Redacted,redacted_supplier
Over500_2026_P02_-_published.xlsx:2597,Over500_2026_P02_-_published.xlsx,2597,2026-05-19,REDACTED,general_procurement,Children's Social Care,Transfer Payment,Allowances for provision care,2026-05-19 11:28:01.040,636.18,Redacted,redacted_supplier
Over500_2026_P02_-_published.xlsx:2598,Over500_2026_P02_-_published.xlsx,2598,2026-05-19,REDACTED,general_procurement,Children's Social Care,Transfer Payment,Allowances for provision care,2026-05-19 11:28:01.040,559.25,Redacted,redacted_supplier
Over500_2026_P02_-_published.xlsx:2599,Over500_2026_P02_-_published.xlsx,2599,2026-05-19,REDACTED,general_procurement,Children's Social Care,Transfer Payment,Allowances for provision care,2026-05-19 11:28:01.040,559.25,Redacted,redacted_supplier
Over500_2026_P02_-_published.xlsx:2600,Over500_2026_P02_-_published.xlsx,2600,2026-05-19,REDACTED,general_procurement,Children's Social Care,Transfer Payment,Allowances for provision care,2026-05-19 11:28:01.040,587.09,Redacted,redacted_supplier
Over500_2026_P02_-_published.xlsx:2601,Over500_2026_P02_-_published.xlsx,2601,2026-05-19,REDACTED,general_procurement,Children's Social Care,Transfer Payment,Allowances for provision care,2026-05-19 11:28:01.040,517.69,Redacted,redacted_supplier
Over500_2026_P02_-_published.xlsx:2602,Over500_2026_P02_-_published.xlsx,2602,2026-05-19,REDACTED,general_procurement,Children's Social Care,Transfer Payment,Allowances for provision care,2026-05-19 11:28:01.040,532.08,Redacted,redacted_supplier
Over500_2026_P02_-_published.xlsx:2603,Over500_2026_P02_-_published.xlsx,2603,2026-05-19,REDACTED,general_procurement,Children's Social Care,Transfer Payment,Allowances for provision care,2026-05-19 11:28:01.040,916.18,Redacted,redacted_supplier
Over500_2026_P02_-_published.xlsx:2604,Over500_2026_P02_-_published.xlsx,2604,2026-05-19,REDACTED,general_procurement,Children's Social Care,Transfer Payment,Allowances for provision care,2026-05-19 11:28:01.040,636.18,Redacted,redacted_supplier
Over500_2026_P02_-_published.xlsx:2605,Over500_2026_P02_-_published.xlsx,2605,2026-05-19,REDACTED,general_procurement,Children's Social Care,Transfer Payment,Allowances for provision care,2026-05-19 11:28:01.040,898.81,Redacted,redacted_supplier
Over500_2026_P02_-_published.xlsx:2606,Over500_2026_P02_-_published.xlsx,2606,2026-05-19,REDACTED,general_procurement,Children's Social Care,Transfer Payment,Allowances for provision care,2026-05-19 11:28:01.040,1226.63,Redacted,redacted_supplier
Over500_2026_P02_-_published.xlsx:2607,Over500_2026_P02_-_published.xlsx,2607,2026-05-19,REDACTED,general_procurement,Children's Social Care,Transfer Payment,Allowances for provision care,2026-05-19 11:28:01.040,559.27,Redacted,redacted_supplier
Over500_2026_P02_-_published.xlsx:2608,Over500_2026_P02_-_published.xlsx,2608,2026-05-19,REDACTED,general_procurement,Children's Social Care,Transfer Payment,Allowances for provision care,2026-05-19 11:28:01.040,559.27,Redacted,redacted_supplier
Over500_2026_P02_-_published.xlsx:2609,Over500_2026_P02_-_published.xlsx,2609,2026-05-19,REDACTED,general_procurement,Children's Social Care,Transfer Payment,Allowances for provision care,2026-05-19 11:28:01.040,559.25,Redacted,redacted_supplier
Over500_2026_P02_-_published.xlsx:2610,Over500_2026_P02_-_published.xlsx,2610,2026-05-19,REDACTED,general_procurement,Children's Social Care,Transfer Payment,Allowances for provision care,2026-05-19 11:28:01.040,975.1,Redacted,redacted_supplier
Over500_2026_P02_-_published.xlsx:2615,Over500_2026_P02_-_published.xlsx,2615,2026-05-19,REDACTED,general_procurement,Children's Social Care,Transfer Payment,Allowances for provision care,2026-05-19 11:28:01.040,594.26,Redacted,redacted_supplier
Over500_2026_P02_-_published.xlsx:2616,Over500_2026_P02_-_published.xlsx,2616,2026-05-19,REDACTED,general_procurement,Children's Social Care,Transfer Payment,Allowances for provision care,2026-05-19 11:28:01.040,594.26,Redacted,redacted_supplier
Over500_2026_P02_-_published.xlsx:2617,Over500_2026_P02_-_published.xlsx,2617,2026-05-19,REDACTED,general_procurement,Children's Social Care,Transfer Payment,Allowances for provision care,2026-05-19 11:28:01.040,653.24,Redacted,redacted_supplier
Over500_2026_P02_-_published.xlsx:2618,Over500_2026_P02_-_published.xlsx,2618,2026-05-19,REDACTED,general_procurement,Children's Social Care,Transfer Payment,Allowances for provision care,2026-05-19 11:28:01.040,533.0,Redacted,redacted_supplier
Over500_2026_P02_-_published.xlsx:2619,Over500_2026_P02_-_published.xlsx,2619,2026-05-19,REDACTED,general_procurement,Children's Social Care,Transfer Payment,Allowances for provision care,2026-05-19 11:28:01.040,682.52,Redacted,redacted_supplier
Over500_2026_P02_-_published.xlsx:2620,Over500_2026_P02_-_published.xlsx,2620,2026-05-19,REDACTED,general_procurement,Children's Social Care,Transfer Payment,Allowances for provision care,2026-05-19 11:28:01.040,916.18,Redacted,redacted_supplier
Over500_2026_P02_-_published.xlsx:2621,Over500_2026_P02_-_published.xlsx,2621,2026-05-19,REDACTED,general_procurement,Children's Social Care,Transfer Payment,Allowances for provision care,2026-05-19 11:28:01.040,954.38,Redacted,redacted_supplier
Over500_2026_P02_-_published.xlsx:2622,Over500_2026_P02_-_published.xlsx,2622,2026-05-19,REDACTED,general_procurement,Children's Social Care,Transfer Payment,Allowances for provision care,2026-05-19 13:56:37.960,1252.81,Redacted,redacted_supplier
Over500_2026_P02_-_published.xlsx:2623,Over500_2026_P02_-_published.xlsx,2623,2026-05-29,REDACTED,general_procurement,Children's Social Care,Transfer Payment,Allowances for provision care,2026-05-29 13:35:45.613,3190.44,Redacted,redacted_supplier
Over500_2026_P02_-_published.xlsx:2624,Over500_2026_P02_-_published.xlsx,2624,2026-05-19,REDACTED,general_procurement,Children's Social Care,Transfer Payment,Allowances for provision care,2026-05-19 12:46:41.800,1107.33,Redacted,redacted_supplier
Over500_2026_P02_-_published.xlsx:2625,Over500_2026_P02_-_published.xlsx,2625,2026-05-11,REDACTED,general_procurement,Children's Social Care,Supplies & Services,Project,2026-05-11 14:39:42.690,1854.34,Redacted,redacted_supplier
Over500_2026_P02_-_published.xlsx:2626,Over500_2026_P02_-_published.xlsx,2626,2026-05-06,UNIVERSITY HOSPITALS BIRMINGHAM NHS FOUNDATION TRUST,general_procurement,Children's Social Care,Supplies & Services,Project,2026-05-06 13:59:28.037,9966.0,University Hospitals Birmingham NHS Foundation Trust (C/O Togetherness (formally Solihull Approach),inter_authority
Over500_2026_P02_-_published.xlsx:2628,Over500_2026_P02_-_published.xlsx,2628,2026-05-11,REDACTED,premises_non_procurement,"Finance, Property & Procurement",Transfer Payment,Rent Rebates,2026-05-11 11:09:47.973,591.77,Redacted,redacted_supplier
Over500_2026_P02_-_published.xlsx:2629,Over500_2026_P02_-_published.xlsx,2629,2026-05-11,REDACTED,premises_non_procurement,"Finance, Property & Procurement",Transfer Payment,Rent Rebates,2026-05-11 11:09:47.973,1250.27,Redacted,redacted_supplier
Over500_2026_P02_-_published.xlsx:2630,Over500_2026_P02_-_published.xlsx,2630,2026-05-11,REDACTED,premises_non_procurement,"Finance, Property & Procurement",Transfer Payment,Rent Rebates,2026-05-11 13:07:26.647,943.29,Redacted,redacted_supplier
Over500_2026_P02_-_published.xlsx:2631,Over500_2026_P02_-_published.xlsx,2631,2026-05-19,REDACTED,premises_non_procurement,"Finance, Property & Procurement",Transfer Payment,Rent Rebates,2026-05-19 11:36:44.467,2855.75,Redacted,redacted_supplier
Over500_2026_P02_-_published.xlsx:2632,Over500_2026_P02_-_published.xlsx,2632,2026-05-19,REDACTED,premises_non_procurement,"Finance, Property & Procurement",Transfer Payment,Rent Rebates,2026-05-19 11:36:44.467,5920.37,Redacted,redacted_supplier
Over500_2026_P02_-_published.xlsx:2633,Over500_2026_P02_-_published.xlsx,2633,2026-05-19,REDACTED,premises_non_procurement,"Finance, Property & Procurement",Transfer Payment,Rent Rebates,2026-05-19 11:36:44.467,616.43,Redacted,redacted_supplier
Over500_2026_P02_-_published.xlsx:2634,Over500_2026_P02_-_published.xlsx,2634,2026-05-19,REDACTED,premises_non_procurement,"Finance, Property & Procurement",Transfer Payment,Rent Rebates,2026-05-19 11:36:44.467,1786.17,Redacted,redacted_supplier
Over500_2026_P02_-_published.xlsx:2635,Over500_2026_P02_-_published.xlsx,2635,2026-05-19,REDACTED,premises_non_procurement,"Finance, Property & Procurement",Transfer Payment,Rent Rebates,2026-05-19 11:36:44.467,5826.02,Redacted,redacted_supplier
Over500_2026_P02_-_published.xlsx:2636,Over500_2026_P02_-_published.xlsx,2636,2026-05-26,REDACTED,premises_non_procurement,"Finance, Property & Procurement",Transfer Payment,Rent Rebates,2026-05-26 09:25:50.163,1618.33,Redacted,redacted_supplier
Over500_2026_P02_-_published.xlsx:2637,Over500_2026_P02_-_published.xlsx,2637,2026-05-26,REDACTED,premises_non_procurement,"Finance, Property & Procurement",Transfer Payment,Rent Rebates,2026-05-26 09:25:50.163,2481.1,Redacted,redacted_supplier
Over500_2026_P02_-_published.xlsx:2638,Over500_2026_P02_-_published.xlsx,2638,2026-05-26,REDACTED,premises_non_procurement,"Finance, Property & Procurement",Transfer Payment,Rent Rebates,2026-05-26 09:25:50.163,4835.36,Redacted,redacted_supplier
Over500_2026_P02_-_published.xlsx:2639,Over500_2026_P02_-_published.xlsx,2639,2026-05-26,REDACTED,premises_non_procurement,"Finance, Property & Procurement",Transfer Payment,Rent Rebates,2026-05-26 09:25:50.163,1182.94,Redacted,redacted_supplier
Over500_2026_P02_-_published.xlsx:2640,Over500_2026_P02_-_published.xlsx,2640,2026-05-26,REDACTED,premises_non_procurement,"Finance, Property & Procurement",Transfer Payment,Rent Rebates,2026-05-26 09:25:50.163,1182.02,Redacted,redacted_supplier
Over500_2026_P02_-_published.xlsx:2641,Over500_2026_P02_-_published.xlsx,2641,2026-05-26,REDACTED,premises_non_procurement,"Finance, Property & Procurement",Transfer Payment,Rent Rebates,2026-05-26 09:25:50.163,522.19,Redacted,redacted_supplier
Over500_2026_P02_-_published.xlsx:2642,Over500_2026_P02_-_published.xlsx,2642,2026-05-26,REDACTED,premises_non_procurement,"Finance, Property & Procurement",Transfer Payment,Rent Rebates,2026-05-26 09:25:50.163,551.61,Redacted,redacted_supplier
Over500_2026_P02_-_published.xlsx:2643,Over500_2026_P02_-_published.xlsx,2643,2026-05-29,REDACTED,premises_non_procurement,"Finance, Property & Procurement",Transfer Payment,Rent Rebates,2026-05-29 14:29:57.920,1380.8,Redacted,redacted_supplier
Over500_2026_P02_-_published.xlsx:2644,Over500_2026_P02_-_published.xlsx,2644,2026-05-29,REDACTED,premises_non_procurement,"Finance, Property & Procurement",Transfer Payment,Rent Rebates,2026-05-29 14:29:57.920,551.61,Redacted,redacted_supplier
Over500_2026_P02_-_published.xlsx:2645,Over500_2026_P02_-_published.xlsx,2645,2026-05-29,REDACTED,premises_non_procurement,"Finance, Property & Procurement",Transfer Payment,Rent Rebates,2026-05-29 14:29:57.920,1287.09,Redacted,redacted_supplier
Over500_2026_P02_-_published.xlsx:2646,Over500_2026_P02_-_published.xlsx,2646,2026-05-20,REDACTED,general_procurement,Adult Social Care,Transfer Payment,Direct Payment,2026-05-20 08:47:44.180,2448.44,Redacted,redacted_supplier
Over500_2026_P02_-_published.xlsx:2647,Over500_2026_P02_-_published.xlsx,2647,2026-05-20,REDACTED,general_procurement,Adult Social Care,Transfer Payment,Direct Payment,2026-05-20 08:47:44.180,2000.92,Redacted,redacted_supplier
Over500_2026_P02_-_published.xlsx:2648,Over500_2026_P02_-_published.xlsx,2648,2026-05-20,REDACTED,general_procurement,Adult Social Care,Transfer Payment,Direct Payment,2026-05-20 08:47:44.180,3799.76,Redacted,redacted_supplier
Over500_2026_P02_-_published.xlsx:2649,Over500_2026_P02_-_published.xlsx,2649,2026-05-20,REDACTED,general_procurement,Adult Social Care,Transfer Payment,Direct Payment,2026-05-20 08:47:44.180,1722.0,Redacted,redacted_supplier
Over500_2026_P02_-_published.xlsx:2650,Over500_2026_P02_-_published.xlsx,2650,2026-05-20,REDACTED,general_procurement,Adult Social Care,Transfer Payment,Direct Payment,2026-05-20 08:47:44.180,756.84,Redacted,redacted_supplier
Over500_2026_P02_-_published.xlsx:2651,Over500_2026_P02_-_published.xlsx,2651,2026-05-20,REDACTED,general_procurement,Adult Social Care,Transfer Payment,Direct Payment,2026-05-20 08:47:44.180,2810.44,Redacted,redacted_supplier
Over500_2026_P02_-_published.xlsx:2652,Over500_2026_P02_-_published.xlsx,2652,2026-05-20,REDACTED,general_procurement,Adult Social Care,Transfer Payment,Direct Payment,2026-05-20 08:47:44.180,1129.96,Redacted,redacted_supplier
Over500_2026_P02_-_published.xlsx:2653,Over500_2026_P02_-_published.xlsx,2653,2026-05-20,REDACTED,general_procurement,Adult Social Care,Transfer Payment,Direct Payment,2026-05-20 08:47:44.180,3909.8,Redacted,redacted_supplier
Over500_2026_P02_-_published.xlsx:2654,Over500_2026_P02_-_published.xlsx,2654,2026-05-20,REDACTED,general_procurement,Adult Social Care,Transfer Payment,Direct Payment,2026-05-20 08:47:44.180,2759.84,Redacted,redacted_supplier
Over500_2026_P02_-_published.xlsx:2655,Over500_2026_P02_-_published.xlsx,2655,2026-05-20,REDACTED,general_procurement,Adult Social Care,Transfer Payment,Direct Payment,2026-05-20 08:47:44.180,1507.2,Redacted,redacted_supplier
Over500_2026_P02_-_published.xlsx:2656,Over500_2026_P02_-_published.xlsx,2656,2026-05-20,REDACTED,general_procurement,Adult Social Care,Transfer Payment,Direct Payment,2026-05-20 08:47:44.180,1770.0,Redacted,redacted_supplier
Over500_2026_P02_-_published.xlsx:2657,Over500_2026_P02_-_published.xlsx,2657,2026-05-20,REDACTED,general_procurement,Adult Social Care,Transfer Payment,Direct Payment,2026-05-20 08:47:44.180,1080.0,Redacted,redacted_supplier
Over500_2026_P02_-_published.xlsx:2658,Over500_2026_P02_-_published.xlsx,2658,2026-05-20,REDACTED,general_procurement,Adult Social Care,Transfer Payment,Direct Payment,2026-05-20 08:47:44.180,720.64,Redacted,redacted_supplier
Over500_2026_P02_-_published.xlsx:2659,Over500_2026_P02_-_published.xlsx,2659,2026-05-20,REDACTED,general_procurement,Adult Social Care,Transfer Payment,Direct Payment,2026-05-20 08:47:44.180,3276.76,Redacted,redacted_supplier
Over500_2026_P02_-_published.xlsx:2660,Over500_2026_P02_-_published.xlsx,2660,2026-05-20,REDACTED,general_procurement,Adult Social Care,Transfer Payment,Direct Payment,2026-05-20 08:47:44.180,1915.92,Redacted,redacted_supplier
Over500_2026_P02_-_published.xlsx:2661,Over500_2026_P02_-_published.xlsx,2661,2026-05-20,REDACTED,general_procurement,Adult Social Care,Transfer Payment,Direct Payment,2026-05-20 08:47:44.180,772.0,Redacted,redacted_supplier
Over500_2026_P02_-_published.xlsx:2662,Over500_2026_P02_-_published.xlsx,2662,2026-05-20,REDACTED,general_procurement,Adult Social Care,Transfer Payment,Direct Payment,2026-05-20 08:47:44.180,1063.24,Redacted,redacted_supplier
Over500_2026_P02_-_published.xlsx:2663,Over500_2026_P02_-_published.xlsx,2663,2026-05-20,REDACTED,general_procurement,Adult Social Care,Transfer Payment,Direct Payment,2026-05-20 08:47:44.180,2591.64,Redacted,redacted_supplier
Over500_2026_P02_-_published.xlsx:2664,Over500_2026_P02_-_published.xlsx,2664,2026-05-20,REDACTED,general_procurement,Adult Social Care,Transfer Payment,Direct Payment,2026-05-20 08:47:44.180,3539.96,Redacted,redacted_supplier
Over500_2026_P02_-_published.xlsx:2665,Over500_2026_P02_-_published.xlsx,2665,2026-05-20,REDACTED,general_procurement,Adult Social Care,Transfer Payment,Direct Payment,2026-05-20 08:47:44.180,1721.88,Redacted,redacted_supplier
Over500_2026_P02_-_published.xlsx:2666,Over500_2026_P02_-_published.xlsx,2666,2026-05-20,REDACTED,general_procurement,Adult Social Care,Transfer Payment,Direct Payment,2026-05-20 08:47:44.180,1056.0,Redacted,redacted_supplier
Over500_2026_P02_-_published.xlsx:2667,Over500_2026_P02_-_published.xlsx,2667,2026-05-20,REDACTED,general_procurement,Adult Social Care,Transfer Payment,Direct Payment,2026-05-20 08:47:44.180,1392.0,Redacted,redacted_supplier
Over500_2026_P02_-_published.xlsx:2668,Over500_2026_P02_-_published.xlsx,2668,2026-05-22,REDACTED,general_procurement,Adult Social Care,Transfer Payment,Direct Payment,2026-05-22 09:08:05.493,2267.48,Redacted,redacted_supplier
Over500_2026_P02_-_published.xlsx:2669,Over500_2026_P02_-_published.xlsx,2669,2026-05-20,REDACTED,general_procurement,Adult Social Care,Transfer Payment,Direct Payment,2026-05-20 08:47:44.180,2992.6,Redacted,redacted_supplier
Over500_2026_P02_-_published.xlsx:2670,Over500_2026_P02_-_published.xlsx,2670,2026-05-20,REDACTED,general_procurement,Adult Social Care,Transfer Payment,Direct Payment,2026-05-20 08:47:44.180,4339.76,Redacted,redacted_supplier
Over500_2026_P02_-_published.xlsx:2671,Over500_2026_P02_-_published.xlsx,2671,2026-05-20,REDACTED,general_procurement,Adult Social Care,Transfer Payment,Direct Payment,2026-05-20 08:47:44.180,4433.6,Redacted,redacted_supplier
Over500_2026_P02_-_published.xlsx:2672,Over500_2026_P02_-_published.xlsx,2672,2026-05-20,REDACTED,general_procurement,Adult Social Care,Transfer Payment,Direct Payment,2026-05-20 08:47:44.180,1091.96,Redacted,redacted_supplier
Over500_2026_P02_-_published.xlsx:2673,Over500_2026_P02_-_published.xlsx,2673,2026-05-20,REDACTED,general_procurement,Adult Social Care,Transfer Payment,Direct Payment,2026-05-20 08:47:44.180,2500.96,Redacted,redacted_supplier
Over500_2026_P02_-_published.xlsx:2674,Over500_2026_P02_-_published.xlsx,2674,2026-05-20,REDACTED,general_procurement,Adult Social Care,Transfer Payment,Direct Payment,2026-05-20 08:47:44.180,3400.0,Redacted,redacted_supplier
Over500_2026_P02_-_published.xlsx:2675,Over500_2026_P02_-_published.xlsx,2675,2026-05-20,REDACTED,general_procurement,Adult Social Care,Transfer Payment,Direct Payment,2026-05-20 08:47:44.180,2022.36,Redacted,redacted_supplier
Over500_2026_P02_-_published.xlsx:2676,Over500_2026_P02_-_published.xlsx,2676,2026-05-20,REDACTED,general_procurement,Adult Social Care,Transfer Payment,Direct Payment,2026-05-20 08:47:44.180,1099.96,Redacted,redacted_supplier
Over500_2026_P02_-_published.xlsx:2677,Over500_2026_P02_-_published.xlsx,2677,2026-05-20,REDACTED,general_procurement,Adult Social Care,Transfer Payment,Direct Payment,2026-05-20 08:47:44.180,2586.84,Redacted,redacted_supplier
Over500_2026_P02_-_published.xlsx:2678,Over500_2026_P02_-_published.xlsx,2678,2026-05-20,REDACTED,general_procurement,Adult Social Care,Transfer Payment,Direct Payment,2026-05-20 08:47:44.180,4800.0,Redacted,redacted_supplier
Over500_2026_P02_-_published.xlsx:2679,Over500_2026_P02_-_published.xlsx,2679,2026-05-20,REDACTED,general_procurement,Adult Social Care,Transfer Payment,Direct Payment,2026-05-20 08:47:44.180,1232.0,Redacted,redacted_supplier
Over500_2026_P02_-_published.xlsx:2680,Over500_2026_P02_-_published.xlsx,2680,2026-05-20,REDACTED,general_procurement,Adult Social Care,Transfer Payment,Direct Payment,2026-05-20 08:47:44.180,4400.0,Redacted,redacted_supplier
Over500_2026_P02_-_published.xlsx:2681,Over500_2026_P02_-_published.xlsx,2681,2026-05-20,REDACTED,general_procurement,Adult Social Care,Transfer Payment,Direct Payment,2026-05-20 08:47:44.180,959.96,Redacted,redacted_supplier
Over500_2026_P02_-_published.xlsx:2682,Over500_2026_P02_-_published.xlsx,2682,2026-05-20,REDACTED,general_procurement,Adult Social Care,Transfer Payment,Direct Payment,2026-05-20 08:47:44.180,1246.84,Redacted,redacted_supplier
Over500_2026_P02_-_published.xlsx:2683,Over500_2026_P02_-_published.xlsx,2683,2026-05-20,REDACTED,general_procurement,Adult Social Care,Transfer Payment,Direct Payment,2026-05-20 08:47:44.180,4441.68,Redacted,redacted_supplier
Over500_2026_P02_-_published.xlsx:2684,Over500_2026_P02_-_published.xlsx,2684,2026-05-20,REDACTED,general_procurement,Adult Social Care,Transfer Payment,Direct Payment,2026-05-20 08:47:44.180,2208.0,Redacted,redacted_supplier
Over500_2026_P02_-_published.xlsx:2685,Over500_2026_P02_-_published.xlsx,2685,2026-05-20,REDACTED,general_procurement,Adult Social Care,Transfer Payment,Direct Payment,2026-05-20 08:47:44.180,967.76,Redacted,redacted_supplier
Over500_2026_P02_-_published.xlsx:2686,Over500_2026_P02_-_published.xlsx,2686,2026-05-20,REDACTED,general_procurement,Adult Social Care,Transfer Payment,Direct Payment,2026-05-20 08:47:44.180,4928.0,Redacted,redacted_supplier
Over500_2026_P02_-_published.xlsx:2689,Over500_2026_P02_-_published.xlsx,2689,2026-05-20,REDACTED,general_procurement,Adult Social Care,Transfer Payment,Direct Payment,2026-05-20 08:47:44.180,1679.92,Redacted,redacted_supplier
Over500_2026_P02_-_published.xlsx:2690,Over500_2026_P02_-_published.xlsx,2690,2026-05-20,REDACTED,general_procurement,Adult Social Care,Transfer Payment,Direct Payment,2026-05-20 08:47:44.180,4999.72,Redacted,redacted_supplier
Over500_2026_P02_-_published.xlsx:2691,Over500_2026_P02_-_published.xlsx,2691,2026-05-20,REDACTED,general_procurement,Adult Social Care,Transfer Payment,Direct Payment,2026-05-20 08:47:44.180,639.96,Redacted,redacted_supplier
Over500_2026_P02_-_published.xlsx:2692,Over500_2026_P02_-_published.xlsx,2692,2026-05-22,REDACTED,general_procurement,Adult Social Care,Transfer Payment,Direct Payment,2026-05-22 09:08:05.493,2620.29,Redacted,redacted_supplier
Over500_2026_P02_-_published.xlsx:2693,Over500_2026_P02_-_published.xlsx,2693,2026-05-20,REDACTED,general_procurement,Adult Social Care,Transfer Payment,Direct Payment,2026-05-20 08:47:44.180,5357.04,Redacted,redacted_supplier
Over500_2026_P02_-_published.xlsx:2694,Over500_2026_P02_-_published.xlsx,2694,2026-05-20,REDACTED,general_procurement,Adult Social Care,Transfer Payment,Direct Payment,2026-05-20 08:47:44.180,1538.48,Redacted,redacted_supplier
Over500_2026_P02_-_published.xlsx:2695,Over500_2026_P02_-_published.xlsx,2695,2026-05-20,REDACTED,general_procurement,Adult Social Care,Transfer Payment,Direct Payment,2026-05-20 08:47:44.180,5170.88,Redacted,redacted_supplier
Over500_2026_P02_-_published.xlsx:2696,Over500_2026_P02_-_published.xlsx,2696,2026-05-20,REDACTED,general_procurement,Adult Social Care,Transfer Payment,Direct Payment,2026-05-20 08:47:44.180,1034.92,Redacted,redacted_supplier
Over500_2026_P02_-_published.xlsx:2697,Over500_2026_P02_-_published.xlsx,2697,2026-05-20,REDACTED,general_procurement,Adult Social Care,Transfer Payment,Direct Payment,2026-05-20 08:47:44.180,1278.76,Redacted,redacted_supplier
Over500_2026_P02_-_published.xlsx:2698,Over500_2026_P02_-_published.xlsx,2698,2026-05-20,REDACTED,general_procurement,Adult Social Care,Transfer Payment,Direct Payment,2026-05-20 08:47:44.180,2274.52,Redacted,redacted_supplier
Over500_2026_P02_-_published.xlsx:2699,Over500_2026_P02_-_published.xlsx,2699,2026-05-20,REDACTED,general_procurement,Adult Social Care,Transfer Payment,Direct Payment,2026-05-20 08:47:44.180,789.24,Redacted,redacted_supplier
Over500_2026_P02_-_published.xlsx:2700,Over500_2026_P02_-_published.xlsx,2700,2026-05-20,REDACTED,general_procurement,Adult Social Care,Transfer Payment,Direct Payment,2026-05-20 08:47:44.180,2130.96,Redacted,redacted_supplier
Over500_2026_P02_-_published.xlsx:2701,Over500_2026_P02_-_published.xlsx,2701,2026-05-20,REDACTED,general_procurement,Adult Social Care,Transfer Payment,Direct Payment,2026-05-20 08:47:44.180,8279.36,Redacted,redacted_supplier
Over500_2026_P02_-_published.xlsx:2702,Over500_2026_P02_-_published.xlsx,2702,2026-05-20,REDACTED,general_procurement,Adult Social Care,Transfer Payment,Direct Payment,2026-05-20 08:47:44.180,6228.64,Redacted,redacted_supplier
Over500_2026_P02_-_published.xlsx:2703,Over500_2026_P02_-_published.xlsx,2703,2026-05-20,REDACTED,general_procurement,Adult Social Care,Transfer Payment,Direct Payment,2026-05-20 08:47:44.180,6783.92,Redacted,redacted_supplier
Over500_2026_P02_-_published.xlsx:2704,Over500_2026_P02_-_published.xlsx,2704,2026-05-20,REDACTED,general_procurement,Adult Social Care,Transfer Payment,Direct Payment,2026-05-20 08:47:44.180,3392.36,Redacted,redacted_supplier
Over500_2026_P02_-_published.xlsx:2705,Over500_2026_P02_-_published.xlsx,2705,2026-05-20,REDACTED,general_procurement,Adult Social Care,Transfer Payment,Direct Payment,2026-05-20 08:47:44.180,956.4,Redacted,redacted_supplier
Over500_2026_P02_-_published.xlsx:2706,Over500_2026_P02_-_published.xlsx,2706,2026-05-20,REDACTED,general_procurement,Adult Social Care,Transfer Payment,Direct Payment,2026-05-20 08:47:44.180,3126.48,Redacted,redacted_supplier
Over500_2026_P02_-_published.xlsx:2707,Over500_2026_P02_-_published.xlsx,2707,2026-05-20,REDACTED,general_procurement,Adult Social Care,Transfer Payment,Direct Payment,2026-05-20 08:47:44.180,1160.0,Redacted,redacted_supplier
Over500_2026_P02_-_published.xlsx:2708,Over500_2026_P02_-_published.xlsx,2708,2026-05-20,REDACTED,general_procurement,Adult Social Care,Transfer Payment,Direct Payment,2026-05-20 08:47:44.180,4391.16,Redacted,redacted_supplier
Over500_2026_P02_-_published.xlsx:2709,Over500_2026_P02_-_published.xlsx,2709,2026-05-20,REDACTED,general_procurement,Adult Social Care,Transfer Payment,Direct Payment,2026-05-20 08:47:44.180,1144.04,Redacted,redacted_supplier
Over500_2026_P02_-_published.xlsx:2710,Over500_2026_P02_-_published.xlsx,2710,2026-05-20,REDACTED,general_procurement,Adult Social Care,Transfer Payment,Direct Payment,2026-05-20 08:47:44.180,3633.72,Redacted,redacted_supplier
Over500_2026_P02_-_published.xlsx:2711,Over500_2026_P02_-_published.xlsx,2711,2026-05-20,REDACTED,general_procurement,Adult Social Care,Transfer Payment,Direct Payment,2026-05-20 08:47:44.180,2911.6,Redacted,redacted_supplier
Over500_2026_P02_-_published.xlsx:2712,Over500_2026_P02_-_published.xlsx,2712,2026-05-20,REDACTED,general_procurement,Adult Social Care,Transfer Payment,Direct Payment,2026-05-20 08:47:44.180,1582.52,Redacted,redacted_supplier
Over500_2026_P02_-_published.xlsx:2713,Over500_2026_P02_-_published.xlsx,2713,2026-05-20,REDACTED,general_procurement,Adult Social Care,Transfer Payment,Direct Payment,2026-05-20 08:47:44.180,1231.52,Redacted,redacted_supplier
Over500_2026_P02_-_published.xlsx:2714,Over500_2026_P02_-_published.xlsx,2714,2026-05-20,REDACTED,general_procurement,Adult Social Care,Transfer Payment,Direct Payment,2026-05-20 08:47:44.180,9248.4,Redacted,redacted_supplier
Over500_2026_P02_-_published.xlsx:2715,Over500_2026_P02_-_published.xlsx,2715,2026-05-20,REDACTED,general_procurement,Adult Social Care,Transfer Payment,Direct Payment,2026-05-20 08:47:44.180,1850.0,Redacted,redacted_supplier
Over500_2026_P02_-_published.xlsx:2716,Over500_2026_P02_-_published.xlsx,2716,2026-05-20,REDACTED,general_procurement,Adult Social Care,Transfer Payment,Direct Payment,2026-05-20 08:47:44.180,2745.08,Redacted,redacted_supplier
Over500_2026_P02_-_published.xlsx:2717,Over500_2026_P02_-_published.xlsx,2717,2026-05-20,REDACTED,general_procurement,Adult Social Care,Transfer Payment,Direct Payment,2026-05-20 08:47:44.180,792.96,Redacted,redacted_supplier
Over500_2026_P02_-_published.xlsx:2718,Over500_2026_P02_-_published.xlsx,2718,2026-05-20,REDACTED,general_procurement,Adult Social Care,Transfer Payment,Direct Payment,2026-05-20 08:47:44.180,2505.68,Redacted,redacted_supplier
Over500_2026_P02_-_published.xlsx:2719,Over500_2026_P02_-_published.xlsx,2719,2026-05-20,REDACTED,general_procurement,Adult Social Care,Transfer Payment,Direct Payment,2026-05-20 08:47:44.180,1496.16,Redacted,redacted_supplier
Over500_2026_P02_-_published.xlsx:2720,Over500_2026_P02_-_published.xlsx,2720,2026-05-20,REDACTED,general_procurement,Adult Social Care,Transfer Payment,Direct Payment,2026-05-20 08:47:44.180,9747.76,Redacted,redacted_supplier
Over500_2026_P02_-_published.xlsx:2721,Over500_2026_P02_-_published.xlsx,2721,2026-05-20,REDACTED,general_procurement,Adult Social Care,Transfer Payment,Direct Payment,2026-05-20 08:47:44.180,1808.48,Redacted,redacted_supplier
Over500_2026_P02_-_published.xlsx:2722,Over500_2026_P02_-_published.xlsx,2722,2026-05-20,REDACTED,general_procurement,Adult Social Care,Transfer Payment,Direct Payment,2026-05-20 08:47:44.180,2100.0,Redacted,redacted_supplier
Over500_2026_P02_-_published.xlsx:2723,Over500_2026_P02_-_published.xlsx,2723,2026-05-20,REDACTED,general_procurement,Adult Social Care,Transfer Payment,Direct Payment,2026-05-20 08:47:44.180,1349.52,Redacted,redacted_supplier
Over500_2026_P02_-_published.xlsx:2724,Over500_2026_P02_-_published.xlsx,2724,2026-05-20,REDACTED,general_procurement,Adult Social Care,Transfer Payment,Direct Payment,2026-05-20 08:47:44.180,10215.56,Redacted,redacted_supplier
Over500_2026_P02_-_published.xlsx:2725,Over500_2026_P02_-_published.xlsx,2725,2026-05-20,REDACTED,general_procurement,Adult Social Care,Transfer Payment,Direct Payment,2026-05-20 08:47:44.180,1744.8,Redacted,redacted_supplier
Over500_2026_P02_-_published.xlsx:2726,Over500_2026_P02_-_published.xlsx,2726,2026-05-20,REDACTED,general_procurement,Adult Social Care,Transfer Payment,Direct Payment,2026-05-20 08:47:44.180,3626.32,Redacted,redacted_supplier
Over500_2026_P02_-_published.xlsx:2727,Over500_2026_P02_-_published.xlsx,2727,2026-05-20,REDACTED,general_procurement,Adult Social Care,Transfer Payment,Direct Payment,2026-05-20 08:47:44.180,847.2,Redacted,redacted_supplier
Over500_2026_P02_-_published.xlsx:2728,Over500_2026_P02_-_published.xlsx,2728,2026-05-20,REDACTED,general_procurement,Adult Social Care,Transfer Payment,Direct Payment,2026-05-20 08:47:44.180,1455.92,Redacted,redacted_supplier
Over500_2026_P02_-_published.xlsx:2729,Over500_2026_P02_-_published.xlsx,2729,2026-05-20,REDACTED,general_procurement,Adult Social Care,Transfer Payment,Direct Payment,2026-05-20 08:47:44.180,1059.4,Redacted,redacted_supplier
Over500_2026_P02_-_published.xlsx:2730,Over500_2026_P02_-_published.xlsx,2730,2026-05-20,REDACTED,general_procurement,Adult Social Care,Transfer Payment,Direct Payment,2026-05-20 08:47:44.180,6745.08,Redacted,redacted_supplier
Over500_2026_P02_-_published.xlsx:2731,Over500_2026_P02_-_published.xlsx,2731,2026-05-20,REDACTED,general_procurement,Adult Social Care,Transfer Payment,Direct Payment,2026-05-20 08:47:44.180,4851.6,Redacted,redacted_supplier
Over500_2026_P02_-_published.xlsx:2732,Over500_2026_P02_-_published.xlsx,2732,2026-05-20,REDACTED,general_procurement,Adult Social Care,Transfer Payment,Direct Payment,2026-05-20 08:47:44.180,1799.92,Redacted,redacted_supplier
Over500_2026_P02_-_published.xlsx:2733,Over500_2026_P02_-_published.xlsx,2733,2026-05-20,REDACTED,general_procurement,Adult Social Care,Transfer Payment,Direct Payment,2026-05-20 08:47:44.180,12400.0,Redacted,redacted_supplier
Over500_2026_P02_-_published.xlsx:2734,Over500_2026_P02_-_published.xlsx,2734,2026-05-20,REDACTED,general_procurement,Adult Social Care,Transfer Payment,Direct Payment,2026-05-20 08:47:44.180,4343.92,Redacted,redacted_supplier
Over500_2026_P02_-_published.xlsx:2735,Over500_2026_P02_-_published.xlsx,2735,2026-05-20,REDACTED,general_procurement,Adult Social Care,Transfer Payment,Direct Payment,2026-05-20 08:47:44.180,962.96,Redacted,redacted_supplier
Over500_2026_P02_-_published.xlsx:2736,Over500_2026_P02_-_published.xlsx,2736,2026-05-20,REDACTED,general_procurement,Adult Social Care,Transfer Payment,Direct Payment,2026-05-20 08:47:44.180,2478.0,Redacted,redacted_supplier
Over500_2026_P02_-_published.xlsx:2737,Over500_2026_P02_-_published.xlsx,2737,2026-05-20,REDACTED,general_procurement,Adult Social Care,Transfer Payment,Direct Payment,2026-05-20 08:47:44.180,1184.56,Redacted,redacted_supplier
Over500_2026_P02_-_published.xlsx:2738,Over500_2026_P02_-_published.xlsx,2738,2026-05-20,REDACTED,general_procurement,Adult Social Care,Transfer Payment,Direct Payment,2026-05-20 08:47:44.180,877.6,Redacted,redacted_supplier
Over500_2026_P02_-_published.xlsx:2739,Over500_2026_P02_-_published.xlsx,2739,2026-05-20,REDACTED,general_procurement,Adult Social Care,Transfer Payment,Direct Payment,2026-05-20 08:47:44.180,3445.24,Redacted,redacted_supplier
Over500_2026_P02_-_published.xlsx:2740,Over500_2026_P02_-_published.xlsx,2740,2026-05-20,REDACTED,general_procurement,Adult Social Care,Transfer Payment,Direct Payment,2026-05-20 08:47:44.180,3321.84,Redacted,redacted_supplier
Over500_2026_P02_-_published.xlsx:2741,Over500_2026_P02_-_published.xlsx,2741,2026-05-20,REDACTED,general_procurement,Adult Social Care,Transfer Payment,Direct Payment,2026-05-20 08:47:44.180,709.24,Redacted,redacted_supplier
Over500_2026_P02_-_published.xlsx:2742,Over500_2026_P02_-_published.xlsx,2742,2026-05-20,REDACTED,general_procurement,Adult Social Care,Transfer Payment,Direct Payment,2026-05-20 08:47:44.180,3031.8,Redacted,redacted_supplier
Over500_2026_P02_-_published.xlsx:2743,Over500_2026_P02_-_published.xlsx,2743,2026-05-20,REDACTED,general_procurement,Adult Social Care,Transfer Payment,Direct Payment,2026-05-20 08:47:44.180,799.96,Redacted,redacted_supplier
Over500_2026_P02_-_published.xlsx:2744,Over500_2026_P02_-_published.xlsx,2744,2026-05-20,REDACTED,general_procurement,Adult Social Care,Transfer Payment,Direct Payment,2026-05-20 08:47:44.180,2239.88,Redacted,redacted_supplier
Over500_2026_P02_-_published.xlsx:2745,Over500_2026_P02_-_published.xlsx,2745,2026-05-20,REDACTED,general_procurement,Adult Social Care,Transfer Payment,Direct Payment,2026-05-20 08:47:44.180,1208.08,Redacted,redacted_supplier
Over500_2026_P02_-_published.xlsx:2746,Over500_2026_P02_-_published.xlsx,2746,2026-05-20,REDACTED,general_procurement,Adult Social Care,Transfer Payment,Direct Payment,2026-05-20 08:47:44.180,1206.52,Redacted,redacted_supplier
Over500_2026_P02_-_published.xlsx:2747,Over500_2026_P02_-_published.xlsx,2747,2026-05-20,REDACTED,general_procurement,Adult Social Care,Transfer Payment,Direct Payment,2026-05-20 08:47:44.180,1447.4,Redacted,redacted_supplier
Over500_2026_P02_-_published.xlsx:2748,Over500_2026_P02_-_published.xlsx,2748,2026-05-20,REDACTED,general_procurement,Adult Social Care,Transfer Payment,Direct Payment,2026-05-20 08:47:44.180,737.6,Redacted,redacted_supplier
Over500_2026_P02_-_published.xlsx:2749,Over500_2026_P02_-_published.xlsx,2749,2026-05-20,REDACTED,general_procurement,Adult Social Care,Transfer Payment,Direct Payment,2026-05-20 08:47:44.180,1799.92,Redacted,redacted_supplier
Over500_2026_P02_-_published.xlsx:2750,Over500_2026_P02_-_published.xlsx,2750,2026-05-20,REDACTED,general_procurement,Adult Social Care,Transfer Payment,Direct Payment,2026-05-20 08:47:44.180,1409.92,Redacted,redacted_supplier
Over500_2026_P02_-_published.xlsx:2751,Over500_2026_P02_-_published.xlsx,2751,2026-05-20,REDACTED,general_procurement,Adult Social Care,Transfer Payment,Direct Payment,2026-05-20 08:47:44.180,504.72,Redacted,redacted_supplier
Over500_2026_P02_-_published.xlsx:2752,Over500_2026_P02_-_published.xlsx,2752,2026-05-20,REDACTED,general_procurement,Adult Social Care,Transfer Payment,Direct Payment,2026-05-20 08:47:44.180,1432.0,Redacted,redacted_supplier
Over500_2026_P02_-_published.xlsx:2753,Over500_2026_P02_-_published.xlsx,2753,2026-05-20,REDACTED,general_procurement,Adult Social Care,Transfer Payment,Direct Payment,2026-05-20 08:47:44.180,3022.0,Redacted,redacted_supplier
Over500_2026_P02_-_published.xlsx:2754,Over500_2026_P02_-_published.xlsx,2754,2026-05-20,REDACTED,general_procurement,Adult Social Care,Transfer Payment,Direct Payment,2026-05-20 08:47:44.180,2420.64,Redacted,redacted_supplier
Over500_2026_P02_-_published.xlsx:2755,Over500_2026_P02_-_published.xlsx,2755,2026-05-20,REDACTED,general_procurement,Adult Social Care,Transfer Payment,Direct Payment,2026-05-20 08:47:44.180,1294.32,Redacted,redacted_supplier
Over500_2026_P02_-_published.xlsx:2756,Over500_2026_P02_-_published.xlsx,2756,2026-05-20,REDACTED,general_procurement,Adult Social Care,Transfer Payment,Direct Payment,2026-05-20 08:47:44.180,1583.92,Redacted,redacted_supplier
Over500_2026_P02_-_published.xlsx:2758,Over500_2026_P02_-_published.xlsx,2758,2026-05-20,REDACTED,general_procurement,Adult Social Care,Transfer Payment,Direct Payment,2026-05-20 08:47:44.180,2158.96,Redacted,redacted_supplier
Over500_2026_P02_-_published.xlsx:2759,Over500_2026_P02_-_published.xlsx,2759,2026-05-20,REDACTED,general_procurement,Adult Social Care,Transfer Payment,Direct Payment,2026-05-20 08:47:44.180,9073.64,Redacted,redacted_supplier
Over500_2026_P02_-_published.xlsx:2760,Over500_2026_P02_-_published.xlsx,2760,2026-05-20,REDACTED,general_procurement,Adult Social Care,Transfer Payment,Direct Payment,2026-05-20 08:47:44.180,629.96,Redacted,redacted_supplier
Over500_2026_P02_-_published.xlsx:2761,Over500_2026_P02_-_published.xlsx,2761,2026-05-20,REDACTED,general_procurement,Adult Social Care,Transfer Payment,Direct Payment,2026-05-20 08:47:44.180,1580.6,Redacted,redacted_supplier
Over500_2026_P02_-_published.xlsx:2762,Over500_2026_P02_-_published.xlsx,2762,2026-05-20,REDACTED,general_procurement,Adult Social Care,Transfer Payment,Direct Payment,2026-05-20 08:47:44.180,3406.8,Redacted,redacted_supplier
Over500_2026_P02_-_published.xlsx:2763,Over500_2026_P02_-_published.xlsx,2763,2026-05-20,REDACTED,general_procurement,Adult Social Care,Transfer Payment,Direct Payment,2026-05-20 08:47:44.180,2228.64,Redacted,redacted_supplier
Over500_2026_P02_-_published.xlsx:2764,Over500_2026_P02_-_published.xlsx,2764,2026-05-20,REDACTED,general_procurement,Adult Social Care,Transfer Payment,Direct Payment,2026-05-20 08:47:44.180,1088.0,Redacted,redacted_supplier
Over500_2026_P02_-_published.xlsx:2765,Over500_2026_P02_-_published.xlsx,2765,2026-05-20,REDACTED,general_procurement,Adult Social Care,Transfer Payment,Direct Payment,2026-05-20 08:47:44.180,1866.0,Redacted,redacted_supplier
Over500_2026_P02_-_published.xlsx:2766,Over500_2026_P02_-_published.xlsx,2766,2026-05-20,REDACTED,general_procurement,Adult Social Care,Transfer Payment,Direct Payment,2026-05-20 08:47:44.180,772.16,Redacted,redacted_supplier
Over500_2026_P02_-_published.xlsx:2767,Over500_2026_P02_-_published.xlsx,2767,2026-05-22,REDACTED,general_procurement,Adult Social Care,Transfer Payment,Direct Payment,2026-05-22 09:08:05.493,3995.0,Redacted,redacted_supplier
Over500_2026_P02_-_published.xlsx:2768,Over500_2026_P02_-_published.xlsx,2768,2026-05-20,REDACTED,general_procurement,Adult Social Care,Transfer Payment,Direct Payment,2026-05-20 08:47:44.180,1599.92,Redacted,redacted_supplier
Over500_2026_P02_-_published.xlsx:2769,Over500_2026_P02_-_published.xlsx,2769,2026-05-20,REDACTED,general_procurement,Adult Social Care,Transfer Payment,Direct Payment,2026-05-20 08:47:44.180,1020.0,Redacted,redacted_supplier
Over500_2026_P02_-_published.xlsx:2770,Over500_2026_P02_-_published.xlsx,2770,2026-05-20,REDACTED,general_procurement,Adult Social Care,Transfer Payment,Direct Payment,2026-05-20 08:47:44.180,704.0,Redacted,redacted_supplier
Over500_2026_P02_-_published.xlsx:2771,Over500_2026_P02_-_published.xlsx,2771,2026-05-20,REDACTED,general_procurement,Adult Social Care,Transfer Payment,Direct Payment,2026-05-20 08:47:44.180,906.0,Redacted,redacted_supplier
Over500_2026_P02_-_published.xlsx:2772,Over500_2026_P02_-_published.xlsx,2772,2026-05-11,REDACTED,general_procurement,Children's Social Care,Transfer Payment,Direct Payment,2026-05-11 12:19:51.247,750.0,Redacted,redacted_supplier
Over500_2026_P02_-_published.xlsx:2773,Over500_2026_P02_-_published.xlsx,2773,2026-05-11,REDACTED,general_procurement,Children's Social Care,Transfer Payment,Direct Payment,2026-05-11 12:19:51.247,1105.0,Redacted,redacted_supplier
Over500_2026_P02_-_published.xlsx:2774,Over500_2026_P02_-_published.xlsx,2774,2026-05-13,REDACTED,general_procurement,Children's Social Care,Transfer Payment,Direct Payment,2026-05-13 09:09:41.903,1500.0,Redacted,redacted_supplier
Over500_2026_P02_-_published.xlsx:2775,Over500_2026_P02_-_published.xlsx,2775,2026-05-05,REDACTED,general_procurement,Children's Social Care,Transfer Payment,Direct Payment,2026-05-05 17:05:53.243,2816.15,Redacted,redacted_supplier
Over500_2026_P02_-_published.xlsx:2776,Over500_2026_P02_-_published.xlsx,2776,2026-05-06,REDACTED,general_procurement,Children's Social Care,Transfer Payment,Direct Payment,2026-05-06 17:55:30.040,1296.0,Redacted,redacted_supplier
Over500_2026_P02_-_published.xlsx:2777,Over500_2026_P02_-_published.xlsx,2777,2026-05-20,REDACTED,general_procurement,Children's Social Care,Transfer Payment,Direct Payment,2026-05-20 10:56:46.597,504.68,Redacted,redacted_supplier
Over500_2026_P02_-_published.xlsx:2778,Over500_2026_P02_-_published.xlsx,2778,2026-05-06,REDACTED,general_procurement,Children's Social Care,Transfer Payment,Direct Payment,2026-05-06 12:12:15.823,659.08,Redacted,redacted_supplier
Over500_2026_P02_-_published.xlsx:2779,Over500_2026_P02_-_published.xlsx,2779,2026-05-19,REDACTED,general_procurement,Children's Social Care,Transfer Payment,Direct Payment,2026-05-19 11:28:01.040,530.45,Redacted,redacted_supplier
Over500_2026_P02_-_published.xlsx:2780,Over500_2026_P02_-_published.xlsx,2780,2026-05-13,REDACTED,general_procurement,Children's Social Care,Transfer Payment,Direct Payment,2026-05-13 15:46:09.387,750.0,Redacted,redacted_supplier
Over500_2026_P02_-_published.xlsx:2781,Over500_2026_P02_-_published.xlsx,2781,2026-05-19,REDACTED,general_procurement,Children's Social Care,Transfer Payment,Direct Payment,2026-05-19 11:28:01.040,546.0,Redacted,redacted_supplier
Over500_2026_P02_-_published.xlsx:2782,Over500_2026_P02_-_published.xlsx,2782,2026-05-19,REDACTED,general_procurement,Children's Social Care,Transfer Payment,Direct Payment,2026-05-19 09:42:33.927,540.0,Redacted,redacted_supplier
Over500_2026_P02_-_published.xlsx:2783,Over500_2026_P02_-_published.xlsx,2783,2026-05-19,REDACTED,general_procurement,Children's Social Care,Transfer Payment,Direct Payment,2026-05-19 09:42:33.927,1287.27,Redacted,redacted_supplier
Over500_2026_P02_-_published.xlsx:2784,Over500_2026_P02_-_published.xlsx,2784,2026-05-19,REDACTED,general_procurement,Children's Social Care,Transfer Payment,Direct Payment,2026-05-19 09:42:33.927,1398.96,Redacted,redacted_supplier
Over500_2026_P02_-_published.xlsx:2785,Over500_2026_P02_-_published.xlsx,2785,2026-05-19,REDACTED,general_procurement,Children's Social Care,Transfer Payment,Direct Payment,2026-05-19 09:42:33.927,1887.6,Redacted,redacted_supplier
Over500_2026_P02_-_published.xlsx:2786,Over500_2026_P02_-_published.xlsx,2786,2026-05-19,REDACTED,general_procurement,Children's Social Care,Transfer Payment,Direct Payment,2026-05-19 09:42:33.927,508.81,Redacted,redacted_supplier
Over500_2026_P02_-_published.xlsx:2787,Over500_2026_P02_-_published.xlsx,2787,2026-05-19,REDACTED,general_procurement,Children's Social Care,Transfer Payment,Direct Payment,2026-05-19 09:42:33.927,2314.2,Redacted,redacted_supplier
Over500_2026_P02_-_published.xlsx:2788,Over500_2026_P02_-_published.xlsx,2788,2026-05-19,REDACTED,general_procurement,Children's Social Care,Transfer Payment,Direct Payment,2026-05-19 09:42:33.927,1015.55,Redacted,redacted_supplier
Over500_2026_P02_-_published.xlsx:2789,Over500_2026_P02_-_published.xlsx,2789,2026-05-19,REDACTED,general_procurement,Children's Social Care,Transfer Payment,Direct Payment,2026-05-19 09:42:33.927,1017.4,Redacted,redacted_supplier
Over500_2026_P02_-_published.xlsx:2790,Over500_2026_P02_-_published.xlsx,2790,2026-05-19,REDACTED,general_procurement,Children's Social Care,Transfer Payment,Direct Payment,2026-05-19 09:42:33.927,845.0,Redacted,redacted_supplier
Over500_2026_P02_-_published.xlsx:2791,Over500_2026_P02_-_published.xlsx,2791,2026-05-19,REDACTED,general_procurement,Children's Social Care,Transfer Payment,Direct Payment,2026-05-19 09:42:33.927,1206.6,Redacted,redacted_supplier
Over500_2026_P02_-_published.xlsx:2792,Over500_2026_P02_-_published.xlsx,2792,2026-05-19,REDACTED,general_procurement,Children's Social Care,Transfer Payment,Direct Payment,2026-05-19 09:42:33.927,1330.8,Redacted,redacted_supplier
Over500_2026_P02_-_published.xlsx:2793,Over500_2026_P02_-_published.xlsx,2793,2026-05-19,REDACTED,general_procurement,Children's Social Care,Transfer Payment,Direct Payment,2026-05-19 09:42:33.927,1330.8,Redacted,redacted_supplier
Over500_2026_P02_-_published.xlsx:2794,Over500_2026_P02_-_published.xlsx,2794,2026-05-19,REDACTED,general_procurement,Children's Social Care,Transfer Payment,Direct Payment,2026-05-19 09:42:33.927,533.76,Redacted,redacted_supplier
Over500_2026_P02_-_published.xlsx:2795,Over500_2026_P02_-_published.xlsx,2795,2026-05-19,REDACTED,general_procurement,Children's Social Care,Transfer Payment,Direct Payment,2026-05-19 09:42:33.927,600.0,Redacted,redacted_supplier
Over500_2026_P02_-_published.xlsx:2796,Over500_2026_P02_-_published.xlsx,2796,2026-05-19,REDACTED,general_procurement,Children's Social Care,Transfer Payment,Direct Payment,2026-05-19 09:42:33.927,570.9,Redacted,redacted_supplier
Over500_2026_P02_-_published.xlsx:2797,Over500_2026_P02_-_published.xlsx,2797,2026-05-19,REDACTED,general_procurement,Children's Social Care,Transfer Payment,Direct Payment,2026-05-19 09:42:33.927,2940.0,Redacted,redacted_supplier
Over500_2026_P02_-_published.xlsx:2798,Over500_2026_P02_-_published.xlsx,2798,2026-05-19,REDACTED,general_procurement,Children's Social Care,Transfer Payment,Direct Payment,2026-05-19 13:56:37.960,700.0,Redacted,redacted_supplier
Over500_2026_P02_-_published.xlsx:2799,Over500_2026_P02_-_published.xlsx,2799,2026-05-01,REDACTED,general_procurement,Education (DSG Funded) & Other Education Grants,Transfer Payment,Direct Payment,2026-05-01 11:47:51.240,7470.66,Redacted,redacted_supplier
Over500_2026_P02_-_published.xlsx:2800,Over500_2026_P02_-_published.xlsx,2800,2026-05-15,REDACTED,general_procurement,Education (DSG Funded) & Other Education Grants,Transfer Payment,Direct Payment,2026-05-15 16:45:41.037,7045.0,Redacted,redacted_supplier
Over500_2026_P02_-_published.xlsx:2801,Over500_2026_P02_-_published.xlsx,2801,2026-05-18,REDACTED,general_procurement,Education (DSG Funded) & Other Education Grants,Transfer Payment,Direct Payment,2026-05-18 15:07:16.080,2620.0,Redacted,redacted_supplier
Over500_2026_P02_-_published.xlsx:2802,Over500_2026_P02_-_published.xlsx,2802,2026-05-21,REDACTED,general_procurement,Education (DSG Funded) & Other Education Grants,Transfer Payment,Direct Payment,2026-05-21 14:57:34.087,2238.33,Redacted,redacted_supplier
Over500_2026_P02_-_published.xlsx:2803,Over500_2026_P02_-_published.xlsx,2803,2026-05-21,REDACTED,general_procurement,Education (DSG Funded) & Other Education Grants,Transfer Payment,Direct Payment,2026-05-21 14:57:34.087,5654.13,Redacted,redacted_supplier
Over500_2026_P02_-_published.xlsx:2804,Over500_2026_P02_-_published.xlsx,2804,2026-05-20,REDACTED,general_procurement,Adult Social Care,Transfer Payment,Payments to Carers,2026-05-20 08:47:44.180,720.0,Redacted,redacted_supplier
Over500_2026_P02_-_published.xlsx:2805,Over500_2026_P02_-_published.xlsx,2805,2026-05-20,REDACTED,general_procurement,Adult Social Care,Transfer Payment,Payments to Carers,2026-05-20 08:47:44.180,2160.0,Redacted,redacted_supplier
Over500_2026_P02_-_published.xlsx:2806,Over500_2026_P02_-_published.xlsx,2806,2026-05-20,REDACTED,general_procurement,Adult Social Care,Transfer Payment,Payments to Carers,2026-05-20 08:47:44.180,1137.76,Redacted,redacted_supplier
Over500_2026_P02_-_published.xlsx:2807,Over500_2026_P02_-_published.xlsx,2807,2026-05-05,REDACTED,general_procurement,Adult Social Care,Transfer Payment,Adult Placement Allowances,2026-05-05 13:59:24.887,1607.48,Redacted,redacted_supplier
Over500_2026_P02_-_published.xlsx:2808,Over500_2026_P02_-_published.xlsx,2808,2026-05-19,REDACTED,general_procurement,Adult Social Care,Transfer Payment,Adult Placement Allowances,2026-05-19 15:01:22.653,1607.48,Redacted,redacted_supplier
Over500_2026_P02_-_published.xlsx:2809,Over500_2026_P02_-_published.xlsx,2809,2026-05-05,REDACTED,general_procurement,Adult Social Care,Transfer Payment,Adult Placement Allowances,2026-05-05 13:59:24.887,661.0,Redacted,redacted_supplier
Over500_2026_P02_-_published.xlsx:2810,Over500_2026_P02_-_published.xlsx,2810,2026-05-05,REDACTED,general_procurement,Adult Social Care,Transfer Payment,Adult Placement Allowances,2026-05-05 13:59:24.887,568.6,Redacted,redacted_supplier
Over500_2026_P02_-_published.xlsx:2811,Over500_2026_P02_-_published.xlsx,2811,2026-05-05,REDACTED,general_procurement,Adult Social Care,Transfer Payment,Adult Placement Allowances,2026-05-05 13:59:24.887,997.6,Redacted,redacted_supplier
Over500_2026_P02_-_published.xlsx:2812,Over500_2026_P02_-_published.xlsx,2812,2026-05-05,REDACTED,general_procurement,Adult Social Care,Transfer Payment,Adult Placement Allowances,2026-05-05 13:59:24.887,797.2,Redacted,redacted_supplier
Over500_2026_P02_-_published.xlsx:2813,Over500_2026_P02_-_published.xlsx,2813,2026-05-05,REDACTED,general_procurement,Adult Social Care,Transfer Payment,Adult Placement Allowances,2026-05-05 13:59:24.887,797.2,Redacted,redacted_supplier
Over500_2026_P02_-_published.xlsx:2814,Over500_2026_P02_-_published.xlsx,2814,2026-05-05,REDACTED,general_procurement,Adult Social Care,Transfer Payment,Adult Placement Allowances,2026-05-05 13:59:24.887,661.0,Redacted,redacted_supplier
Over500_2026_P02_-_published.xlsx:2815,Over500_2026_P02_-_published.xlsx,2815,2026-05-05,REDACTED,general_procurement,Adult Social Care,Transfer Payment,Adult Placement Allowances,2026-05-05 13:59:24.887,797.2,Redacted,redacted_supplier
Over500_2026_P02_-_published.xlsx:2816,Over500_2026_P02_-_published.xlsx,2816,2026-05-05,REDACTED,general_procurement,Adult Social Care,Transfer Payment,Adult Placement Allowances,2026-05-05 13:59:24.887,661.0,Redacted,redacted_supplier
Over500_2026_P02_-_published.xlsx:2817,Over500_2026_P02_-_published.xlsx,2817,2026-05-05,REDACTED,general_procurement,Adult Social Care,Transfer Payment,Adult Placement Allowances,2026-05-05 13:59:24.887,701.4,Redacted,redacted_supplier
Over500_2026_P02_-_published.xlsx:2818,Over500_2026_P02_-_published.xlsx,2818,2026-05-05,REDACTED,general_procurement,Adult Social Care,Transfer Payment,Adult Placement Allowances,2026-05-05 13:59:24.887,968.76,Redacted,redacted_supplier
Over500_2026_P02_-_published.xlsx:2819,Over500_2026_P02_-_published.xlsx,2819,2026-05-05,REDACTED,general_procurement,Adult Social Care,Transfer Payment,Adult Placement Allowances,2026-05-05 13:59:24.887,797.2,Redacted,redacted_supplier
Over500_2026_P02_-_published.xlsx:2820,Over500_2026_P02_-_published.xlsx,2820,2026-05-05,REDACTED,general_procurement,Adult Social Care,Transfer Payment,Adult Placement Allowances,2026-05-05 13:59:24.887,661.0,Redacted,redacted_supplier
Over500_2026_P02_-_published.xlsx:2821,Over500_2026_P02_-_published.xlsx,2821,2026-05-05,REDACTED,general_procurement,Adult Social Care,Transfer Payment,Adult Placement Allowances,2026-05-05 13:59:24.887,1047.7,Redacted,redacted_supplier
Over500_2026_P02_-_published.xlsx:2822,Over500_2026_P02_-_published.xlsx,2822,2026-05-05,REDACTED,general_procurement,Adult Social Care,Transfer Payment,Adult Placement Allowances,2026-05-05 13:59:24.887,797.2,Redacted,redacted_supplier
Over500_2026_P02_-_published.xlsx:2823,Over500_2026_P02_-_published.xlsx,2823,2026-05-05,REDACTED,general_procurement,Adult Social Care,Transfer Payment,Adult Placement Allowances,2026-05-05 13:59:24.887,661.0,Redacted,redacted_supplier
Over500_2026_P02_-_published.xlsx:2824,Over500_2026_P02_-_published.xlsx,2824,2026-05-05,REDACTED,general_procurement,Adult Social Care,Transfer Payment,Adult Placement Allowances,2026-05-05 13:59:24.887,568.6,Redacted,redacted_supplier
Over500_2026_P02_-_published.xlsx:2825,Over500_2026_P02_-_published.xlsx,2825,2026-05-05,REDACTED,general_procurement,Adult Social Care,Transfer Payment,Adult Placement Allowances,2026-05-05 13:59:24.887,811.0,Redacted,redacted_supplier
Over500_2026_P02_-_published.xlsx:2826,Over500_2026_P02_-_published.xlsx,2826,2026-05-05,REDACTED,general_procurement,Adult Social Care,Transfer Payment,Adult Placement Allowances,2026-05-05 13:59:24.887,811.0,Redacted,redacted_supplier
Over500_2026_P02_-_published.xlsx:2827,Over500_2026_P02_-_published.xlsx,2827,2026-05-05,REDACTED,general_procurement,Adult Social Care,Transfer Payment,Adult Placement Allowances,2026-05-05 13:59:24.887,1201.58,Redacted,redacted_supplier
Over500_2026_P02_-_published.xlsx:2828,Over500_2026_P02_-_published.xlsx,2828,2026-05-05,REDACTED,general_procurement,Adult Social Care,Transfer Payment,Adult Placement Allowances,2026-05-05 13:59:24.887,584.5,Redacted,redacted_supplier
Over500_2026_P02_-_published.xlsx:2829,Over500_2026_P02_-_published.xlsx,2829,2026-05-05,REDACTED,general_procurement,Adult Social Care,Transfer Payment,Adult Placement Allowances,2026-05-05 13:59:24.887,661.0,Redacted,redacted_supplier
Over500_2026_P02_-_published.xlsx:2830,Over500_2026_P02_-_published.xlsx,2830,2026-05-05,REDACTED,general_procurement,Adult Social Care,Transfer Payment,Adult Placement Allowances,2026-05-05 13:59:24.887,661.0,Redacted,redacted_supplier
Over500_2026_P02_-_published.xlsx:2831,Over500_2026_P02_-_published.xlsx,2831,2026-05-05,REDACTED,general_procurement,Adult Social Care,Transfer Payment,Adult Placement Allowances,2026-05-05 13:59:24.887,797.2,Redacted,redacted_supplier
Over500_2026_P02_-_published.xlsx:2832,Over500_2026_P02_-_published.xlsx,2832,2026-05-05,REDACTED,general_procurement,Adult Social Care,Transfer Payment,Adult Placement Allowances,2026-05-05 13:59:24.887,797.2,Redacted,redacted_supplier
Over500_2026_P02_-_published.xlsx:2833,Over500_2026_P02_-_published.xlsx,2833,2026-05-05,REDACTED,general_procurement,Adult Social Care,Transfer Payment,Adult Placement Allowances,2026-05-05 13:59:24.887,797.2,Redacted,redacted_supplier
Over500_2026_P02_-_published.xlsx:2834,Over500_2026_P02_-_published.xlsx,2834,2026-05-11,REDACTED,general_procurement,Adult Social Care,Transfer Payment,Adult Placement Allowances,2026-05-11 09:55:53.840,604.36,Redacted,redacted_supplier
Over500_2026_P02_-_published.xlsx:2835,Over500_2026_P02_-_published.xlsx,2835,2026-05-11,REDACTED,general_procurement,Adult Social Care,Transfer Payment,Adult Placement Allowances,2026-05-11 09:55:53.840,584.5,Redacted,redacted_supplier
Over500_2026_P02_-_published.xlsx:2836,Over500_2026_P02_-_published.xlsx,2836,2026-05-11,REDACTED,general_procurement,Adult Social Care,Transfer Payment,Adult Placement Allowances,2026-05-11 09:55:53.840,1410.3,Redacted,redacted_supplier
Over500_2026_P02_-_published.xlsx:2837,Over500_2026_P02_-_published.xlsx,2837,2026-05-11,REDACTED,general_procurement,Adult Social Care,Transfer Payment,Adult Placement Allowances,2026-05-11 09:55:53.840,1916.5,Redacted,redacted_supplier
Over500_2026_P02_-_published.xlsx:2838,Over500_2026_P02_-_published.xlsx,2838,2026-05-19,REDACTED,general_procurement,Adult Social Care,Transfer Payment,Adult Placement Allowances,2026-05-19 15:01:22.653,661.0,Redacted,redacted_supplier
Over500_2026_P02_-_published.xlsx:2839,Over500_2026_P02_-_published.xlsx,2839,2026-05-19,REDACTED,general_procurement,Adult Social Care,Transfer Payment,Adult Placement Allowances,2026-05-19 15:01:22.653,568.6,Redacted,redacted_supplier
Over500_2026_P02_-_published.xlsx:2840,Over500_2026_P02_-_published.xlsx,2840,2026-05-19,REDACTED,general_procurement,Adult Social Care,Transfer Payment,Adult Placement Allowances,2026-05-19 15:01:22.653,797.2,Redacted,redacted_supplier
Over500_2026_P02_-_published.xlsx:2841,Over500_2026_P02_-_published.xlsx,2841,2026-05-19,REDACTED,general_procurement,Adult Social Care,Transfer Payment,Adult Placement Allowances,2026-05-19 15:01:22.653,797.2,Redacted,redacted_supplier
Over500_2026_P02_-_published.xlsx:2842,Over500_2026_P02_-_published.xlsx,2842,2026-05-19,REDACTED,general_procurement,Adult Social Care,Transfer Payment,Adult Placement Allowances,2026-05-19 15:01:22.653,661.0,Redacted,redacted_supplier
Over500_2026_P02_-_published.xlsx:2843,Over500_2026_P02_-_published.xlsx,2843,2026-05-19,REDACTED,general_procurement,Adult Social Care,Transfer Payment,Adult Placement Allowances,2026-05-19 15:01:22.653,797.2,Redacted,redacted_supplier
Over500_2026_P02_-_published.xlsx:2844,Over500_2026_P02_-_published.xlsx,2844,2026-05-19,REDACTED,general_procurement,Adult Social Care,Transfer Payment,Adult Placement Allowances,2026-05-19 15:01:22.653,661.0,Redacted,redacted_supplier
Over500_2026_P02_-_published.xlsx:2845,Over500_2026_P02_-_published.xlsx,2845,2026-05-19,REDACTED,general_procurement,Adult Social Care,Transfer Payment,Adult Placement Allowances,2026-05-19 15:01:22.653,968.76,Redacted,redacted_supplier
Over500_2026_P02_-_published.xlsx:2846,Over500_2026_P02_-_published.xlsx,2846,2026-05-19,REDACTED,general_procurement,Adult Social Care,Transfer Payment,Adult Placement Allowances,2026-05-19 15:01:22.653,797.2,Redacted,redacted_supplier
Over500_2026_P02_-_published.xlsx:2847,Over500_2026_P02_-_published.xlsx,2847,2026-05-19,REDACTED,general_procurement,Adult Social Care,Transfer Payment,Adult Placement Allowances,2026-05-19 15:01:22.653,661.0,Redacted,redacted_supplier
Over500_2026_P02_-_published.xlsx:2848,Over500_2026_P02_-_published.xlsx,2848,2026-05-19,REDACTED,general_procurement,Adult Social Care,Transfer Payment,Adult Placement Allowances,2026-05-19 15:01:22.653,797.2,Redacted,redacted_supplier
Over500_2026_P02_-_published.xlsx:2849,Over500_2026_P02_-_published.xlsx,2849,2026-05-19,REDACTED,general_procurement,Adult Social Care,Transfer Payment,Adult Placement Allowances,2026-05-19 15:01:22.653,797.2,Redacted,redacted_supplier
Over500_2026_P02_-_published.xlsx:2850,Over500_2026_P02_-_published.xlsx,2850,2026-05-19,REDACTED,general_procurement,Adult Social Care,Transfer Payment,Adult Placement Allowances,2026-05-19 15:01:22.653,661.0,Redacted,redacted_supplier
Over500_2026_P02_-_published.xlsx:2851,Over500_2026_P02_-_published.xlsx,2851,2026-05-19,REDACTED,general_procurement,Adult Social Care,Transfer Payment,Adult Placement Allowances,2026-05-19 15:01:22.653,568.6,Redacted,redacted_supplier
Over500_2026_P02_-_published.xlsx:2852,Over500_2026_P02_-_published.xlsx,2852,2026-05-19,REDACTED,general_procurement,Adult Social Care,Transfer Payment,Adult Placement Allowances,2026-05-19 15:01:22.653,811.0,Redacted,redacted_supplier
Over500_2026_P02_-_published.xlsx:2853,Over500_2026_P02_-_published.xlsx,2853,2026-05-19,REDACTED,general_procurement,Adult Social Care,Transfer Payment,Adult Placement Allowances,2026-05-19 15:01:22.653,811.0,Redacted,redacted_supplier
Over500_2026_P02_-_published.xlsx:2854,Over500_2026_P02_-_published.xlsx,2854,2026-05-19,REDACTED,general_procurement,Adult Social Care,Transfer Payment,Adult Placement Allowances,2026-05-19 15:01:22.653,661.0,Redacted,redacted_supplier
Over500_2026_P02_-_published.xlsx:2855,Over500_2026_P02_-_published.xlsx,2855,2026-05-19,REDACTED,general_procurement,Adult Social Care,Transfer Payment,Adult Placement Allowances,2026-05-19 15:01:22.653,584.5,Redacted,redacted_supplier
Over500_2026_P02_-_published.xlsx:2856,Over500_2026_P02_-_published.xlsx,2856,2026-05-19,REDACTED,general_procurement,Adult Social Care,Transfer Payment,Adult Placement Allowances,2026-05-19 15:01:22.653,661.0,Redacted,redacted_supplier
Over500_2026_P02_-_published.xlsx:2857,Over500_2026_P02_-_published.xlsx,2857,2026-05-19,REDACTED,general_procurement,Adult Social Care,Transfer Payment,Adult Placement Allowances,2026-05-19 15:01:22.653,661.0,Redacted,redacted_supplier
Over500_2026_P02_-_published.xlsx:2858,Over500_2026_P02_-_published.xlsx,2858,2026-05-19,REDACTED,general_procurement,Adult Social Care,Transfer Payment,Adult Placement Allowances,2026-05-19 15:01:22.653,797.2,Redacted,redacted_supplier
Over500_2026_P02_-_published.xlsx:2859,Over500_2026_P02_-_published.xlsx,2859,2026-05-19,REDACTED,general_procurement,Adult Social Care,Transfer Payment,Adult Placement Allowances,2026-05-19 15:01:22.653,797.2,Redacted,redacted_supplier
Over500_2026_P02_-_published.xlsx:2860,Over500_2026_P02_-_published.xlsx,2860,2026-05-19,REDACTED,general_procurement,Adult Social Care,Transfer Payment,Adult Placement Allowances,2026-05-19 15:01:22.653,797.2,Redacted,redacted_supplier
Over500_2026_P02_-_published.xlsx:2861,Over500_2026_P02_-_published.xlsx,2861,2026-05-26,REDACTED,general_procurement,Adult Social Care,Transfer Payment,Adult Placement Allowances,2026-05-26 15:00:40.733,538.4,Redacted,redacted_supplier
Over500_2026_P02_-_published.xlsx:2862,Over500_2026_P02_-_published.xlsx,2862,2026-05-26,REDACTED,general_procurement,Adult Social Care,Transfer Payment,Adult Placement Allowances,2026-05-26 15:00:40.733,584.5,Redacted,redacted_supplier
Over500_2026_P02_-_published.xlsx:2863,Over500_2026_P02_-_published.xlsx,2863,2026-05-26,REDACTED,general_procurement,Adult Social Care,Transfer Payment,Adult Placement Allowances,2026-05-26 15:00:40.733,1169.0,Redacted,redacted_supplier
Over500_2026_P02_-_published.xlsx:2864,Over500_2026_P02_-_published.xlsx,2864,2026-05-05,REDACTED,general_procurement,Adult Social Care,Transfer Payment,Adult Placement Allowances,2026-05-05 13:59:24.887,1020.5,Redacted,redacted_supplier
Over500_2026_P02_-_published.xlsx:2865,Over500_2026_P02_-_published.xlsx,2865,2026-05-19,REDACTED,general_procurement,Adult Social Care,Transfer Payment,Adult Placement Allowances,2026-05-19 15:01:22.653,1020.5,Redacted,redacted_supplier
Over500_2026_P02_-_published.xlsx:2866,Over500_2026_P02_-_published.xlsx,2866,2026-05-28,REDACTED,general_procurement,Adult Social Care,,ASC Deferred Debt,2026-05-28 13:29:58.763,2346.35,Redacted,redacted_supplier
Over500_2026_P02_-_published.xlsx:2867,Over500_2026_P02_-_published.xlsx,2867,2026-05-28,REDACTED,general_procurement,Adult Social Care,,ASC Deferred Debt,2026-05-28 13:29:58.763,3287.83,Redacted,redacted_supplier
Over500_2026_P02_-_published.xlsx:2868,Over500_2026_P02_-_published.xlsx,2868,2026-05-28,REDACTED,general_procurement,Adult Social Care,,ASC Deferred Debt,2026-05-28 13:29:58.763,2341.07,Redacted,redacted_supplier
Over500_2026_P02_-_published.xlsx:2869,Over500_2026_P02_-_published.xlsx,2869,2026-05-28,REDACTED,general_procurement,Adult Social Care,,ASC Deferred Debt,2026-05-28 13:29:58.763,4467.44,Redacted,redacted_supplier
Over500_2026_P02_-_published.xlsx:2870,Over500_2026_P02_-_published.xlsx,2870,2026-05-28,REDACTED,general_procurement,Adult Social Care,,ASC Deferred Debt,2026-05-28 13:29:58.763,4528.83,Redacted,redacted_supplier
Over500_2026_P02_-_published.xlsx:2871,Over500_2026_P02_-_published.xlsx,2871,2026-05-28,REDACTED,general_procurement,Adult Social Care,,ASC Deferred Debt,2026-05-28 13:29:58.763,5003.91,Redacted,redacted_supplier
Over500_2026_P02_-_published.xlsx:2872,Over500_2026_P02_-_published.xlsx,2872,2026-05-28,REDACTED,general_procurement,Adult Social Care,,ASC Deferred Debt,2026-05-28 13:29:58.763,5640.59,Redacted,redacted_supplier
Over500_2026_P02_-_published.xlsx:2873,Over500_2026_P02_-_published.xlsx,2873,2026-05-28,REDACTED,general_procurement,Adult Social Care,,ASC Deferred Debt,2026-05-28 13:29:58.763,3121.56,Redacted,redacted_supplier
Over500_2026_P02_-_published.xlsx:2874,Over500_2026_P02_-_published.xlsx,2874,2026-05-28,REDACTED,general_procurement,Adult Social Care,,ASC Deferred Debt,2026-05-28 13:29:58.763,3950.37,Redacted,redacted_supplier
Over500_2026_P02_-_published.xlsx:2875,Over500_2026_P02_-_published.xlsx,2875,2026-05-28,REDACTED,general_procurement,Adult Social Care,,ASC Deferred Debt,2026-05-28 13:29:58.763,4335.96,Redacted,redacted_supplier
Over500_2026_P02_-_published.xlsx:2876,Over500_2026_P02_-_published.xlsx,2876,2026-05-28,REDACTED,general_procurement,Adult Social Care,,ASC Deferred Debt,2026-05-28 13:29:58.763,4729.21,Redacted,redacted_supplier
Over500_2026_P02_-_published.xlsx:2877,Over500_2026_P02_-_published.xlsx,2877,2026-05-28,REDACTED,general_procurement,Adult Social Care,,ASC Deferred Debt,2026-05-28 13:29:58.763,4731.4,Redacted,redacted_supplier
Over500_2026_P02_-_published.xlsx:2878,Over500_2026_P02_-_published.xlsx,2878,2026-05-28,REDACTED,general_procurement,Adult Social Care,,ASC Deferred Debt,2026-05-28 13:29:58.763,2972.82,Redacted,redacted_supplier
Over500_2026_P02_-_published.xlsx:2879,Over500_2026_P02_-_published.xlsx,2879,2026-05-28,REDACTED,general_procurement,Adult Social Care,,ASC Deferred Debt,2026-05-28 13:29:58.763,4732.14,Redacted,redacted_supplier
Over500_2026_P02_-_published.xlsx:2880,Over500_2026_P02_-_published.xlsx,2880,2026-05-28,REDACTED,general_procurement,Adult Social Care,,ASC Deferred Debt,2026-05-28 13:29:58.763,5554.33,Redacted,redacted_supplier
Over500_2026_P02_-_published.xlsx:2881,Over500_2026_P02_-_published.xlsx,2881,2026-05-28,REDACTED,general_procurement,Adult Social Care,,ASC Deferred Debt,2026-05-28 13:29:58.763,6319.99,Redacted,redacted_supplier
Over500_2026_P02_-_published.xlsx:2882,Over500_2026_P02_-_published.xlsx,2882,2026-05-28,REDACTED,general_procurement,Adult Social Care,,ASC Deferred Debt,2026-05-28 13:29:58.763,3098.85,Redacted,redacted_supplier
Over500_2026_P02_-_published.xlsx:2883,Over500_2026_P02_-_published.xlsx,2883,2026-05-28,REDACTED,general_procurement,Adult Social Care,,ASC Deferred Debt,2026-05-28 13:29:58.763,4727.12,Redacted,redacted_supplier
Over500_2026_P02_-_published.xlsx:2884,Over500_2026_P02_-_published.xlsx,2884,2026-05-28,REDACTED,general_procurement,Adult Social Care,,ASC Deferred Debt,2026-05-28 13:29:58.763,5286.63,Redacted,redacted_supplier
Over500_2026_P02_-_published.xlsx:2885,Over500_2026_P02_-_published.xlsx,2885,2026-05-28,REDACTED,general_procurement,Adult Social Care,,ASC Deferred Debt,2026-05-28 13:29:58.763,5574.2,Redacted,redacted_supplier
Over500_2026_P02_-_published.xlsx:2886,Over500_2026_P02_-_published.xlsx,2886,2026-05-28,REDACTED,general_procurement,Adult Social Care,,ASC Deferred Debt,2026-05-28 13:29:58.763,2234.72,Redacted,redacted_supplier
Over500_2026_P02_-_published.xlsx:2887,Over500_2026_P02_-_published.xlsx,2887,2026-06-04,REDACTED,general_procurement,Adult Social Care,,ASC Deferred Debt,2026-06-04 19:53:23.093,23168.64,Redacted,redacted_supplier
Over500_2026_P02_-_published.xlsx:2888,Over500_2026_P02_-_published.xlsx,2888,2026-05-20,ROYAL BOROUGH OF WINDSOR AND MAIDENHEAD,general_procurement,Finance,,LGPS Employees Control,2026-05-20 17:56:29.953,449421.17,Royal Borough of Windsor and Maidenhead,pension_statutory
Over500_2026_P02_-_published.xlsx:2889,Over500_2026_P02_-_published.xlsx,2889,2026-05-20,ROYAL BOROUGH OF WINDSOR AND MAIDENHEAD,general_procurement,Finance,,LGPS Employers Control,2026-05-20 17:56:29.953,1088314.51,Royal Borough of Windsor and Maidenhead,pension_statutory
Over500_2026_P02_-_published.xlsx:2890,Over500_2026_P02_-_published.xlsx,2890,2026-05-18,ROYAL BOROUGH OF WINDSOR AND MAIDENHEAD,general_procurement,Finance,,Teachers LGPS ERS Control,2026-05-18 17:56:06.587,971741.52,Royal Borough of Windsor and Maidenhead,pension_statutory
Over500_2026_P02_-_published.xlsx:2892,Over500_2026_P02_-_published.xlsx,2892,2026-05-06,WEST BERKSHIRE COUNCIL,general_procurement,Finance,,Council Tax Court Orders,2026-05-06 11:39:30.683,2096.53,WEST BERKSHIRE COUNCIL,inter_authority
Over500_2026_P03_-_published.xlsx:3,Over500_2026_P03_-_published.xlsx,3,2026-06-17,ROYAL BOROUGH OF WINDSOR AND MAIDENHEAD,general_procurement,Strategy & Governance,Employees,Employers LGPS Deficit Contribution,2026-06-17 02:04:27.993,575000.0,Royal Borough of Windsor and Maidenhead,pension_statutory
Over500_2026_P03_-_published.xlsx:121,Over500_2026_P03_-_published.xlsx,121,2026-06-23,REDACTED,premises_non_procurement,Development & Housing,Premises,Rents,2026-06-23 13:35:55.000,1300.0,Redacted,redacted_supplier
Over500_2026_P03_-_published.xlsx:225,Over500_2026_P03_-_published.xlsx,225,2026-06-09,REDACTED,general_procurement,Children's Social Care,Supplies & Services,Public Transport,2026-06-09 11:02:11.387,569.25,Redacted,redacted_supplier
Over500_2026_P03_-_published.xlsx:226,Over500_2026_P03_-_published.xlsx,226,2026-06-30,REDACTED,general_procurement,Children's Social Care,Supplies & Services,Public Transport,2026-06-30 09:57:44.583,600.6,Redacted,redacted_supplier
Over500_2026_P03_-_published.xlsx:263,Over500_2026_P03_-_published.xlsx,263,2026-06-16,REDACTED,general_procurement,Children's Social Care,Supplies & Services,Public Transport,2026-06-16 16:19:19.237,561.0,Redacted,redacted_supplier
Over500_2026_P03_-_published.xlsx:271,Over500_2026_P03_-_published.xlsx,271,2026-06-09,REDACTED,general_procurement,Children's Social Care,Supplies & Services,Public Transport,2026-06-09 11:02:11.387,569.25,Redacted,redacted_supplier
Over500_2026_P03_-_published.xlsx:295,Over500_2026_P03_-_published.xlsx,295,2026-06-29,REDACTED,premises_non_procurement,Development & Housing,Premises,Rents,2026-06-29 11:16:59.967,2300.0,Redacted,redacted_supplier
Over500_2026_P03_-_published.xlsx:354,Over500_2026_P03_-_published.xlsx,354,2026-06-09,REDACTED,general_procurement,Children's Social Care,Supplies & Services,Public Transport,2026-06-09 11:02:11.387,569.25,Redacted,redacted_supplier
Over500_2026_P03_-_published.xlsx:355,Over500_2026_P03_-_published.xlsx,355,2026-06-30,REDACTED,general_procurement,Children's Social Care,Supplies & Services,Public Transport,2026-06-30 09:57:44.583,600.6,Redacted,redacted_supplier
Over500_2026_P03_-_published.xlsx:402,Over500_2026_P03_-_published.xlsx,402,2026-06-22,HAMPSHIRE COUNTY COUNCIL,general_procurement,Environment,Supplies & Services,Training Third Parties,2026-06-22 13:22:47.677,2380.0,HAMPSHIRE COUNTY COUNCIL,inter_authority
Over500_2026_P03_-_published.xlsx:404,Over500_2026_P03_-_published.xlsx,404,2026-06-08,BERKSHIRE HEALTHCARE NHS FOUNDATION TRUST,general_procurement,Education & SEND,Supplies & Services,Training Third Parties,2026-06-08 11:06:48.960,743.33,BERKSHIRE HEALTHCARE NHS FOUNDATION TRUST,inter_authority
Over500_2026_P03_-_published.xlsx:410,Over500_2026_P03_-_published.xlsx,410,2026-06-30,HAMPSHIRE COUNTY COUNCIL,general_procurement,Environment,Supplies & Services,Training Third Parties,2026-06-30 16:33:48.560,1755.0,HAMPSHIRE COUNTY COUNCIL,inter_authority
Over500_2026_P03_-_published.xlsx:417,Over500_2026_P03_-_published.xlsx,417,2026-06-03,DEPARTMENT FOR SCIENCE INNOVATION AND TECHNOLOGY,general_procurement,Education (DSG Funded) & Other Education Grants,Supplies & Services,Postage,2026-06-03 12:24:43.370,775.23,"DEPARTMENT FOR SCIENCE, INNOVATION AND TECHNOLOGY",inter_authority
Over500_2026_P03_-_published.xlsx:454,Over500_2026_P03_-_published.xlsx,454,2026-06-08,OXFORDSHIRE COUNTY COUNCIL,general_procurement,Development & Housing,Supplies & Services,Professional Fees,2026-06-08 16:35:04.220,35410.0,OXFORDSHIRE COUNTY COUNCIL,inter_authority
Over500_2026_P03_-_published.xlsx:627,Over500_2026_P03_-_published.xlsx,627,2026-06-02,REDACTED,grant,Development & Housing,Supplies & Services,Grants,2026-06-02 14:13:28.010,700.0,Redacted,redacted_supplier
Over500_2026_P03_-_published.xlsx:633,Over500_2026_P03_-_published.xlsx,633,2026-06-03,DEVON COUNTY COUNCIL,general_procurement,Community Services,Supplies & Services,Subscriptions,2026-06-03 10:38:40.740,605.0,DEVON COUNTY COUNCIL,inter_authority
Over500_2026_P03_-_published.xlsx:653,Over500_2026_P03_-_published.xlsx,653,2026-06-25,REDACTED,general_procurement,"Finance, Property & Procurement",Supplies & Services,Insurance Premiums,2026-06-25 11:12:36.907,2640.0,Redacted,redacted_supplier
Over500_2026_P03_-_published.xlsx:764,Over500_2026_P03_-_published.xlsx,764,2026-06-23,READING BOROUGH COUNCIL,general_procurement,"Finance, Property & Procurement",Third Party Payments,Joint Arrangements (with Other Local Authorities or NHS),2026-06-23 10:42:04.963,1413504.24,READING BOROUGH COUNCIL,inter_authority
Over500_2026_P03_-_published.xlsx:765,Over500_2026_P03_-_published.xlsx,765,2026-06-03,OXFORDSHIRE COUNTY COUNCIL,general_procurement,Adult Social Care,Third Party Payments,Payments to Other Local Authorities (excl Joint Arrangements),2026-06-03 09:57:27.700,1248.04,OXFORDSHIRE COUNTY COUNCIL,inter_authority
Over500_2026_P03_-_published.xlsx:766,Over500_2026_P03_-_published.xlsx,766,2026-06-17,READING BOROUGH COUNCIL,general_procurement,Adult Social Care,Third Party Payments,Payments to Other Local Authorities (excl Joint Arrangements),2026-06-17 10:32:49.720,2180.3,READING BOROUGH COUNCIL,inter_authority
Over500_2026_P03_-_published.xlsx:767,Over500_2026_P03_-_published.xlsx,767,2026-06-17,READING BOROUGH COUNCIL,general_procurement,Adult Social Care,Third Party Payments,Payments to Other Local Authorities (excl Joint Arrangements),2026-06-17 10:32:49.720,804.8,READING BOROUGH COUNCIL,inter_authority
Over500_2026_P03_-_published.xlsx:768,Over500_2026_P03_-_published.xlsx,768,2026-06-17,WOKINGHAM BOROUGH COUNCIL,general_procurement,Community Services,Third Party Payments,Payments to Other Local Authorities (excl Joint Arrangements),2026-06-17 17:05:38.013,3344.68,WOKINGHAM BOROUGH COUNCIL,inter_authority
Over500_2026_P03_-_published.xlsx:769,Over500_2026_P03_-_published.xlsx,769,2026-06-30,HAMPSHIRE COUNTY COUNCIL,general_procurement,Community Services,Third Party Payments,Payments to Other Local Authorities (excl Joint Arrangements),2026-06-30 10:13:10.050,7659.0,HAMPSHIRE COUNTY COUNCIL,inter_authority
Over500_2026_P03_-_published.xlsx:778,Over500_2026_P03_-_published.xlsx,778,2026-06-04,READING BOROUGH COUNCIL,general_procurement,Community Services,Third Party Payments,Payments to Other Local Authorities (excl Joint Arrangements),2026-06-04 13:05:13.143,1500.0,READING BOROUGH COUNCIL,inter_authority
Over500_2026_P03_-_published.xlsx:826,Over500_2026_P03_-_published.xlsx,826,2026-06-09,REDACTED,general_procurement,Children's Social Care,Supplies & Services,Professional Fees,2026-06-09 11:02:11.387,1250.0,Redacted,redacted_supplier
Over500_2026_P03_-_published.xlsx:2086,Over500_2026_P03_-_published.xlsx,2086,2026-06-30,REDACTED,grant,Education (DSG Funded) & Other Education Grants,Supplies & Services,Grants,2026-06-30 09:38:25.030,4372.22,Redacted,redacted_supplier
Over500_2026_P03_-_published.xlsx:2208,Over500_2026_P03_-_published.xlsx,2208,2026-06-02,REDACTED,general_procurement,Children's Social Care,Transfer Payment,Allowances for provision care,2026-06-02 11:56:44.373,1209.7,Redacted,redacted_supplier
Over500_2026_P03_-_published.xlsx:2209,Over500_2026_P03_-_published.xlsx,2209,2026-06-02,REDACTED,general_procurement,Children's Social Care,Transfer Payment,Allowances for provision care,2026-06-02 11:56:44.373,559.26,Redacted,redacted_supplier
Over500_2026_P03_-_published.xlsx:2210,Over500_2026_P03_-_published.xlsx,2210,2026-06-02,REDACTED,general_procurement,Children's Social Care,Transfer Payment,Allowances for provision care,2026-06-02 11:56:44.373,975.16,Redacted,redacted_supplier
Over500_2026_P03_-_published.xlsx:2211,Over500_2026_P03_-_published.xlsx,2211,2026-06-02,REDACTED,general_procurement,Children's Social Care,Transfer Payment,Allowances for provision care,2026-06-02 11:56:44.373,975.16,Redacted,redacted_supplier
Over500_2026_P03_-_published.xlsx:2212,Over500_2026_P03_-_published.xlsx,2212,2026-06-02,REDACTED,general_procurement,Children's Social Care,Transfer Payment,Allowances for provision care,2026-06-02 11:56:44.373,1000.0,Redacted,redacted_supplier
Over500_2026_P03_-_published.xlsx:2213,Over500_2026_P03_-_published.xlsx,2213,2026-06-02,REDACTED,general_procurement,Children's Social Care,Transfer Payment,Allowances for provision care,2026-06-02 11:56:44.373,559.26,Redacted,redacted_supplier
Over500_2026_P03_-_published.xlsx:2214,Over500_2026_P03_-_published.xlsx,2214,2026-06-02,REDACTED,general_procurement,Children's Social Care,Transfer Payment,Allowances for provision care,2026-06-02 11:56:44.373,542.89,Redacted,redacted_supplier
Over500_2026_P03_-_published.xlsx:2215,Over500_2026_P03_-_published.xlsx,2215,2026-06-02,REDACTED,general_procurement,Children's Social Care,Transfer Payment,Allowances for provision care,2026-06-02 11:56:44.373,1467.52,Redacted,redacted_supplier
Over500_2026_P03_-_published.xlsx:2232,Over500_2026_P03_-_published.xlsx,2232,2026-06-02,REDACTED,general_procurement,Children's Social Care,Transfer Payment,Allowances for provision care,2026-06-02 11:56:44.373,916.18,Redacted,redacted_supplier
Over500_2026_P03_-_published.xlsx:2233,Over500_2026_P03_-_published.xlsx,2233,2026-06-02,REDACTED,general_procurement,Children's Social Care,Transfer Payment,Allowances for provision care,2026-06-02 11:56:44.373,636.18,Redacted,redacted_supplier
Over500_2026_P03_-_published.xlsx:2234,Over500_2026_P03_-_published.xlsx,2234,2026-06-02,REDACTED,general_procurement,Children's Social Care,Transfer Payment,Allowances for provision care,2026-06-02 11:56:44.373,719.86,Redacted,redacted_supplier
Over500_2026_P03_-_published.xlsx:2235,Over500_2026_P03_-_published.xlsx,2235,2026-06-02,REDACTED,general_procurement,Children's Social Care,Transfer Payment,Allowances for provision care,2026-06-02 11:56:44.373,954.38,Redacted,redacted_supplier
Over500_2026_P03_-_published.xlsx:2236,Over500_2026_P03_-_published.xlsx,2236,2026-06-02,REDACTED,general_procurement,Children's Social Care,Transfer Payment,Allowances for provision care,2026-06-02 11:56:44.373,1209.7,Redacted,redacted_supplier
Over500_2026_P03_-_published.xlsx:2237,Over500_2026_P03_-_published.xlsx,2237,2026-06-02,REDACTED,general_procurement,Children's Social Care,Transfer Payment,Allowances for provision care,2026-06-02 11:56:44.373,975.16,Redacted,redacted_supplier
Over500_2026_P03_-_published.xlsx:2238,Over500_2026_P03_-_published.xlsx,2238,2026-06-02,REDACTED,general_procurement,Children's Social Care,Transfer Payment,Allowances for provision care,2026-06-02 11:56:44.373,916.18,Redacted,redacted_supplier
Over500_2026_P03_-_published.xlsx:2239,Over500_2026_P03_-_published.xlsx,2239,2026-06-02,REDACTED,general_procurement,Children's Social Care,Transfer Payment,Allowances for provision care,2026-06-02 11:56:44.373,916.18,Redacted,redacted_supplier
Over500_2026_P03_-_published.xlsx:2240,Over500_2026_P03_-_published.xlsx,2240,2026-06-02,REDACTED,general_procurement,Children's Social Care,Transfer Payment,Allowances for provision care,2026-06-02 11:56:44.373,559.26,Redacted,redacted_supplier
Over500_2026_P03_-_published.xlsx:2241,Over500_2026_P03_-_published.xlsx,2241,2026-06-02,REDACTED,general_procurement,Children's Social Care,Transfer Payment,Allowances for provision care,2026-06-02 11:56:44.373,1209.7,Redacted,redacted_supplier
Over500_2026_P03_-_published.xlsx:2242,Over500_2026_P03_-_published.xlsx,2242,2026-06-02,REDACTED,general_procurement,Children's Social Care,Transfer Payment,Allowances for provision care,2026-06-02 11:56:44.373,916.18,Redacted,redacted_supplier
Over500_2026_P03_-_published.xlsx:2243,Over500_2026_P03_-_published.xlsx,2243,2026-06-02,REDACTED,general_procurement,Children's Social Care,Transfer Payment,Allowances for provision care,2026-06-02 11:56:44.373,559.26,Redacted,redacted_supplier
Over500_2026_P03_-_published.xlsx:2244,Over500_2026_P03_-_published.xlsx,2244,2026-06-02,REDACTED,general_procurement,Children's Social Care,Transfer Payment,Allowances for provision care,2026-06-02 11:56:44.373,559.26,Redacted,redacted_supplier
Over500_2026_P03_-_published.xlsx:2245,Over500_2026_P03_-_published.xlsx,2245,2026-06-02,REDACTED,general_procurement,Children's Social Care,Transfer Payment,Allowances for provision care,2026-06-02 11:56:44.373,918.78,Redacted,redacted_supplier
Over500_2026_P03_-_published.xlsx:2246,Over500_2026_P03_-_published.xlsx,2246,2026-06-16,REDACTED,general_procurement,Children's Social Care,Transfer Payment,Allowances for provision care,2026-06-16 16:19:19.237,1000.0,Redacted,redacted_supplier
Over500_2026_P03_-_published.xlsx:2247,Over500_2026_P03_-_published.xlsx,2247,2026-06-16,REDACTED,general_procurement,Children's Social Care,Transfer Payment,Allowances for provision care,2026-06-16 16:19:19.237,792.48,Redacted,redacted_supplier
Over500_2026_P03_-_published.xlsx:2248,Over500_2026_P03_-_published.xlsx,2248,2026-06-16,REDACTED,general_procurement,Children's Social Care,Transfer Payment,Allowances for provision care,2026-06-16 16:19:19.237,916.18,Redacted,redacted_supplier
Over500_2026_P03_-_published.xlsx:2249,Over500_2026_P03_-_published.xlsx,2249,2026-06-16,REDACTED,general_procurement,Children's Social Care,Transfer Payment,Allowances for provision care,2026-06-16 16:19:19.237,559.26,Redacted,redacted_supplier
Over500_2026_P03_-_published.xlsx:2250,Over500_2026_P03_-_published.xlsx,2250,2026-06-16,REDACTED,general_procurement,Children's Social Care,Transfer Payment,Allowances for provision care,2026-06-16 16:19:19.237,519.31,Redacted,redacted_supplier
Over500_2026_P03_-_published.xlsx:2251,Over500_2026_P03_-_published.xlsx,2251,2026-06-16,REDACTED,general_procurement,Children's Social Care,Transfer Payment,Allowances for provision care,2026-06-16 16:19:19.237,636.18,Redacted,redacted_supplier
Over500_2026_P03_-_published.xlsx:2252,Over500_2026_P03_-_published.xlsx,2252,2026-06-02,REDACTED,general_procurement,Children's Social Care,Transfer Payment,Allowances for provision care,2026-06-02 11:56:44.373,916.18,Redacted,redacted_supplier
Over500_2026_P03_-_published.xlsx:2253,Over500_2026_P03_-_published.xlsx,2253,2026-06-02,REDACTED,general_procurement,Children's Social Care,Transfer Payment,Allowances for provision care,2026-06-02 11:56:44.373,1467.52,Redacted,redacted_supplier
Over500_2026_P03_-_published.xlsx:2254,Over500_2026_P03_-_published.xlsx,2254,2026-06-02,REDACTED,general_procurement,Children's Social Care,Transfer Payment,Allowances for provision care,2026-06-02 11:56:44.373,916.18,Redacted,redacted_supplier
Over500_2026_P03_-_published.xlsx:2255,Over500_2026_P03_-_published.xlsx,2255,2026-06-02,REDACTED,general_procurement,Children's Social Care,Transfer Payment,Allowances for provision care,2026-06-02 11:56:44.373,636.18,Redacted,redacted_supplier
Over500_2026_P03_-_published.xlsx:2256,Over500_2026_P03_-_published.xlsx,2256,2026-06-02,REDACTED,general_procurement,Children's Social Care,Transfer Payment,Allowances for provision care,2026-06-02 11:56:44.373,547.35,Redacted,redacted_supplier
Over500_2026_P03_-_published.xlsx:2257,Over500_2026_P03_-_published.xlsx,2257,2026-06-02,REDACTED,general_procurement,Children's Social Care,Transfer Payment,Allowances for provision care,2026-06-02 11:56:44.373,559.26,Redacted,redacted_supplier
Over500_2026_P03_-_published.xlsx:2258,Over500_2026_P03_-_published.xlsx,2258,2026-06-02,REDACTED,general_procurement,Children's Social Care,Transfer Payment,Allowances for provision care,2026-06-02 11:56:44.373,975.16,Redacted,redacted_supplier
Over500_2026_P03_-_published.xlsx:2259,Over500_2026_P03_-_published.xlsx,2259,2026-06-16,REDACTED,general_procurement,Children's Social Care,Transfer Payment,Allowances for provision care,2026-06-16 16:19:19.237,792.48,Redacted,redacted_supplier
Over500_2026_P03_-_published.xlsx:2260,Over500_2026_P03_-_published.xlsx,2260,2026-06-16,REDACTED,general_procurement,Children's Social Care,Transfer Payment,Allowances for provision care,2026-06-16 16:19:19.237,975.16,Redacted,redacted_supplier
Over500_2026_P03_-_published.xlsx:2261,Over500_2026_P03_-_published.xlsx,2261,2026-06-16,REDACTED,general_procurement,Children's Social Care,Transfer Payment,Allowances for provision care,2026-06-16 16:19:19.237,1209.7,Redacted,redacted_supplier
Over500_2026_P03_-_published.xlsx:2262,Over500_2026_P03_-_published.xlsx,2262,2026-06-16,REDACTED,general_procurement,Children's Social Care,Transfer Payment,Allowances for provision care,2026-06-16 16:19:19.237,975.16,Redacted,redacted_supplier
Over500_2026_P03_-_published.xlsx:2263,Over500_2026_P03_-_published.xlsx,2263,2026-06-16,REDACTED,general_procurement,Children's Social Care,Transfer Payment,Allowances for provision care,2026-06-16 16:19:19.237,975.16,Redacted,redacted_supplier
Over500_2026_P03_-_published.xlsx:2264,Over500_2026_P03_-_published.xlsx,2264,2026-06-16,REDACTED,general_procurement,Children's Social Care,Transfer Payment,Allowances for provision care,2026-06-16 16:19:19.237,1209.7,Redacted,redacted_supplier
Over500_2026_P03_-_published.xlsx:2265,Over500_2026_P03_-_published.xlsx,2265,2026-06-16,REDACTED,general_procurement,Children's Social Care,Transfer Payment,Allowances for provision care,2026-06-16 16:19:19.237,559.26,Redacted,redacted_supplier
Over500_2026_P03_-_published.xlsx:2266,Over500_2026_P03_-_published.xlsx,2266,2026-06-16,REDACTED,general_procurement,Children's Social Care,Transfer Payment,Allowances for provision care,2026-06-16 16:19:19.237,559.26,Redacted,redacted_supplier
Over500_2026_P03_-_published.xlsx:2267,Over500_2026_P03_-_published.xlsx,2267,2026-06-16,REDACTED,general_procurement,Children's Social Care,Transfer Payment,Allowances for provision care,2026-06-16 16:19:19.237,975.16,Redacted,redacted_supplier
Over500_2026_P03_-_published.xlsx:2268,Over500_2026_P03_-_published.xlsx,2268,2026-06-30,REDACTED,general_procurement,Children's Social Care,Transfer Payment,Allowances for provision care,2026-06-30 09:57:44.583,975.16,Redacted,redacted_supplier
Over500_2026_P03_-_published.xlsx:2269,Over500_2026_P03_-_published.xlsx,2269,2026-06-30,REDACTED,general_procurement,Children's Social Care,Transfer Payment,Allowances for provision care,2026-06-30 09:57:44.583,916.18,Redacted,redacted_supplier
Over500_2026_P03_-_published.xlsx:2270,Over500_2026_P03_-_published.xlsx,2270,2026-06-30,REDACTED,general_procurement,Children's Social Care,Transfer Payment,Allowances for provision care,2026-06-30 09:57:44.583,954.38,Redacted,redacted_supplier
Over500_2026_P03_-_published.xlsx:2271,Over500_2026_P03_-_published.xlsx,2271,2026-06-30,REDACTED,general_procurement,Children's Social Care,Transfer Payment,Allowances for provision care,2026-06-30 09:57:44.583,975.16,Redacted,redacted_supplier
Over500_2026_P03_-_published.xlsx:2272,Over500_2026_P03_-_published.xlsx,2272,2026-06-30,REDACTED,general_procurement,Children's Social Care,Transfer Payment,Allowances for provision care,2026-06-30 09:57:44.583,1209.7,Redacted,redacted_supplier
Over500_2026_P03_-_published.xlsx:2273,Over500_2026_P03_-_published.xlsx,2273,2026-06-30,REDACTED,general_procurement,Children's Social Care,Transfer Payment,Allowances for provision care,2026-06-30 09:57:44.583,975.16,Redacted,redacted_supplier
Over500_2026_P03_-_published.xlsx:2274,Over500_2026_P03_-_published.xlsx,2274,2026-06-30,REDACTED,general_procurement,Children's Social Care,Transfer Payment,Allowances for provision care,2026-06-30 09:57:44.583,975.16,Redacted,redacted_supplier
Over500_2026_P03_-_published.xlsx:2275,Over500_2026_P03_-_published.xlsx,2275,2026-06-30,REDACTED,general_procurement,Children's Social Care,Transfer Payment,Allowances for provision care,2026-06-30 09:57:44.583,916.18,Redacted,redacted_supplier
Over500_2026_P03_-_published.xlsx:2276,Over500_2026_P03_-_published.xlsx,2276,2026-06-16,REDACTED,general_procurement,Children's Social Care,Transfer Payment,Allowances for provision care,2026-06-16 16:19:19.237,1000.0,Redacted,redacted_supplier
Over500_2026_P03_-_published.xlsx:2277,Over500_2026_P03_-_published.xlsx,2277,2026-06-16,REDACTED,general_procurement,Children's Social Care,Transfer Payment,Allowances for provision care,2026-06-16 16:19:19.237,975.16,Redacted,redacted_supplier
Over500_2026_P03_-_published.xlsx:2278,Over500_2026_P03_-_published.xlsx,2278,2026-06-16,REDACTED,general_procurement,Children's Social Care,Transfer Payment,Allowances for provision care,2026-06-16 16:19:19.237,975.16,Redacted,redacted_supplier
Over500_2026_P03_-_published.xlsx:2279,Over500_2026_P03_-_published.xlsx,2279,2026-06-16,REDACTED,general_procurement,Children's Social Care,Transfer Payment,Allowances for provision care,2026-06-16 16:19:19.237,916.18,Redacted,redacted_supplier
Over500_2026_P03_-_published.xlsx:2280,Over500_2026_P03_-_published.xlsx,2280,2026-06-16,REDACTED,general_procurement,Children's Social Care,Transfer Payment,Allowances for provision care,2026-06-16 16:19:19.237,916.18,Redacted,redacted_supplier
Over500_2026_P03_-_published.xlsx:2281,Over500_2026_P03_-_published.xlsx,2281,2026-06-16,REDACTED,general_procurement,Children's Social Care,Transfer Payment,Allowances for provision care,2026-06-16 16:19:19.237,1467.52,Redacted,redacted_supplier
Over500_2026_P03_-_published.xlsx:2282,Over500_2026_P03_-_published.xlsx,2282,2026-06-16,REDACTED,general_procurement,Children's Social Care,Transfer Payment,Allowances for provision care,2026-06-16 16:19:19.237,559.26,Redacted,redacted_supplier
Over500_2026_P03_-_published.xlsx:2283,Over500_2026_P03_-_published.xlsx,2283,2026-06-16,REDACTED,general_procurement,Children's Social Care,Transfer Payment,Allowances for provision care,2026-06-16 16:19:19.237,559.26,Redacted,redacted_supplier
Over500_2026_P03_-_published.xlsx:2284,Over500_2026_P03_-_published.xlsx,2284,2026-06-16,REDACTED,general_procurement,Children's Social Care,Transfer Payment,Allowances for provision care,2026-06-16 16:19:19.237,636.18,Redacted,redacted_supplier
Over500_2026_P03_-_published.xlsx:2285,Over500_2026_P03_-_published.xlsx,2285,2026-06-16,REDACTED,general_procurement,Children's Social Care,Transfer Payment,Allowances for provision care,2026-06-16 16:19:19.237,559.26,Redacted,redacted_supplier
Over500_2026_P03_-_published.xlsx:2286,Over500_2026_P03_-_published.xlsx,2286,2026-06-30,REDACTED,general_procurement,Children's Social Care,Transfer Payment,Allowances for provision care,2026-06-30 09:57:44.583,1000.0,Redacted,redacted_supplier
Over500_2026_P03_-_published.xlsx:2287,Over500_2026_P03_-_published.xlsx,2287,2026-06-30,REDACTED,general_procurement,Children's Social Care,Transfer Payment,Allowances for provision care,2026-06-30 09:57:44.583,636.18,Redacted,redacted_supplier
Over500_2026_P03_-_published.xlsx:2288,Over500_2026_P03_-_published.xlsx,2288,2026-06-30,REDACTED,general_procurement,Children's Social Care,Transfer Payment,Allowances for provision care,2026-06-30 09:57:44.583,559.26,Redacted,redacted_supplier
Over500_2026_P03_-_published.xlsx:2289,Over500_2026_P03_-_published.xlsx,2289,2026-06-30,REDACTED,general_procurement,Children's Social Care,Transfer Payment,Allowances for provision care,2026-06-30 09:57:44.583,954.27,Redacted,redacted_supplier
Over500_2026_P03_-_published.xlsx:2290,Over500_2026_P03_-_published.xlsx,2290,2026-06-30,REDACTED,general_procurement,Children's Social Care,Transfer Payment,Allowances for provision care,2026-06-30 09:57:44.583,559.26,Redacted,redacted_supplier
Over500_2026_P03_-_published.xlsx:2291,Over500_2026_P03_-_published.xlsx,2291,2026-06-30,REDACTED,general_procurement,Children's Social Care,Transfer Payment,Allowances for provision care,2026-06-30 09:57:44.583,1209.7,Redacted,redacted_supplier
Over500_2026_P03_-_published.xlsx:2292,Over500_2026_P03_-_published.xlsx,2292,2026-06-30,REDACTED,general_procurement,Children's Social Care,Transfer Payment,Allowances for provision care,2026-06-30 09:57:44.583,975.16,Redacted,redacted_supplier
Over500_2026_P03_-_published.xlsx:2293,Over500_2026_P03_-_published.xlsx,2293,2026-06-30,REDACTED,general_procurement,Children's Social Care,Transfer Payment,Allowances for provision care,2026-06-30 09:57:44.583,916.18,Redacted,redacted_supplier
Over500_2026_P03_-_published.xlsx:2294,Over500_2026_P03_-_published.xlsx,2294,2026-06-30,REDACTED,general_procurement,Children's Social Care,Transfer Payment,Allowances for provision care,2026-06-30 09:57:44.583,916.18,Redacted,redacted_supplier
Over500_2026_P03_-_published.xlsx:2295,Over500_2026_P03_-_published.xlsx,2295,2026-06-30,REDACTED,general_procurement,Children's Social Care,Transfer Payment,Allowances for provision care,2026-06-30 09:57:44.583,916.18,Redacted,redacted_supplier
Over500_2026_P03_-_published.xlsx:2296,Over500_2026_P03_-_published.xlsx,2296,2026-06-30,REDACTED,general_procurement,Children's Social Care,Transfer Payment,Allowances for provision care,2026-06-30 09:57:44.583,1209.7,Redacted,redacted_supplier
Over500_2026_P03_-_published.xlsx:2297,Over500_2026_P03_-_published.xlsx,2297,2026-06-30,REDACTED,general_procurement,Children's Social Care,Transfer Payment,Allowances for provision care,2026-06-30 09:57:44.583,559.26,Redacted,redacted_supplier
Over500_2026_P03_-_published.xlsx:2298,Over500_2026_P03_-_published.xlsx,2298,2026-06-30,REDACTED,general_procurement,Children's Social Care,Transfer Payment,Allowances for provision care,2026-06-30 09:57:44.583,559.26,Redacted,redacted_supplier
Over500_2026_P03_-_published.xlsx:2299,Over500_2026_P03_-_published.xlsx,2299,2026-06-30,REDACTED,general_procurement,Children's Social Care,Transfer Payment,Allowances for provision care,2026-06-30 09:57:44.583,975.16,Redacted,redacted_supplier
Over500_2026_P03_-_published.xlsx:2300,Over500_2026_P03_-_published.xlsx,2300,2026-06-30,REDACTED,general_procurement,Children's Social Care,Transfer Payment,Allowances for provision care,2026-06-30 09:57:44.583,559.26,Redacted,redacted_supplier
Over500_2026_P03_-_published.xlsx:2301,Over500_2026_P03_-_published.xlsx,2301,2026-06-02,REDACTED,general_procurement,Children's Social Care,Transfer Payment,Allowances for provision care,2026-06-02 11:56:44.373,636.18,Redacted,redacted_supplier
Over500_2026_P03_-_published.xlsx:2302,Over500_2026_P03_-_published.xlsx,2302,2026-06-02,REDACTED,general_procurement,Children's Social Care,Transfer Payment,Allowances for provision care,2026-06-02 11:56:44.373,916.18,Redacted,redacted_supplier
Over500_2026_P03_-_published.xlsx:2303,Over500_2026_P03_-_published.xlsx,2303,2026-06-02,REDACTED,general_procurement,Children's Social Care,Transfer Payment,Allowances for provision care,2026-06-02 11:56:44.373,636.18,Redacted,redacted_supplier
Over500_2026_P03_-_published.xlsx:2331,Over500_2026_P03_-_published.xlsx,2331,2026-06-02,REDACTED,general_procurement,Children's Social Care,Transfer Payment,Allowances for provision care,2026-06-02 11:56:44.373,1000.0,Redacted,redacted_supplier
Over500_2026_P03_-_published.xlsx:2332,Over500_2026_P03_-_published.xlsx,2332,2026-06-02,REDACTED,general_procurement,Children's Social Care,Transfer Payment,Allowances for provision care,2026-06-02 11:56:44.373,975.16,Redacted,redacted_supplier
Over500_2026_P03_-_published.xlsx:2333,Over500_2026_P03_-_published.xlsx,2333,2026-06-02,REDACTED,general_procurement,Children's Social Care,Transfer Payment,Allowances for provision care,2026-06-02 11:56:44.373,1832.36,Redacted,redacted_supplier
Over500_2026_P03_-_published.xlsx:2334,Over500_2026_P03_-_published.xlsx,2334,2026-06-02,REDACTED,general_procurement,Children's Social Care,Transfer Payment,Allowances for provision care,2026-06-02 11:56:44.373,1209.7,Redacted,redacted_supplier
Over500_2026_P03_-_published.xlsx:2335,Over500_2026_P03_-_published.xlsx,2335,2026-06-02,REDACTED,general_procurement,Children's Social Care,Transfer Payment,Allowances for provision care,2026-06-02 11:56:44.373,1000.0,Redacted,redacted_supplier
Over500_2026_P03_-_published.xlsx:2336,Over500_2026_P03_-_published.xlsx,2336,2026-06-02,REDACTED,general_procurement,Children's Social Care,Transfer Payment,Allowances for provision care,2026-06-02 11:56:44.373,1209.7,Redacted,redacted_supplier
Over500_2026_P03_-_published.xlsx:2337,Over500_2026_P03_-_published.xlsx,2337,2026-06-02,REDACTED,general_procurement,Children's Social Care,Transfer Payment,Allowances for provision care,2026-06-02 11:56:44.373,706.23,Redacted,redacted_supplier
Over500_2026_P03_-_published.xlsx:2338,Over500_2026_P03_-_published.xlsx,2338,2026-06-02,REDACTED,general_procurement,Children's Social Care,Transfer Payment,Allowances for provision care,2026-06-02 11:56:44.373,559.26,Redacted,redacted_supplier
Over500_2026_P03_-_published.xlsx:2339,Over500_2026_P03_-_published.xlsx,2339,2026-06-02,REDACTED,general_procurement,Children's Social Care,Transfer Payment,Allowances for provision care,2026-06-02 11:56:44.373,1209.7,Redacted,redacted_supplier
Over500_2026_P03_-_published.xlsx:2340,Over500_2026_P03_-_published.xlsx,2340,2026-06-02,REDACTED,general_procurement,Children's Social Care,Transfer Payment,Allowances for provision care,2026-06-02 11:56:44.373,975.16,Redacted,redacted_supplier
Over500_2026_P03_-_published.xlsx:2341,Over500_2026_P03_-_published.xlsx,2341,2026-06-02,REDACTED,general_procurement,Children's Social Care,Transfer Payment,Allowances for provision care,2026-06-02 11:56:44.373,975.16,Redacted,redacted_supplier
Over500_2026_P03_-_published.xlsx:2342,Over500_2026_P03_-_published.xlsx,2342,2026-06-02,REDACTED,general_procurement,Children's Social Care,Transfer Payment,Allowances for provision care,2026-06-02 11:56:44.373,696.54,Redacted,redacted_supplier
Over500_2026_P03_-_published.xlsx:2343,Over500_2026_P03_-_published.xlsx,2343,2026-06-02,REDACTED,general_procurement,Children's Social Care,Transfer Payment,Allowances for provision care,2026-06-02 11:56:44.373,798.94,Redacted,redacted_supplier
Over500_2026_P03_-_published.xlsx:2344,Over500_2026_P03_-_published.xlsx,2344,2026-06-02,REDACTED,general_procurement,Children's Social Care,Transfer Payment,Allowances for provision care,2026-06-02 11:56:44.373,975.16,Redacted,redacted_supplier
Over500_2026_P03_-_published.xlsx:2345,Over500_2026_P03_-_published.xlsx,2345,2026-06-02,REDACTED,general_procurement,Children's Social Care,Transfer Payment,Allowances for provision care,2026-06-02 11:56:44.373,636.18,Redacted,redacted_supplier
Over500_2026_P03_-_published.xlsx:2346,Over500_2026_P03_-_published.xlsx,2346,2026-06-02,REDACTED,general_procurement,Children's Social Care,Transfer Payment,Allowances for provision care,2026-06-02 11:56:44.373,1467.52,Redacted,redacted_supplier
Over500_2026_P03_-_published.xlsx:2347,Over500_2026_P03_-_published.xlsx,2347,2026-06-02,REDACTED,general_procurement,Children's Social Care,Transfer Payment,Allowances for provision care,2026-06-02 11:56:44.373,636.18,Redacted,redacted_supplier
Over500_2026_P03_-_published.xlsx:2348,Over500_2026_P03_-_published.xlsx,2348,2026-06-02,REDACTED,general_procurement,Children's Social Care,Transfer Payment,Allowances for provision care,2026-06-02 11:56:44.373,1209.7,Redacted,redacted_supplier
Over500_2026_P03_-_published.xlsx:2349,Over500_2026_P03_-_published.xlsx,2349,2026-06-02,REDACTED,general_procurement,Children's Social Care,Transfer Payment,Allowances for provision care,2026-06-02 11:56:44.373,547.35,Redacted,redacted_supplier
Over500_2026_P03_-_published.xlsx:2350,Over500_2026_P03_-_published.xlsx,2350,2026-06-02,REDACTED,general_procurement,Children's Social Care,Transfer Payment,Allowances for provision care,2026-06-02 11:56:44.373,752.6,Redacted,redacted_supplier
Over500_2026_P03_-_published.xlsx:2351,Over500_2026_P03_-_published.xlsx,2351,2026-06-02,REDACTED,general_procurement,Children's Social Care,Transfer Payment,Allowances for provision care,2026-06-02 11:56:44.373,1467.52,Redacted,redacted_supplier
Over500_2026_P03_-_published.xlsx:2352,Over500_2026_P03_-_published.xlsx,2352,2026-06-16,REDACTED,general_procurement,Children's Social Care,Transfer Payment,Allowances for provision care,2026-06-16 16:19:19.237,975.16,Redacted,redacted_supplier
Over500_2026_P03_-_published.xlsx:2353,Over500_2026_P03_-_published.xlsx,2353,2026-06-16,REDACTED,general_procurement,Children's Social Care,Transfer Payment,Allowances for provision care,2026-06-16 16:19:19.237,636.18,Redacted,redacted_supplier
Over500_2026_P03_-_published.xlsx:2354,Over500_2026_P03_-_published.xlsx,2354,2026-06-16,REDACTED,general_procurement,Children's Social Care,Transfer Payment,Allowances for provision care,2026-06-16 16:19:19.237,1209.7,Redacted,redacted_supplier
Over500_2026_P03_-_published.xlsx:2355,Over500_2026_P03_-_published.xlsx,2355,2026-06-16,REDACTED,general_procurement,Children's Social Care,Transfer Payment,Allowances for provision care,2026-06-16 16:19:19.237,975.16,Redacted,redacted_supplier
Over500_2026_P03_-_published.xlsx:2356,Over500_2026_P03_-_published.xlsx,2356,2026-06-16,REDACTED,general_procurement,Children's Social Care,Transfer Payment,Allowances for provision care,2026-06-16 16:19:19.237,519.31,Redacted,redacted_supplier
Over500_2026_P03_-_published.xlsx:2357,Over500_2026_P03_-_published.xlsx,2357,2026-06-16,REDACTED,general_procurement,Children's Social Care,Transfer Payment,Allowances for provision care,2026-06-16 16:19:19.237,975.16,Redacted,redacted_supplier
Over500_2026_P03_-_published.xlsx:2358,Over500_2026_P03_-_published.xlsx,2358,2026-06-16,REDACTED,general_procurement,Children's Social Care,Transfer Payment,Allowances for provision care,2026-06-16 16:19:19.237,1467.52,Redacted,redacted_supplier
Over500_2026_P03_-_published.xlsx:2359,Over500_2026_P03_-_published.xlsx,2359,2026-06-16,REDACTED,general_procurement,Children's Social Care,Transfer Payment,Allowances for provision care,2026-06-16 16:19:19.237,975.16,Redacted,redacted_supplier
Over500_2026_P03_-_published.xlsx:2360,Over500_2026_P03_-_published.xlsx,2360,2026-06-16,REDACTED,general_procurement,Children's Social Care,Transfer Payment,Allowances for provision care,2026-06-16 16:19:19.237,916.18,Redacted,redacted_supplier
Over500_2026_P03_-_published.xlsx:2361,Over500_2026_P03_-_published.xlsx,2361,2026-06-16,REDACTED,general_procurement,Children's Social Care,Transfer Payment,Allowances for provision care,2026-06-16 16:19:19.237,916.18,Redacted,redacted_supplier
Over500_2026_P03_-_published.xlsx:2362,Over500_2026_P03_-_published.xlsx,2362,2026-06-16,REDACTED,general_procurement,Children's Social Care,Transfer Payment,Allowances for provision care,2026-06-16 16:19:19.237,559.26,Redacted,redacted_supplier
Over500_2026_P03_-_published.xlsx:2363,Over500_2026_P03_-_published.xlsx,2363,2026-06-16,REDACTED,general_procurement,Children's Social Care,Transfer Payment,Allowances for provision care,2026-06-16 16:19:19.237,636.18,Redacted,redacted_supplier
Over500_2026_P03_-_published.xlsx:2364,Over500_2026_P03_-_published.xlsx,2364,2026-06-16,REDACTED,general_procurement,Children's Social Care,Transfer Payment,Allowances for provision care,2026-06-16 16:19:19.237,1209.7,Redacted,redacted_supplier
Over500_2026_P03_-_published.xlsx:2365,Over500_2026_P03_-_published.xlsx,2365,2026-06-16,REDACTED,general_procurement,Children's Social Care,Transfer Payment,Allowances for provision care,2026-06-16 16:19:19.237,559.26,Redacted,redacted_supplier
Over500_2026_P03_-_published.xlsx:2366,Over500_2026_P03_-_published.xlsx,2366,2026-06-16,REDACTED,general_procurement,Children's Social Care,Transfer Payment,Allowances for provision care,2026-06-16 16:19:19.237,559.26,Redacted,redacted_supplier
Over500_2026_P03_-_published.xlsx:2367,Over500_2026_P03_-_published.xlsx,2367,2026-06-16,REDACTED,general_procurement,Children's Social Care,Transfer Payment,Allowances for provision care,2026-06-16 16:19:19.237,559.26,Redacted,redacted_supplier
Over500_2026_P03_-_published.xlsx:2368,Over500_2026_P03_-_published.xlsx,2368,2026-06-16,REDACTED,general_procurement,Children's Social Care,Transfer Payment,Allowances for provision care,2026-06-16 16:19:19.237,1467.52,Redacted,redacted_supplier
Over500_2026_P03_-_published.xlsx:2369,Over500_2026_P03_-_published.xlsx,2369,2026-06-30,REDACTED,general_procurement,Children's Social Care,Transfer Payment,Allowances for provision care,2026-06-30 09:57:44.583,916.18,Redacted,redacted_supplier
Over500_2026_P03_-_published.xlsx:2370,Over500_2026_P03_-_published.xlsx,2370,2026-06-30,REDACTED,general_procurement,Children's Social Care,Transfer Payment,Allowances for provision care,2026-06-30 09:57:44.583,1209.7,Redacted,redacted_supplier
Over500_2026_P03_-_published.xlsx:2371,Over500_2026_P03_-_published.xlsx,2371,2026-06-30,REDACTED,general_procurement,Children's Social Care,Transfer Payment,Allowances for provision care,2026-06-30 09:57:44.583,975.16,Redacted,redacted_supplier
Over500_2026_P03_-_published.xlsx:2372,Over500_2026_P03_-_published.xlsx,2372,2026-06-30,REDACTED,general_procurement,Children's Social Care,Transfer Payment,Allowances for provision care,2026-06-30 09:57:44.583,636.18,Redacted,redacted_supplier
Over500_2026_P03_-_published.xlsx:2373,Over500_2026_P03_-_published.xlsx,2373,2026-06-30,REDACTED,general_procurement,Children's Social Care,Transfer Payment,Allowances for provision care,2026-06-30 09:57:44.583,1467.52,Redacted,redacted_supplier
Over500_2026_P03_-_published.xlsx:2374,Over500_2026_P03_-_published.xlsx,2374,2026-06-30,REDACTED,general_procurement,Children's Social Care,Transfer Payment,Allowances for provision care,2026-06-30 09:57:44.583,975.16,Redacted,redacted_supplier
Over500_2026_P03_-_published.xlsx:2375,Over500_2026_P03_-_published.xlsx,2375,2026-06-30,REDACTED,general_procurement,Children's Social Care,Transfer Payment,Allowances for provision care,2026-06-30 09:57:44.583,975.16,Redacted,redacted_supplier
Over500_2026_P03_-_published.xlsx:2376,Over500_2026_P03_-_published.xlsx,2376,2026-06-30,REDACTED,general_procurement,Children's Social Care,Transfer Payment,Allowances for provision care,2026-06-30 09:57:44.583,975.16,Redacted,redacted_supplier
Over500_2026_P03_-_published.xlsx:2377,Over500_2026_P03_-_published.xlsx,2377,2026-06-30,REDACTED,general_procurement,Children's Social Care,Transfer Payment,Allowances for provision care,2026-06-30 09:57:44.583,916.18,Redacted,redacted_supplier
Over500_2026_P03_-_published.xlsx:2378,Over500_2026_P03_-_published.xlsx,2378,2026-06-30,REDACTED,general_procurement,Children's Social Care,Transfer Payment,Allowances for provision care,2026-06-30 09:57:44.583,636.18,Redacted,redacted_supplier
Over500_2026_P03_-_published.xlsx:2379,Over500_2026_P03_-_published.xlsx,2379,2026-06-30,REDACTED,general_procurement,Children's Social Care,Transfer Payment,Allowances for provision care,2026-06-30 09:57:44.583,559.26,Redacted,redacted_supplier
Over500_2026_P03_-_published.xlsx:2380,Over500_2026_P03_-_published.xlsx,2380,2026-06-30,REDACTED,general_procurement,Children's Social Care,Transfer Payment,Allowances for provision care,2026-06-30 09:57:44.583,559.26,Redacted,redacted_supplier
Over500_2026_P03_-_published.xlsx:2381,Over500_2026_P03_-_published.xlsx,2381,2026-06-30,REDACTED,general_procurement,Children's Social Care,Transfer Payment,Allowances for provision care,2026-06-30 09:57:44.583,954.38,Redacted,redacted_supplier
Over500_2026_P03_-_published.xlsx:2382,Over500_2026_P03_-_published.xlsx,2382,2026-06-30,REDACTED,general_procurement,Children's Social Care,Transfer Payment,Allowances for provision care,2026-06-30 09:57:44.583,559.26,Redacted,redacted_supplier
Over500_2026_P03_-_published.xlsx:2383,Over500_2026_P03_-_published.xlsx,2383,2026-06-02,REDACTED,general_procurement,Children's Social Care,Transfer Payment,Allowances for provision care,2026-06-02 11:56:44.373,1192.44,Redacted,redacted_supplier
Over500_2026_P03_-_published.xlsx:2384,Over500_2026_P03_-_published.xlsx,2384,2026-06-02,REDACTED,general_procurement,Children's Social Care,Transfer Payment,Allowances for provision care,2026-06-02 11:56:44.373,954.38,Redacted,redacted_supplier
Over500_2026_P03_-_published.xlsx:2385,Over500_2026_P03_-_published.xlsx,2385,2026-06-02,REDACTED,general_procurement,Children's Social Care,Transfer Payment,Allowances for provision care,2026-06-02 11:56:44.373,1209.7,Redacted,redacted_supplier
Over500_2026_P03_-_published.xlsx:2386,Over500_2026_P03_-_published.xlsx,2386,2026-06-02,REDACTED,general_procurement,Children's Social Care,Transfer Payment,Allowances for provision care,2026-06-02 11:56:44.373,1467.52,Redacted,redacted_supplier
Over500_2026_P03_-_published.xlsx:2387,Over500_2026_P03_-_published.xlsx,2387,2026-06-02,REDACTED,general_procurement,Children's Social Care,Transfer Payment,Allowances for provision care,2026-06-02 11:56:44.373,916.18,Redacted,redacted_supplier
Over500_2026_P03_-_published.xlsx:2388,Over500_2026_P03_-_published.xlsx,2388,2026-06-02,REDACTED,general_procurement,Children's Social Care,Transfer Payment,Allowances for provision care,2026-06-02 11:56:44.373,636.18,Redacted,redacted_supplier
Over500_2026_P03_-_published.xlsx:2389,Over500_2026_P03_-_published.xlsx,2389,2026-06-02,REDACTED,general_procurement,Children's Social Care,Transfer Payment,Allowances for provision care,2026-06-02 11:56:44.373,1209.7,Redacted,redacted_supplier
Over500_2026_P03_-_published.xlsx:2390,Over500_2026_P03_-_published.xlsx,2390,2026-06-02,REDACTED,general_procurement,Children's Social Care,Transfer Payment,Allowances for provision care,2026-06-02 11:56:44.373,636.18,Redacted,redacted_supplier
Over500_2026_P03_-_published.xlsx:2391,Over500_2026_P03_-_published.xlsx,2391,2026-06-02,REDACTED,general_procurement,Children's Social Care,Transfer Payment,Allowances for provision care,2026-06-02 11:56:44.373,954.38,Redacted,redacted_supplier
Over500_2026_P03_-_published.xlsx:2394,Over500_2026_P03_-_published.xlsx,2394,2026-06-16,TAMESIDE METROPOLITAN BOROUGH,general_procurement,"Finance, Property & Procurement",Supplies & Services,General Expenses,2026-06-16 12:56:32.340,521.3,TAMESIDE  METROPOLITAN BOROUGH,inter_authority
Over500_2026_P03_-_published.xlsx:2418,Over500_2026_P03_-_published.xlsx,2418,2026-06-02,REDACTED,general_procurement,Children's Social Care,Transfer Payment,Allowances for provision care,2026-06-02 11:56:44.373,1209.7,Redacted,redacted_supplier
Over500_2026_P03_-_published.xlsx:2419,Over500_2026_P03_-_published.xlsx,2419,2026-06-02,REDACTED,general_procurement,Children's Social Care,Transfer Payment,Allowances for provision care,2026-06-02 11:56:44.373,636.18,Redacted,redacted_supplier
Over500_2026_P03_-_published.xlsx:2420,Over500_2026_P03_-_published.xlsx,2420,2026-06-02,REDACTED,general_procurement,Children's Social Care,Transfer Payment,Allowances for provision care,2026-06-02 11:56:44.373,636.18,Redacted,redacted_supplier
Over500_2026_P03_-_published.xlsx:2421,Over500_2026_P03_-_published.xlsx,2421,2026-06-02,REDACTED,general_procurement,Children's Social Care,Transfer Payment,Allowances for provision care,2026-06-02 11:56:44.373,636.18,Redacted,redacted_supplier
Over500_2026_P03_-_published.xlsx:2422,Over500_2026_P03_-_published.xlsx,2422,2026-06-02,REDACTED,general_procurement,Children's Social Care,Transfer Payment,Allowances for provision care,2026-06-02 11:56:44.373,636.18,Redacted,redacted_supplier
Over500_2026_P03_-_published.xlsx:2423,Over500_2026_P03_-_published.xlsx,2423,2026-06-02,REDACTED,general_procurement,Children's Social Care,Transfer Payment,Allowances for provision care,2026-06-02 11:56:44.373,636.18,Redacted,redacted_supplier
Over500_2026_P03_-_published.xlsx:2424,Over500_2026_P03_-_published.xlsx,2424,2026-06-02,REDACTED,general_procurement,Children's Social Care,Transfer Payment,Allowances for provision care,2026-06-02 11:56:44.373,559.26,Redacted,redacted_supplier
Over500_2026_P03_-_published.xlsx:2425,Over500_2026_P03_-_published.xlsx,2425,2026-06-02,REDACTED,general_procurement,Children's Social Care,Transfer Payment,Allowances for provision care,2026-06-02 11:56:44.373,916.18,Redacted,redacted_supplier
Over500_2026_P03_-_published.xlsx:2426,Over500_2026_P03_-_published.xlsx,2426,2026-06-02,REDACTED,general_procurement,Children's Social Care,Transfer Payment,Allowances for provision care,2026-06-02 11:56:44.373,636.18,Redacted,redacted_supplier
Over500_2026_P03_-_published.xlsx:2427,Over500_2026_P03_-_published.xlsx,2427,2026-06-02,REDACTED,general_procurement,Children's Social Care,Transfer Payment,Allowances for provision care,2026-06-02 11:56:44.373,636.18,Redacted,redacted_supplier
Over500_2026_P03_-_published.xlsx:2428,Over500_2026_P03_-_published.xlsx,2428,2026-06-02,REDACTED,general_procurement,Children's Social Care,Transfer Payment,Allowances for provision care,2026-06-02 11:56:44.373,1226.92,Redacted,redacted_supplier
Over500_2026_P03_-_published.xlsx:2429,Over500_2026_P03_-_published.xlsx,2429,2026-06-02,REDACTED,general_procurement,Children's Social Care,Transfer Payment,Allowances for provision care,2026-06-02 11:56:44.373,727.06,Redacted,redacted_supplier
Over500_2026_P03_-_published.xlsx:2430,Over500_2026_P03_-_published.xlsx,2430,2026-06-16,REDACTED,general_procurement,Children's Social Care,Transfer Payment,Allowances for provision care,2026-06-16 16:19:19.237,1209.7,Redacted,redacted_supplier
Over500_2026_P03_-_published.xlsx:2431,Over500_2026_P03_-_published.xlsx,2431,2026-06-16,REDACTED,general_procurement,Children's Social Care,Transfer Payment,Allowances for provision care,2026-06-16 16:19:19.237,1209.7,Redacted,redacted_supplier
Over500_2026_P03_-_published.xlsx:2432,Over500_2026_P03_-_published.xlsx,2432,2026-06-16,REDACTED,general_procurement,Children's Social Care,Transfer Payment,Allowances for provision care,2026-06-16 16:19:19.237,636.18,Redacted,redacted_supplier
Over500_2026_P03_-_published.xlsx:2433,Over500_2026_P03_-_published.xlsx,2433,2026-06-16,REDACTED,general_procurement,Children's Social Care,Transfer Payment,Allowances for provision care,2026-06-16 16:19:19.237,636.18,Redacted,redacted_supplier
Over500_2026_P03_-_published.xlsx:2434,Over500_2026_P03_-_published.xlsx,2434,2026-06-16,REDACTED,general_procurement,Children's Social Care,Transfer Payment,Allowances for provision care,2026-06-16 16:19:19.237,954.38,Redacted,redacted_supplier
Over500_2026_P03_-_published.xlsx:2435,Over500_2026_P03_-_published.xlsx,2435,2026-06-16,REDACTED,general_procurement,Children's Social Care,Transfer Payment,Allowances for provision care,2026-06-16 16:19:19.237,636.18,Redacted,redacted_supplier
Over500_2026_P03_-_published.xlsx:2436,Over500_2026_P03_-_published.xlsx,2436,2026-06-16,REDACTED,general_procurement,Children's Social Care,Transfer Payment,Allowances for provision care,2026-06-16 16:19:19.237,1209.7,Redacted,redacted_supplier
Over500_2026_P03_-_published.xlsx:2437,Over500_2026_P03_-_published.xlsx,2437,2026-06-16,REDACTED,general_procurement,Children's Social Care,Transfer Payment,Allowances for provision care,2026-06-16 16:19:19.237,636.18,Redacted,redacted_supplier
Over500_2026_P03_-_published.xlsx:2438,Over500_2026_P03_-_published.xlsx,2438,2026-06-16,REDACTED,general_procurement,Children's Social Care,Transfer Payment,Allowances for provision care,2026-06-16 16:19:19.237,636.18,Redacted,redacted_supplier
Over500_2026_P03_-_published.xlsx:2439,Over500_2026_P03_-_published.xlsx,2439,2026-06-16,REDACTED,general_procurement,Children's Social Care,Transfer Payment,Allowances for provision care,2026-06-16 16:19:19.237,636.18,Redacted,redacted_supplier
Over500_2026_P03_-_published.xlsx:2440,Over500_2026_P03_-_published.xlsx,2440,2026-06-16,REDACTED,general_procurement,Children's Social Care,Transfer Payment,Allowances for provision care,2026-06-16 16:19:19.237,954.38,Redacted,redacted_supplier
Over500_2026_P03_-_published.xlsx:2441,Over500_2026_P03_-_published.xlsx,2441,2026-06-16,REDACTED,general_procurement,Children's Social Care,Transfer Payment,Allowances for provision care,2026-06-16 16:19:19.237,636.18,Redacted,redacted_supplier
Over500_2026_P03_-_published.xlsx:2442,Over500_2026_P03_-_published.xlsx,2442,2026-06-16,REDACTED,general_procurement,Children's Social Care,Transfer Payment,Allowances for provision care,2026-06-16 16:19:19.237,636.18,Redacted,redacted_supplier
Over500_2026_P03_-_published.xlsx:2443,Over500_2026_P03_-_published.xlsx,2443,2026-06-16,REDACTED,general_procurement,Children's Social Care,Transfer Payment,Allowances for provision care,2026-06-16 16:19:19.237,654.41,Redacted,redacted_supplier
Over500_2026_P03_-_published.xlsx:2444,Over500_2026_P03_-_published.xlsx,2444,2026-06-30,REDACTED,general_procurement,Children's Social Care,Transfer Payment,Allowances for provision care,2026-06-30 09:57:44.583,916.18,Redacted,redacted_supplier
Over500_2026_P03_-_published.xlsx:2445,Over500_2026_P03_-_published.xlsx,2445,2026-06-30,REDACTED,general_procurement,Children's Social Care,Transfer Payment,Allowances for provision care,2026-06-30 09:57:44.583,1209.7,Redacted,redacted_supplier
Over500_2026_P03_-_published.xlsx:2446,Over500_2026_P03_-_published.xlsx,2446,2026-06-30,REDACTED,general_procurement,Children's Social Care,Transfer Payment,Allowances for provision care,2026-06-30 09:57:44.583,916.18,Redacted,redacted_supplier
Over500_2026_P03_-_published.xlsx:2447,Over500_2026_P03_-_published.xlsx,2447,2026-06-30,REDACTED,general_procurement,Children's Social Care,Transfer Payment,Allowances for provision care,2026-06-30 09:57:44.583,636.18,Redacted,redacted_supplier
Over500_2026_P03_-_published.xlsx:2448,Over500_2026_P03_-_published.xlsx,2448,2026-06-30,REDACTED,general_procurement,Children's Social Care,Transfer Payment,Allowances for provision care,2026-06-30 09:57:44.583,636.18,Redacted,redacted_supplier
Over500_2026_P03_-_published.xlsx:2449,Over500_2026_P03_-_published.xlsx,2449,2026-06-30,REDACTED,general_procurement,Children's Social Care,Transfer Payment,Allowances for provision care,2026-06-30 09:57:44.583,1209.7,Redacted,redacted_supplier
Over500_2026_P03_-_published.xlsx:2450,Over500_2026_P03_-_published.xlsx,2450,2026-06-30,REDACTED,general_procurement,Children's Social Care,Transfer Payment,Allowances for provision care,2026-06-30 09:57:44.583,916.18,Redacted,redacted_supplier
Over500_2026_P03_-_published.xlsx:2451,Over500_2026_P03_-_published.xlsx,2451,2026-06-30,REDACTED,general_procurement,Children's Social Care,Transfer Payment,Allowances for provision care,2026-06-30 09:57:44.583,636.18,Redacted,redacted_supplier
Over500_2026_P03_-_published.xlsx:2452,Over500_2026_P03_-_published.xlsx,2452,2026-06-30,REDACTED,general_procurement,Children's Social Care,Transfer Payment,Allowances for provision care,2026-06-30 09:57:44.583,636.18,Redacted,redacted_supplier
Over500_2026_P03_-_published.xlsx:2453,Over500_2026_P03_-_published.xlsx,2453,2026-06-30,REDACTED,general_procurement,Children's Social Care,Transfer Payment,Allowances for provision care,2026-06-30 09:57:44.583,916.18,Redacted,redacted_supplier
Over500_2026_P03_-_published.xlsx:2454,Over500_2026_P03_-_published.xlsx,2454,2026-06-30,REDACTED,general_procurement,Children's Social Care,Transfer Payment,Allowances for provision care,2026-06-30 09:57:44.583,916.18,Redacted,redacted_supplier
Over500_2026_P03_-_published.xlsx:2455,Over500_2026_P03_-_published.xlsx,2455,2026-06-30,REDACTED,general_procurement,Children's Social Care,Transfer Payment,Allowances for provision care,2026-06-30 09:57:44.583,559.26,Redacted,redacted_supplier
Over500_2026_P03_-_published.xlsx:2456,Over500_2026_P03_-_published.xlsx,2456,2026-06-02,REDACTED,general_procurement,Children's Social Care,Transfer Payment,Allowances for provision care,2026-06-02 11:56:44.373,916.18,Redacted,redacted_supplier
Over500_2026_P03_-_published.xlsx:2457,Over500_2026_P03_-_published.xlsx,2457,2026-06-02,REDACTED,general_procurement,Children's Social Care,Transfer Payment,Allowances for provision care,2026-06-02 11:56:44.373,636.18,Redacted,redacted_supplier
Over500_2026_P03_-_published.xlsx:2458,Over500_2026_P03_-_published.xlsx,2458,2026-06-02,REDACTED,general_procurement,Children's Social Care,Transfer Payment,Allowances for provision care,2026-06-02 11:56:44.373,636.18,Redacted,redacted_supplier
Over500_2026_P03_-_published.xlsx:2459,Over500_2026_P03_-_published.xlsx,2459,2026-06-02,REDACTED,general_procurement,Children's Social Care,Transfer Payment,Allowances for provision care,2026-06-02 11:56:44.373,916.18,Redacted,redacted_supplier
Over500_2026_P03_-_published.xlsx:2460,Over500_2026_P03_-_published.xlsx,2460,2026-06-02,REDACTED,general_procurement,Children's Social Care,Transfer Payment,Allowances for provision care,2026-06-02 11:56:44.373,559.26,Redacted,redacted_supplier
Over500_2026_P03_-_published.xlsx:2461,Over500_2026_P03_-_published.xlsx,2461,2026-06-02,REDACTED,general_procurement,Children's Social Care,Transfer Payment,Allowances for provision care,2026-06-02 11:56:44.373,2125.11,Redacted,redacted_supplier
Over500_2026_P03_-_published.xlsx:2462,Over500_2026_P03_-_published.xlsx,2462,2026-06-02,REDACTED,general_procurement,Children's Social Care,Transfer Payment,Allowances for provision care,2026-06-02 11:56:44.373,1078.57,Redacted,redacted_supplier
Over500_2026_P03_-_published.xlsx:2463,Over500_2026_P03_-_published.xlsx,2463,2026-06-16,REDACTED,general_procurement,Children's Social Care,Transfer Payment,Allowances for provision care,2026-06-16 16:19:19.237,954.38,Redacted,redacted_supplier
Over500_2026_P03_-_published.xlsx:2464,Over500_2026_P03_-_published.xlsx,2464,2026-06-16,REDACTED,general_procurement,Children's Social Care,Transfer Payment,Allowances for provision care,2026-06-16 16:19:19.237,916.18,Redacted,redacted_supplier
Over500_2026_P03_-_published.xlsx:2465,Over500_2026_P03_-_published.xlsx,2465,2026-06-16,REDACTED,general_procurement,Children's Social Care,Transfer Payment,Allowances for provision care,2026-06-16 16:19:19.237,916.18,Redacted,redacted_supplier
Over500_2026_P03_-_published.xlsx:2466,Over500_2026_P03_-_published.xlsx,2466,2026-06-16,REDACTED,general_procurement,Children's Social Care,Transfer Payment,Allowances for provision care,2026-06-16 16:19:19.237,636.18,Redacted,redacted_supplier
Over500_2026_P03_-_published.xlsx:2467,Over500_2026_P03_-_published.xlsx,2467,2026-06-16,REDACTED,general_procurement,Children's Social Care,Transfer Payment,Allowances for provision care,2026-06-16 16:19:19.237,916.18,Redacted,redacted_supplier
Over500_2026_P03_-_published.xlsx:2468,Over500_2026_P03_-_published.xlsx,2468,2026-06-16,REDACTED,general_procurement,Children's Social Care,Transfer Payment,Allowances for provision care,2026-06-16 16:19:19.237,954.38,Redacted,redacted_supplier
Over500_2026_P03_-_published.xlsx:2469,Over500_2026_P03_-_published.xlsx,2469,2026-06-16,REDACTED,general_procurement,Children's Social Care,Transfer Payment,Allowances for provision care,2026-06-16 16:19:19.237,559.26,Redacted,redacted_supplier
Over500_2026_P03_-_published.xlsx:2470,Over500_2026_P03_-_published.xlsx,2470,2026-06-16,REDACTED,general_procurement,Children's Social Care,Transfer Payment,Allowances for provision care,2026-06-16 16:19:19.237,916.18,Redacted,redacted_supplier
Over500_2026_P03_-_published.xlsx:2471,Over500_2026_P03_-_published.xlsx,2471,2026-06-16,REDACTED,general_procurement,Children's Social Care,Transfer Payment,Allowances for provision care,2026-06-16 16:19:19.237,636.18,Redacted,redacted_supplier
Over500_2026_P03_-_published.xlsx:2472,Over500_2026_P03_-_published.xlsx,2472,2026-06-16,REDACTED,general_procurement,Children's Social Care,Transfer Payment,Allowances for provision care,2026-06-16 16:19:19.237,2975.16,Redacted,redacted_supplier
Over500_2026_P03_-_published.xlsx:2473,Over500_2026_P03_-_published.xlsx,2473,2026-06-16,REDACTED,general_procurement,Children's Social Care,Transfer Payment,Allowances for provision care,2026-06-16 16:19:19.237,916.18,Redacted,redacted_supplier
Over500_2026_P03_-_published.xlsx:2474,Over500_2026_P03_-_published.xlsx,2474,2026-06-16,REDACTED,general_procurement,Children's Social Care,Transfer Payment,Allowances for provision care,2026-06-16 16:19:19.237,636.18,Redacted,redacted_supplier
Over500_2026_P03_-_published.xlsx:2475,Over500_2026_P03_-_published.xlsx,2475,2026-06-16,REDACTED,general_procurement,Children's Social Care,Transfer Payment,Allowances for provision care,2026-06-16 16:19:19.237,559.26,Redacted,redacted_supplier
Over500_2026_P03_-_published.xlsx:2476,Over500_2026_P03_-_published.xlsx,2476,2026-06-16,REDACTED,general_procurement,Children's Social Care,Transfer Payment,Allowances for provision care,2026-06-16 16:19:19.237,954.38,Redacted,redacted_supplier
Over500_2026_P03_-_published.xlsx:2477,Over500_2026_P03_-_published.xlsx,2477,2026-06-16,REDACTED,general_procurement,Children's Social Care,Transfer Payment,Allowances for provision care,2026-06-16 16:19:19.237,636.18,Redacted,redacted_supplier
Over500_2026_P03_-_published.xlsx:2478,Over500_2026_P03_-_published.xlsx,2478,2026-06-30,REDACTED,general_procurement,Children's Social Care,Transfer Payment,Allowances for provision care,2026-06-30 09:57:44.583,1209.7,Redacted,redacted_supplier
Over500_2026_P03_-_published.xlsx:2479,Over500_2026_P03_-_published.xlsx,2479,2026-06-30,REDACTED,general_procurement,Children's Social Care,Transfer Payment,Allowances for provision care,2026-06-30 09:57:44.583,636.18,Redacted,redacted_supplier
Over500_2026_P03_-_published.xlsx:2480,Over500_2026_P03_-_published.xlsx,2480,2026-06-30,REDACTED,general_procurement,Children's Social Care,Transfer Payment,Allowances for provision care,2026-06-30 09:57:44.583,954.38,Redacted,redacted_supplier
Over500_2026_P03_-_published.xlsx:2481,Over500_2026_P03_-_published.xlsx,2481,2026-06-30,REDACTED,general_procurement,Children's Social Care,Transfer Payment,Allowances for provision care,2026-06-30 09:57:44.583,1209.7,Redacted,redacted_supplier
Over500_2026_P03_-_published.xlsx:2482,Over500_2026_P03_-_published.xlsx,2482,2026-06-30,REDACTED,general_procurement,Children's Social Care,Transfer Payment,Allowances for provision care,2026-06-30 09:57:44.583,636.18,Redacted,redacted_supplier
Over500_2026_P03_-_published.xlsx:2483,Over500_2026_P03_-_published.xlsx,2483,2026-06-30,REDACTED,general_procurement,Children's Social Care,Transfer Payment,Allowances for provision care,2026-06-30 09:57:44.583,559.26,Redacted,redacted_supplier
Over500_2026_P03_-_published.xlsx:2484,Over500_2026_P03_-_published.xlsx,2484,2026-06-30,REDACTED,general_procurement,Children's Social Care,Transfer Payment,Allowances for provision care,2026-06-30 09:57:44.583,636.18,Redacted,redacted_supplier
Over500_2026_P03_-_published.xlsx:2485,Over500_2026_P03_-_published.xlsx,2485,2026-06-30,REDACTED,general_procurement,Children's Social Care,Transfer Payment,Allowances for provision care,2026-06-30 09:57:44.583,636.18,Redacted,redacted_supplier
Over500_2026_P03_-_published.xlsx:2486,Over500_2026_P03_-_published.xlsx,2486,2026-06-30,REDACTED,general_procurement,Children's Social Care,Transfer Payment,Allowances for provision care,2026-06-30 09:57:44.583,916.18,Redacted,redacted_supplier
Over500_2026_P03_-_published.xlsx:2487,Over500_2026_P03_-_published.xlsx,2487,2026-06-30,REDACTED,general_procurement,Children's Social Care,Transfer Payment,Allowances for provision care,2026-06-30 09:57:44.583,636.18,Redacted,redacted_supplier
Over500_2026_P03_-_published.xlsx:2488,Over500_2026_P03_-_published.xlsx,2488,2026-06-30,REDACTED,general_procurement,Children's Social Care,Transfer Payment,Allowances for provision care,2026-06-30 09:57:44.583,559.26,Redacted,redacted_supplier
Over500_2026_P03_-_published.xlsx:2489,Over500_2026_P03_-_published.xlsx,2489,2026-06-30,REDACTED,general_procurement,Children's Social Care,Transfer Payment,Allowances for provision care,2026-06-30 09:57:44.583,954.38,Redacted,redacted_supplier
Over500_2026_P03_-_published.xlsx:2490,Over500_2026_P03_-_published.xlsx,2490,2026-06-30,REDACTED,general_procurement,Children's Social Care,Transfer Payment,Allowances for provision care,2026-06-30 09:57:44.583,559.26,Redacted,redacted_supplier
Over500_2026_P03_-_published.xlsx:2491,Over500_2026_P03_-_published.xlsx,2491,2026-06-30,REDACTED,general_procurement,Children's Social Care,Transfer Payment,Allowances for provision care,2026-06-30 09:57:44.583,559.26,Redacted,redacted_supplier
Over500_2026_P03_-_published.xlsx:2492,Over500_2026_P03_-_published.xlsx,2492,2026-06-02,REDACTED,general_procurement,Children's Social Care,Transfer Payment,Allowances for provision care,2026-06-02 11:56:44.373,636.18,Redacted,redacted_supplier
Over500_2026_P03_-_published.xlsx:2493,Over500_2026_P03_-_published.xlsx,2493,2026-06-02,REDACTED,general_procurement,Children's Social Care,Transfer Payment,Allowances for provision care,2026-06-02 11:56:44.373,636.19,Redacted,redacted_supplier
Over500_2026_P03_-_published.xlsx:2494,Over500_2026_P03_-_published.xlsx,2494,2026-06-02,REDACTED,general_procurement,Children's Social Care,Transfer Payment,Allowances for provision care,2026-06-02 11:56:44.373,636.18,Redacted,redacted_supplier
Over500_2026_P03_-_published.xlsx:2495,Over500_2026_P03_-_published.xlsx,2495,2026-06-02,REDACTED,general_procurement,Children's Social Care,Transfer Payment,Allowances for provision care,2026-06-02 11:56:44.373,916.18,Redacted,redacted_supplier
Over500_2026_P03_-_published.xlsx:2496,Over500_2026_P03_-_published.xlsx,2496,2026-06-02,REDACTED,general_procurement,Children's Social Care,Transfer Payment,Allowances for provision care,2026-06-02 11:56:44.373,636.18,Redacted,redacted_supplier
Over500_2026_P03_-_published.xlsx:2497,Over500_2026_P03_-_published.xlsx,2497,2026-06-02,REDACTED,general_procurement,Children's Social Care,Transfer Payment,Allowances for provision care,2026-06-02 11:56:44.373,636.18,Redacted,redacted_supplier
Over500_2026_P03_-_published.xlsx:2498,Over500_2026_P03_-_published.xlsx,2498,2026-06-16,REDACTED,general_procurement,Children's Social Care,Transfer Payment,Allowances for provision care,2026-06-16 16:19:19.237,589.6,Redacted,redacted_supplier
Over500_2026_P03_-_published.xlsx:2499,Over500_2026_P03_-_published.xlsx,2499,2026-06-16,REDACTED,general_procurement,Children's Social Care,Transfer Payment,Allowances for provision care,2026-06-16 16:19:19.237,589.6,Redacted,redacted_supplier
Over500_2026_P03_-_published.xlsx:2500,Over500_2026_P03_-_published.xlsx,2500,2026-06-30,REDACTED,general_procurement,Children's Social Care,Transfer Payment,Allowances for provision care,2026-06-30 09:57:44.583,916.18,Redacted,redacted_supplier
Over500_2026_P03_-_published.xlsx:2501,Over500_2026_P03_-_published.xlsx,2501,2026-06-30,REDACTED,general_procurement,Children's Social Care,Transfer Payment,Allowances for provision care,2026-06-30 09:57:44.583,1209.7,Redacted,redacted_supplier
Over500_2026_P03_-_published.xlsx:2502,Over500_2026_P03_-_published.xlsx,2502,2026-06-30,REDACTED,general_procurement,Children's Social Care,Transfer Payment,Allowances for provision care,2026-06-30 09:57:44.583,559.26,Redacted,redacted_supplier
Over500_2026_P03_-_published.xlsx:2503,Over500_2026_P03_-_published.xlsx,2503,2026-06-30,REDACTED,general_procurement,Children's Social Care,Transfer Payment,Allowances for provision care,2026-06-30 09:57:44.583,636.18,Redacted,redacted_supplier
Over500_2026_P03_-_published.xlsx:2504,Over500_2026_P03_-_published.xlsx,2504,2026-06-30,REDACTED,general_procurement,Children's Social Care,Transfer Payment,Allowances for provision care,2026-06-30 09:57:44.583,559.26,Redacted,redacted_supplier
Over500_2026_P03_-_published.xlsx:2505,Over500_2026_P03_-_published.xlsx,2505,2026-06-30,REDACTED,general_procurement,Children's Social Care,Transfer Payment,Allowances for provision care,2026-06-30 09:57:44.583,1467.52,Redacted,redacted_supplier
Over500_2026_P03_-_published.xlsx:2506,Over500_2026_P03_-_published.xlsx,2506,2026-06-02,REDACTED,general_procurement,Children's Social Care,Transfer Payment,Allowances for provision care,2026-06-02 11:56:44.373,954.38,Redacted,redacted_supplier
Over500_2026_P03_-_published.xlsx:2507,Over500_2026_P03_-_published.xlsx,2507,2026-06-02,REDACTED,general_procurement,Children's Social Care,Transfer Payment,Allowances for provision care,2026-06-02 11:56:44.373,954.38,Redacted,redacted_supplier
Over500_2026_P03_-_published.xlsx:2508,Over500_2026_P03_-_published.xlsx,2508,2026-06-02,REDACTED,general_procurement,Children's Social Care,Transfer Payment,Allowances for provision care,2026-06-02 11:56:44.373,636.18,Redacted,redacted_supplier
Over500_2026_P03_-_published.xlsx:2509,Over500_2026_P03_-_published.xlsx,2509,2026-06-02,REDACTED,general_procurement,Children's Social Care,Transfer Payment,Allowances for provision care,2026-06-02 11:56:44.373,636.18,Redacted,redacted_supplier
Over500_2026_P03_-_published.xlsx:2510,Over500_2026_P03_-_published.xlsx,2510,2026-06-02,REDACTED,general_procurement,Children's Social Care,Transfer Payment,Allowances for provision care,2026-06-02 11:56:44.373,954.38,Redacted,redacted_supplier
Over500_2026_P03_-_published.xlsx:2511,Over500_2026_P03_-_published.xlsx,2511,2026-06-02,REDACTED,general_procurement,Children's Social Care,Transfer Payment,Allowances for provision care,2026-06-02 11:56:44.373,636.18,Redacted,redacted_supplier
Over500_2026_P03_-_published.xlsx:2512,Over500_2026_P03_-_published.xlsx,2512,2026-06-02,REDACTED,general_procurement,Children's Social Care,Transfer Payment,Allowances for provision care,2026-06-02 11:56:44.373,916.18,Redacted,redacted_supplier
Over500_2026_P03_-_published.xlsx:2513,Over500_2026_P03_-_published.xlsx,2513,2026-06-02,REDACTED,general_procurement,Children's Social Care,Transfer Payment,Allowances for provision care,2026-06-02 11:56:44.373,545.36,Redacted,redacted_supplier
Over500_2026_P03_-_published.xlsx:2514,Over500_2026_P03_-_published.xlsx,2514,2026-06-02,REDACTED,general_procurement,Children's Social Care,Transfer Payment,Allowances for provision care,2026-06-02 11:56:44.373,916.18,Redacted,redacted_supplier
Over500_2026_P03_-_published.xlsx:2515,Over500_2026_P03_-_published.xlsx,2515,2026-06-02,REDACTED,general_procurement,Children's Social Care,Transfer Payment,Allowances for provision care,2026-06-02 11:56:44.373,636.18,Redacted,redacted_supplier
Over500_2026_P03_-_published.xlsx:2516,Over500_2026_P03_-_published.xlsx,2516,2026-06-02,REDACTED,general_procurement,Children's Social Care,Transfer Payment,Allowances for provision care,2026-06-02 11:56:44.373,559.26,Redacted,redacted_supplier
Over500_2026_P03_-_published.xlsx:2517,Over500_2026_P03_-_published.xlsx,2517,2026-06-02,REDACTED,general_procurement,Children's Social Care,Transfer Payment,Allowances for provision care,2026-06-02 11:56:44.373,954.38,Redacted,redacted_supplier
Over500_2026_P03_-_published.xlsx:2518,Over500_2026_P03_-_published.xlsx,2518,2026-06-16,REDACTED,general_procurement,Children's Social Care,Transfer Payment,Allowances for provision care,2026-06-16 16:19:19.237,857.36,Redacted,redacted_supplier
Over500_2026_P03_-_published.xlsx:2519,Over500_2026_P03_-_published.xlsx,2519,2026-06-16,REDACTED,general_procurement,Children's Social Care,Transfer Payment,Allowances for provision care,2026-06-16 16:19:19.237,636.18,Redacted,redacted_supplier
Over500_2026_P03_-_published.xlsx:2520,Over500_2026_P03_-_published.xlsx,2520,2026-06-16,REDACTED,general_procurement,Children's Social Care,Transfer Payment,Allowances for provision care,2026-06-16 16:19:19.237,1467.52,Redacted,redacted_supplier
Over500_2026_P03_-_published.xlsx:2521,Over500_2026_P03_-_published.xlsx,2521,2026-06-16,REDACTED,general_procurement,Children's Social Care,Transfer Payment,Allowances for provision care,2026-06-16 16:19:19.237,916.18,Redacted,redacted_supplier
Over500_2026_P03_-_published.xlsx:2522,Over500_2026_P03_-_published.xlsx,2522,2026-06-16,REDACTED,general_procurement,Children's Social Care,Transfer Payment,Allowances for provision care,2026-06-16 16:19:19.237,916.18,Redacted,redacted_supplier
Over500_2026_P03_-_published.xlsx:2523,Over500_2026_P03_-_published.xlsx,2523,2026-06-16,REDACTED,general_procurement,Children's Social Care,Transfer Payment,Allowances for provision care,2026-06-16 16:19:19.237,1209.7,Redacted,redacted_supplier
Over500_2026_P03_-_published.xlsx:2524,Over500_2026_P03_-_published.xlsx,2524,2026-06-16,REDACTED,general_procurement,Children's Social Care,Transfer Payment,Allowances for provision care,2026-06-16 16:19:19.237,636.18,Redacted,redacted_supplier
Over500_2026_P03_-_published.xlsx:2525,Over500_2026_P03_-_published.xlsx,2525,2026-06-16,REDACTED,general_procurement,Children's Social Care,Transfer Payment,Allowances for provision care,2026-06-16 16:19:19.237,559.26,Redacted,redacted_supplier
Over500_2026_P03_-_published.xlsx:2526,Over500_2026_P03_-_published.xlsx,2526,2026-06-16,REDACTED,general_procurement,Children's Social Care,Transfer Payment,Allowances for provision care,2026-06-16 16:19:19.237,636.18,Redacted,redacted_supplier
Over500_2026_P03_-_published.xlsx:2527,Over500_2026_P03_-_published.xlsx,2527,2026-06-16,REDACTED,general_procurement,Children's Social Care,Transfer Payment,Allowances for provision care,2026-06-16 16:19:19.237,636.18,Redacted,redacted_supplier
Over500_2026_P03_-_published.xlsx:2528,Over500_2026_P03_-_published.xlsx,2528,2026-06-16,REDACTED,general_procurement,Children's Social Care,Transfer Payment,Allowances for provision care,2026-06-16 16:19:19.237,636.18,Redacted,redacted_supplier
Over500_2026_P03_-_published.xlsx:2529,Over500_2026_P03_-_published.xlsx,2529,2026-06-16,REDACTED,general_procurement,Children's Social Care,Transfer Payment,Allowances for provision care,2026-06-16 16:19:19.237,559.26,Redacted,redacted_supplier
Over500_2026_P03_-_published.xlsx:2530,Over500_2026_P03_-_published.xlsx,2530,2026-06-16,REDACTED,general_procurement,Children's Social Care,Transfer Payment,Allowances for provision care,2026-06-16 16:19:19.237,916.18,Redacted,redacted_supplier
Over500_2026_P03_-_published.xlsx:2531,Over500_2026_P03_-_published.xlsx,2531,2026-06-16,REDACTED,general_procurement,Children's Social Care,Transfer Payment,Allowances for provision care,2026-06-16 16:19:19.237,636.18,Redacted,redacted_supplier
Over500_2026_P03_-_published.xlsx:2532,Over500_2026_P03_-_published.xlsx,2532,2026-06-16,REDACTED,general_procurement,Children's Social Care,Transfer Payment,Allowances for provision care,2026-06-16 16:19:19.237,636.18,Redacted,redacted_supplier
Over500_2026_P03_-_published.xlsx:2533,Over500_2026_P03_-_published.xlsx,2533,2026-06-30,REDACTED,general_procurement,Children's Social Care,Transfer Payment,Allowances for provision care,2026-06-30 09:57:44.583,954.38,Redacted,redacted_supplier
Over500_2026_P03_-_published.xlsx:2534,Over500_2026_P03_-_published.xlsx,2534,2026-06-30,REDACTED,general_procurement,Children's Social Care,Transfer Payment,Allowances for provision care,2026-06-30 09:57:44.583,954.38,Redacted,redacted_supplier
Over500_2026_P03_-_published.xlsx:2535,Over500_2026_P03_-_published.xlsx,2535,2026-06-30,REDACTED,general_procurement,Children's Social Care,Transfer Payment,Allowances for provision care,2026-06-30 09:57:44.583,636.18,Redacted,redacted_supplier
Over500_2026_P03_-_published.xlsx:2536,Over500_2026_P03_-_published.xlsx,2536,2026-06-30,REDACTED,general_procurement,Children's Social Care,Transfer Payment,Allowances for provision care,2026-06-30 09:57:44.583,916.18,Redacted,redacted_supplier
Over500_2026_P03_-_published.xlsx:2537,Over500_2026_P03_-_published.xlsx,2537,2026-06-30,REDACTED,general_procurement,Children's Social Care,Transfer Payment,Allowances for provision care,2026-06-30 09:57:44.583,636.18,Redacted,redacted_supplier
Over500_2026_P03_-_published.xlsx:2538,Over500_2026_P03_-_published.xlsx,2538,2026-06-02,REDACTED,general_procurement,Children's Social Care,Transfer Payment,Allowances for provision care,2026-06-02 11:56:44.373,554.87,Redacted,redacted_supplier
Over500_2026_P03_-_published.xlsx:2539,Over500_2026_P03_-_published.xlsx,2539,2026-06-02,REDACTED,general_procurement,Children's Social Care,Transfer Payment,Allowances for provision care,2026-06-02 11:56:44.373,589.6,Redacted,redacted_supplier
Over500_2026_P03_-_published.xlsx:2540,Over500_2026_P03_-_published.xlsx,2540,2026-06-02,REDACTED,general_procurement,Children's Social Care,Transfer Payment,Allowances for provision care,2026-06-02 11:56:44.373,589.6,Redacted,redacted_supplier
Over500_2026_P03_-_published.xlsx:2541,Over500_2026_P03_-_published.xlsx,2541,2026-06-02,REDACTED,general_procurement,Children's Social Care,Transfer Payment,Allowances for provision care,2026-06-02 11:56:44.373,517.69,Redacted,redacted_supplier
Over500_2026_P03_-_published.xlsx:2542,Over500_2026_P03_-_published.xlsx,2542,2026-06-02,REDACTED,general_procurement,Children's Social Care,Transfer Payment,Allowances for provision care,2026-06-02 11:56:44.373,595.2,Redacted,redacted_supplier
Over500_2026_P03_-_published.xlsx:2543,Over500_2026_P03_-_published.xlsx,2543,2026-06-02,REDACTED,general_procurement,Children's Social Care,Transfer Payment,Allowances for provision care,2026-06-02 11:56:44.373,916.18,Redacted,redacted_supplier
Over500_2026_P03_-_published.xlsx:2544,Over500_2026_P03_-_published.xlsx,2544,2026-06-02,REDACTED,general_procurement,Children's Social Care,Transfer Payment,Allowances for provision care,2026-06-02 11:56:44.373,543.3,Redacted,redacted_supplier
Over500_2026_P03_-_published.xlsx:2545,Over500_2026_P03_-_published.xlsx,2545,2026-06-02,REDACTED,general_procurement,Children's Social Care,Transfer Payment,Allowances for provision care,2026-06-02 11:56:44.373,636.18,Redacted,redacted_supplier
Over500_2026_P03_-_published.xlsx:2546,Over500_2026_P03_-_published.xlsx,2546,2026-06-02,REDACTED,general_procurement,Children's Social Care,Transfer Payment,Allowances for provision care,2026-06-02 11:56:44.373,559.25,Redacted,redacted_supplier
Over500_2026_P03_-_published.xlsx:2547,Over500_2026_P03_-_published.xlsx,2547,2026-06-02,REDACTED,general_procurement,Children's Social Care,Transfer Payment,Allowances for provision care,2026-06-02 11:56:44.373,587.09,Redacted,redacted_supplier
Over500_2026_P03_-_published.xlsx:2548,Over500_2026_P03_-_published.xlsx,2548,2026-06-16,REDACTED,general_procurement,Children's Social Care,Transfer Payment,Allowances for provision care,2026-06-16 16:19:19.237,636.19,Redacted,redacted_supplier
Over500_2026_P03_-_published.xlsx:2549,Over500_2026_P03_-_published.xlsx,2549,2026-06-16,REDACTED,general_procurement,Children's Social Care,Transfer Payment,Allowances for provision care,2026-06-16 16:19:19.237,1192.33,Redacted,redacted_supplier
Over500_2026_P03_-_published.xlsx:2550,Over500_2026_P03_-_published.xlsx,2550,2026-06-16,REDACTED,general_procurement,Children's Social Care,Transfer Payment,Allowances for provision care,2026-06-16 16:19:19.237,589.6,Redacted,redacted_supplier
Over500_2026_P03_-_published.xlsx:2551,Over500_2026_P03_-_published.xlsx,2551,2026-06-16,REDACTED,general_procurement,Children's Social Care,Transfer Payment,Allowances for provision care,2026-06-16 16:19:19.237,916.18,Redacted,redacted_supplier
Over500_2026_P03_-_published.xlsx:2552,Over500_2026_P03_-_published.xlsx,2552,2026-06-16,REDACTED,general_procurement,Children's Social Care,Transfer Payment,Allowances for provision care,2026-06-16 16:19:19.237,559.25,Redacted,redacted_supplier
Over500_2026_P03_-_published.xlsx:2553,Over500_2026_P03_-_published.xlsx,2553,2026-06-16,REDACTED,general_procurement,Children's Social Care,Transfer Payment,Allowances for provision care,2026-06-16 16:19:19.237,559.27,Redacted,redacted_supplier
Over500_2026_P03_-_published.xlsx:2554,Over500_2026_P03_-_published.xlsx,2554,2026-06-16,REDACTED,general_procurement,Children's Social Care,Transfer Payment,Allowances for provision care,2026-06-16 16:19:19.237,636.18,Redacted,redacted_supplier
Over500_2026_P03_-_published.xlsx:2555,Over500_2026_P03_-_published.xlsx,2555,2026-06-16,REDACTED,general_procurement,Children's Social Care,Transfer Payment,Allowances for provision care,2026-06-16 16:19:19.237,559.25,Redacted,redacted_supplier
Over500_2026_P03_-_published.xlsx:2556,Over500_2026_P03_-_published.xlsx,2556,2026-06-30,REDACTED,general_procurement,Children's Social Care,Transfer Payment,Allowances for provision care,2026-06-30 09:57:44.583,589.6,Redacted,redacted_supplier
Over500_2026_P03_-_published.xlsx:2557,Over500_2026_P03_-_published.xlsx,2557,2026-06-30,REDACTED,general_procurement,Children's Social Care,Transfer Payment,Allowances for provision care,2026-06-30 09:57:44.583,1192.33,Redacted,redacted_supplier
Over500_2026_P03_-_published.xlsx:2558,Over500_2026_P03_-_published.xlsx,2558,2026-06-30,REDACTED,general_procurement,Children's Social Care,Transfer Payment,Allowances for provision care,2026-06-30 09:57:44.583,589.6,Redacted,redacted_supplier
Over500_2026_P03_-_published.xlsx:2559,Over500_2026_P03_-_published.xlsx,2559,2026-06-30,REDACTED,general_procurement,Children's Social Care,Transfer Payment,Allowances for provision care,2026-06-30 09:57:44.583,559.26,Redacted,redacted_supplier
Over500_2026_P03_-_published.xlsx:2560,Over500_2026_P03_-_published.xlsx,2560,2026-06-30,REDACTED,general_procurement,Children's Social Care,Transfer Payment,Allowances for provision care,2026-06-30 09:57:44.583,559.26,Redacted,redacted_supplier
Over500_2026_P03_-_published.xlsx:2561,Over500_2026_P03_-_published.xlsx,2561,2026-06-30,REDACTED,general_procurement,Children's Social Care,Transfer Payment,Allowances for provision care,2026-06-30 09:57:44.583,636.18,Redacted,redacted_supplier
Over500_2026_P03_-_published.xlsx:2562,Over500_2026_P03_-_published.xlsx,2562,2026-06-30,REDACTED,general_procurement,Children's Social Care,Transfer Payment,Allowances for provision care,2026-06-30 09:57:44.583,636.18,Redacted,redacted_supplier
Over500_2026_P03_-_published.xlsx:2563,Over500_2026_P03_-_published.xlsx,2563,2026-06-30,REDACTED,general_procurement,Children's Social Care,Transfer Payment,Allowances for provision care,2026-06-30 09:57:44.583,636.18,Redacted,redacted_supplier
Over500_2026_P03_-_published.xlsx:2564,Over500_2026_P03_-_published.xlsx,2564,2026-06-30,REDACTED,general_procurement,Children's Social Care,Transfer Payment,Allowances for provision care,2026-06-30 09:57:44.583,2975.16,Redacted,redacted_supplier
Over500_2026_P03_-_published.xlsx:2565,Over500_2026_P03_-_published.xlsx,2565,2026-06-30,REDACTED,general_procurement,Children's Social Care,Transfer Payment,Allowances for provision care,2026-06-30 09:57:44.583,916.18,Redacted,redacted_supplier
Over500_2026_P03_-_published.xlsx:2566,Over500_2026_P03_-_published.xlsx,2566,2026-06-30,REDACTED,general_procurement,Children's Social Care,Transfer Payment,Allowances for provision care,2026-06-30 09:57:44.583,636.18,Redacted,redacted_supplier
Over500_2026_P03_-_published.xlsx:2567,Over500_2026_P03_-_published.xlsx,2567,2026-06-30,REDACTED,general_procurement,Children's Social Care,Transfer Payment,Allowances for provision care,2026-06-30 09:57:44.583,636.18,Redacted,redacted_supplier
Over500_2026_P03_-_published.xlsx:2568,Over500_2026_P03_-_published.xlsx,2568,2026-06-30,REDACTED,general_procurement,Children's Social Care,Transfer Payment,Allowances for provision care,2026-06-30 09:57:44.583,916.18,Redacted,redacted_supplier
Over500_2026_P03_-_published.xlsx:2569,Over500_2026_P03_-_published.xlsx,2569,2026-06-02,REDACTED,general_procurement,Children's Social Care,Transfer Payment,Allowances for provision care,2026-06-02 11:56:44.373,517.69,Redacted,redacted_supplier
Over500_2026_P03_-_published.xlsx:2570,Over500_2026_P03_-_published.xlsx,2570,2026-06-02,REDACTED,general_procurement,Children's Social Care,Transfer Payment,Allowances for provision care,2026-06-02 11:56:44.373,554.86,Redacted,redacted_supplier
Over500_2026_P03_-_published.xlsx:2571,Over500_2026_P03_-_published.xlsx,2571,2026-06-02,REDACTED,general_procurement,Children's Social Care,Transfer Payment,Allowances for provision care,2026-06-02 11:56:44.373,916.75,Redacted,redacted_supplier
Over500_2026_P03_-_published.xlsx:2572,Over500_2026_P03_-_published.xlsx,2572,2026-06-02,REDACTED,general_procurement,Children's Social Care,Transfer Payment,Allowances for provision care,2026-06-02 11:56:44.373,559.27,Redacted,redacted_supplier
Over500_2026_P03_-_published.xlsx:2573,Over500_2026_P03_-_published.xlsx,2573,2026-06-02,REDACTED,general_procurement,Children's Social Care,Transfer Payment,Allowances for provision care,2026-06-02 11:56:44.373,1192.33,Redacted,redacted_supplier
Over500_2026_P03_-_published.xlsx:2574,Over500_2026_P03_-_published.xlsx,2574,2026-06-02,REDACTED,general_procurement,Children's Social Care,Transfer Payment,Allowances for provision care,2026-06-02 11:56:44.373,559.25,Redacted,redacted_supplier
Over500_2026_P03_-_published.xlsx:2575,Over500_2026_P03_-_published.xlsx,2575,2026-06-02,REDACTED,general_procurement,Children's Social Care,Transfer Payment,Allowances for provision care,2026-06-02 11:56:44.373,636.18,Redacted,redacted_supplier
Over500_2026_P03_-_published.xlsx:2576,Over500_2026_P03_-_published.xlsx,2576,2026-06-02,REDACTED,general_procurement,Children's Social Care,Transfer Payment,Allowances for provision care,2026-06-02 11:56:44.373,636.19,Redacted,redacted_supplier
Over500_2026_P03_-_published.xlsx:2577,Over500_2026_P03_-_published.xlsx,2577,2026-06-02,REDACTED,general_procurement,Children's Social Care,Transfer Payment,Allowances for provision care,2026-06-02 11:56:44.373,636.18,Redacted,redacted_supplier
Over500_2026_P03_-_published.xlsx:2578,Over500_2026_P03_-_published.xlsx,2578,2026-06-16,REDACTED,general_procurement,Children's Social Care,Transfer Payment,Allowances for provision care,2026-06-16 16:19:19.237,636.18,Redacted,redacted_supplier
Over500_2026_P03_-_published.xlsx:2579,Over500_2026_P03_-_published.xlsx,2579,2026-06-16,REDACTED,general_procurement,Children's Social Care,Transfer Payment,Allowances for provision care,2026-06-16 16:19:19.237,636.18,Redacted,redacted_supplier
Over500_2026_P03_-_published.xlsx:2580,Over500_2026_P03_-_published.xlsx,2580,2026-06-16,REDACTED,general_procurement,Children's Social Care,Transfer Payment,Allowances for provision care,2026-06-16 16:19:19.237,636.18,Redacted,redacted_supplier
Over500_2026_P03_-_published.xlsx:2581,Over500_2026_P03_-_published.xlsx,2581,2026-06-16,REDACTED,general_procurement,Children's Social Care,Transfer Payment,Allowances for provision care,2026-06-16 16:19:19.237,636.18,Redacted,redacted_supplier
Over500_2026_P03_-_published.xlsx:2582,Over500_2026_P03_-_published.xlsx,2582,2026-06-16,REDACTED,general_procurement,Children's Social Care,Transfer Payment,Allowances for provision care,2026-06-16 16:19:19.237,977.96,Redacted,redacted_supplier
Over500_2026_P03_-_published.xlsx:2583,Over500_2026_P03_-_published.xlsx,2583,2026-06-30,REDACTED,general_procurement,Children's Social Care,Transfer Payment,Allowances for provision care,2026-06-30 09:57:44.583,916.75,Redacted,redacted_supplier
Over500_2026_P03_-_published.xlsx:2584,Over500_2026_P03_-_published.xlsx,2584,2026-06-30,REDACTED,general_procurement,Children's Social Care,Transfer Payment,Allowances for provision care,2026-06-30 09:57:44.583,636.19,Redacted,redacted_supplier
Over500_2026_P03_-_published.xlsx:2585,Over500_2026_P03_-_published.xlsx,2585,2026-06-30,REDACTED,general_procurement,Children's Social Care,Transfer Payment,Allowances for provision care,2026-06-30 09:57:44.583,636.18,Redacted,redacted_supplier
Over500_2026_P03_-_published.xlsx:2586,Over500_2026_P03_-_published.xlsx,2586,2026-06-30,REDACTED,general_procurement,Children's Social Care,Transfer Payment,Allowances for provision care,2026-06-30 09:57:44.583,636.18,Redacted,redacted_supplier
Over500_2026_P03_-_published.xlsx:2587,Over500_2026_P03_-_published.xlsx,2587,2026-06-30,REDACTED,general_procurement,Children's Social Care,Transfer Payment,Allowances for provision care,2026-06-30 09:57:44.583,916.18,Redacted,redacted_supplier
Over500_2026_P03_-_published.xlsx:2588,Over500_2026_P03_-_published.xlsx,2588,2026-06-30,REDACTED,general_procurement,Children's Social Care,Transfer Payment,Allowances for provision care,2026-06-30 09:57:44.583,636.19,Redacted,redacted_supplier
Over500_2026_P03_-_published.xlsx:2589,Over500_2026_P03_-_published.xlsx,2589,2026-06-30,REDACTED,general_procurement,Children's Social Care,Transfer Payment,Allowances for provision care,2026-06-30 09:57:44.583,916.18,Redacted,redacted_supplier
Over500_2026_P03_-_published.xlsx:2590,Over500_2026_P03_-_published.xlsx,2590,2026-06-30,REDACTED,general_procurement,Children's Social Care,Transfer Payment,Allowances for provision care,2026-06-30 09:57:44.583,559.25,Redacted,redacted_supplier
Over500_2026_P03_-_published.xlsx:2591,Over500_2026_P03_-_published.xlsx,2591,2026-06-30,REDACTED,general_procurement,Children's Social Care,Transfer Payment,Allowances for provision care,2026-06-30 09:57:44.583,636.18,Redacted,redacted_supplier
Over500_2026_P03_-_published.xlsx:2592,Over500_2026_P03_-_published.xlsx,2592,2026-06-30,REDACTED,general_procurement,Children's Social Care,Transfer Payment,Allowances for provision care,2026-06-30 09:57:44.583,636.19,Redacted,redacted_supplier
Over500_2026_P03_-_published.xlsx:2593,Over500_2026_P03_-_published.xlsx,2593,2026-06-30,REDACTED,general_procurement,Children's Social Care,Transfer Payment,Allowances for provision care,2026-06-30 09:57:44.583,559.27,Redacted,redacted_supplier
Over500_2026_P03_-_published.xlsx:2594,Over500_2026_P03_-_published.xlsx,2594,2026-06-30,REDACTED,general_procurement,Children's Social Care,Transfer Payment,Allowances for provision care,2026-06-30 09:57:44.583,916.18,Redacted,redacted_supplier
Over500_2026_P03_-_published.xlsx:2595,Over500_2026_P03_-_published.xlsx,2595,2026-06-30,REDACTED,general_procurement,Children's Social Care,Transfer Payment,Allowances for provision care,2026-06-30 09:57:44.583,559.25,Redacted,redacted_supplier
Over500_2026_P03_-_published.xlsx:2596,Over500_2026_P03_-_published.xlsx,2596,2026-06-30,REDACTED,general_procurement,Children's Social Care,Transfer Payment,Allowances for provision care,2026-06-30 09:57:44.583,587.09,Redacted,redacted_supplier
Over500_2026_P03_-_published.xlsx:2597,Over500_2026_P03_-_published.xlsx,2597,2026-06-02,REDACTED,general_procurement,Children's Social Care,Transfer Payment,Allowances for provision care,2026-06-02 11:56:44.373,517.69,Redacted,redacted_supplier
Over500_2026_P03_-_published.xlsx:2598,Over500_2026_P03_-_published.xlsx,2598,2026-06-02,REDACTED,general_procurement,Children's Social Care,Transfer Payment,Allowances for provision care,2026-06-02 11:56:44.373,636.18,Redacted,redacted_supplier
Over500_2026_P03_-_published.xlsx:2599,Over500_2026_P03_-_published.xlsx,2599,2026-06-16,REDACTED,general_procurement,Children's Social Care,Transfer Payment,Allowances for provision care,2026-06-16 16:19:19.237,916.18,Redacted,redacted_supplier
Over500_2026_P03_-_published.xlsx:2600,Over500_2026_P03_-_published.xlsx,2600,2026-06-30,REDACTED,general_procurement,Children's Social Care,Transfer Payment,Allowances for provision care,2026-06-30 09:57:44.583,517.69,Redacted,redacted_supplier
Over500_2026_P03_-_published.xlsx:2601,Over500_2026_P03_-_published.xlsx,2601,2026-06-30,REDACTED,general_procurement,Children's Social Care,Transfer Payment,Allowances for provision care,2026-06-30 09:57:44.583,532.08,Redacted,redacted_supplier
Over500_2026_P03_-_published.xlsx:2602,Over500_2026_P03_-_published.xlsx,2602,2026-06-30,REDACTED,general_procurement,Children's Social Care,Transfer Payment,Allowances for provision care,2026-06-30 09:57:44.583,916.18,Redacted,redacted_supplier
Over500_2026_P03_-_published.xlsx:2603,Over500_2026_P03_-_published.xlsx,2603,2026-06-02,REDACTED,general_procurement,Children's Social Care,Transfer Payment,Allowances for provision care,2026-06-02 11:56:44.373,975.1,Redacted,redacted_supplier
Over500_2026_P03_-_published.xlsx:2604,Over500_2026_P03_-_published.xlsx,2604,2026-06-30,REDACTED,general_procurement,Children's Social Care,Transfer Payment,Allowances for provision care,2026-06-30 09:57:44.583,898.81,Redacted,redacted_supplier
Over500_2026_P03_-_published.xlsx:2605,Over500_2026_P03_-_published.xlsx,2605,2026-06-30,REDACTED,general_procurement,Children's Social Care,Transfer Payment,Allowances for provision care,2026-06-30 09:57:44.583,1266.63,Redacted,redacted_supplier
Over500_2026_P03_-_published.xlsx:2606,Over500_2026_P03_-_published.xlsx,2606,2026-06-30,REDACTED,general_procurement,Children's Social Care,Transfer Payment,Allowances for provision care,2026-06-30 09:57:44.583,559.27,Redacted,redacted_supplier
Over500_2026_P03_-_published.xlsx:2608,Over500_2026_P03_-_published.xlsx,2608,2026-06-16,REDACTED,general_procurement,Children's Social Care,Transfer Payment,Allowances for provision care,2026-06-16 16:19:19.237,517.69,Redacted,redacted_supplier
Over500_2026_P03_-_published.xlsx:2609,Over500_2026_P03_-_published.xlsx,2609,2026-06-16,REDACTED,general_procurement,Children's Social Care,Transfer Payment,Allowances for provision care,2026-06-16 16:19:19.237,636.19,Redacted,redacted_supplier
Over500_2026_P03_-_published.xlsx:2610,Over500_2026_P03_-_published.xlsx,2610,2026-06-16,REDACTED,general_procurement,Children's Social Care,Transfer Payment,Allowances for provision care,2026-06-16 16:19:19.237,636.19,Redacted,redacted_supplier
Over500_2026_P03_-_published.xlsx:2611,Over500_2026_P03_-_published.xlsx,2611,2026-06-16,REDACTED,general_procurement,Children's Social Care,Transfer Payment,Allowances for provision care,2026-06-16 16:19:19.237,916.18,Redacted,redacted_supplier
Over500_2026_P03_-_published.xlsx:2612,Over500_2026_P03_-_published.xlsx,2612,2026-06-16,REDACTED,general_procurement,Children's Social Care,Transfer Payment,Allowances for provision care,2026-06-16 16:19:19.237,543.3,Redacted,redacted_supplier
Over500_2026_P03_-_published.xlsx:2613,Over500_2026_P03_-_published.xlsx,2613,2026-06-16,REDACTED,general_procurement,Children's Social Care,Transfer Payment,Allowances for provision care,2026-06-16 16:19:19.237,636.18,Redacted,redacted_supplier
Over500_2026_P03_-_published.xlsx:2614,Over500_2026_P03_-_published.xlsx,2614,2026-06-16,REDACTED,general_procurement,Children's Social Care,Transfer Payment,Allowances for provision care,2026-06-16 16:19:19.237,916.18,Redacted,redacted_supplier
Over500_2026_P03_-_published.xlsx:2615,Over500_2026_P03_-_published.xlsx,2615,2026-06-16,REDACTED,general_procurement,Children's Social Care,Transfer Payment,Allowances for provision care,2026-06-16 16:19:19.237,559.25,Redacted,redacted_supplier
Over500_2026_P03_-_published.xlsx:2616,Over500_2026_P03_-_published.xlsx,2616,2026-06-16,REDACTED,general_procurement,Children's Social Care,Transfer Payment,Allowances for provision care,2026-06-16 16:19:19.237,559.25,Redacted,redacted_supplier
Over500_2026_P03_-_published.xlsx:2617,Over500_2026_P03_-_published.xlsx,2617,2026-06-16,REDACTED,general_procurement,Children's Social Care,Transfer Payment,Allowances for provision care,2026-06-16 16:19:19.237,587.09,Redacted,redacted_supplier
Over500_2026_P03_-_published.xlsx:2618,Over500_2026_P03_-_published.xlsx,2618,2026-06-30,REDACTED,general_procurement,Children's Social Care,Transfer Payment,Allowances for provision care,2026-06-30 09:57:44.583,554.86,Redacted,redacted_supplier
Over500_2026_P03_-_published.xlsx:2619,Over500_2026_P03_-_published.xlsx,2619,2026-06-02,REDACTED,general_procurement,Children's Social Care,Transfer Payment,Allowances for provision care,2026-06-02 11:56:44.373,532.08,Redacted,redacted_supplier
Over500_2026_P03_-_published.xlsx:2620,Over500_2026_P03_-_published.xlsx,2620,2026-06-30,REDACTED,general_procurement,Children's Social Care,Transfer Payment,Allowances for provision care,2026-06-30 09:57:44.583,636.18,Redacted,redacted_supplier
Over500_2026_P03_-_published.xlsx:2621,Over500_2026_P03_-_published.xlsx,2621,2026-06-02,REDACTED,general_procurement,Children's Social Care,Transfer Payment,Allowances for provision care,2026-06-02 11:56:44.373,898.81,Redacted,redacted_supplier
Over500_2026_P03_-_published.xlsx:2622,Over500_2026_P03_-_published.xlsx,2622,2026-06-02,REDACTED,general_procurement,Children's Social Care,Transfer Payment,Allowances for provision care,2026-06-02 11:56:44.373,559.27,Redacted,redacted_supplier
Over500_2026_P03_-_published.xlsx:2623,Over500_2026_P03_-_published.xlsx,2623,2026-06-16,REDACTED,general_procurement,Children's Social Care,Transfer Payment,Allowances for provision care,2026-06-16 16:19:19.237,559.27,Redacted,redacted_supplier
Over500_2026_P03_-_published.xlsx:2624,Over500_2026_P03_-_published.xlsx,2624,2026-06-30,REDACTED,general_procurement,Children's Social Care,Transfer Payment,Allowances for provision care,2026-06-30 09:57:44.583,559.25,Redacted,redacted_supplier
Over500_2026_P03_-_published.xlsx:2625,Over500_2026_P03_-_published.xlsx,2625,2026-06-30,REDACTED,general_procurement,Children's Social Care,Transfer Payment,Allowances for provision care,2026-06-30 09:57:44.583,975.1,Redacted,redacted_supplier
Over500_2026_P03_-_published.xlsx:2629,Over500_2026_P03_-_published.xlsx,2629,2026-06-16,REDACTED,general_procurement,Children's Social Care,Transfer Payment,Allowances for provision care,2026-06-16 16:19:19.237,594.26,Redacted,redacted_supplier
Over500_2026_P03_-_published.xlsx:2630,Over500_2026_P03_-_published.xlsx,2630,2026-06-16,REDACTED,general_procurement,Children's Social Care,Transfer Payment,Allowances for provision care,2026-06-16 16:19:19.237,682.52,Redacted,redacted_supplier
Over500_2026_P03_-_published.xlsx:2631,Over500_2026_P03_-_published.xlsx,2631,2026-06-25,REDACTED,general_procurement,Children's Social Care,Transfer Payment,Allowances for provision care,2026-06-25 15:41:58.317,1512.0,Redacted,redacted_supplier
Over500_2026_P03_-_published.xlsx:2632,Over500_2026_P03_-_published.xlsx,2632,2026-06-30,REDACTED,general_procurement,Children's Social Care,Transfer Payment,Allowances for provision care,2026-06-30 09:57:44.583,594.26,Redacted,redacted_supplier
Over500_2026_P03_-_published.xlsx:2634,Over500_2026_P03_-_published.xlsx,2634,2026-06-10,REDACTED,general_procurement,Children's Social Care,Transfer Payment,Allowances for provision care,2026-06-10 17:55:01.530,608.36,Redacted,redacted_supplier
Over500_2026_P03_-_published.xlsx:2635,Over500_2026_P03_-_published.xlsx,2635,2026-06-25,REDACTED,general_procurement,Children's Social Care,Transfer Payment,Allowances for provision care,2026-06-25 15:41:58.317,1150.0,Redacted,redacted_supplier
Over500_2026_P03_-_published.xlsx:2636,Over500_2026_P03_-_published.xlsx,2636,2026-06-02,REDACTED,general_procurement,Children's Social Care,Transfer Payment,Allowances for provision care,2026-06-02 11:56:44.373,653.24,Redacted,redacted_supplier
Over500_2026_P03_-_published.xlsx:2637,Over500_2026_P03_-_published.xlsx,2637,2026-06-02,REDACTED,general_procurement,Children's Social Care,Transfer Payment,Allowances for provision care,2026-06-02 11:56:44.373,533.0,Redacted,redacted_supplier
Over500_2026_P03_-_published.xlsx:2638,Over500_2026_P03_-_published.xlsx,2638,2026-06-02,REDACTED,general_procurement,Children's Social Care,Transfer Payment,Allowances for provision care,2026-06-02 11:56:44.373,682.52,Redacted,redacted_supplier
Over500_2026_P03_-_published.xlsx:2639,Over500_2026_P03_-_published.xlsx,2639,2026-06-10,REDACTED,general_procurement,Children's Social Care,Transfer Payment,Allowances for provision care,2026-06-10 17:55:01.530,1208.49,Redacted,redacted_supplier
Over500_2026_P03_-_published.xlsx:2640,Over500_2026_P03_-_published.xlsx,2640,2026-06-30,REDACTED,general_procurement,Children's Social Care,Transfer Payment,Allowances for provision care,2026-06-30 09:57:44.583,682.52,Redacted,redacted_supplier
Over500_2026_P03_-_published.xlsx:2641,Over500_2026_P03_-_published.xlsx,2641,2026-06-02,REDACTED,general_procurement,Children's Social Care,Transfer Payment,Allowances for provision care,2026-06-02 11:56:44.373,916.18,Redacted,redacted_supplier
Over500_2026_P03_-_published.xlsx:2642,Over500_2026_P03_-_published.xlsx,2642,2026-06-30,REDACTED,general_procurement,Children's Social Care,Transfer Payment,Allowances for provision care,2026-06-30 09:57:44.583,954.38,Redacted,redacted_supplier
Over500_2026_P03_-_published.xlsx:2643,Over500_2026_P03_-_published.xlsx,2643,2026-06-30,REDACTED,general_procurement,Children's Social Care,Transfer Payment,Allowances for provision care,2026-06-30 10:12:18.867,1438.27,Redacted,redacted_supplier
Over500_2026_P03_-_published.xlsx:2645,Over500_2026_P03_-_published.xlsx,2645,2026-06-30,REDACTED,general_procurement,Children's Social Care,Transfer Payment,Allowances for provision care,2026-06-30 09:57:44.583,636.19,Redacted,redacted_supplier
Over500_2026_P03_-_published.xlsx:2646,Over500_2026_P03_-_published.xlsx,2646,2026-06-30,REDACTED,general_procurement,Children's Social Care,Transfer Payment,Allowances for provision care,2026-06-30 09:57:44.583,1192.33,Redacted,redacted_supplier
Over500_2026_P03_-_published.xlsx:2647,Over500_2026_P03_-_published.xlsx,2647,2026-06-30,REDACTED,general_procurement,Children's Social Care,Transfer Payment,Allowances for provision care,2026-06-30 09:57:44.583,543.3,Redacted,redacted_supplier
Over500_2026_P03_-_published.xlsx:2648,Over500_2026_P03_-_published.xlsx,2648,2026-06-30,REDACTED,general_procurement,Children's Social Care,Transfer Payment,Allowances for provision care,2026-06-30 09:57:44.583,636.18,Redacted,redacted_supplier
Over500_2026_P03_-_published.xlsx:2649,Over500_2026_P03_-_published.xlsx,2649,2026-06-30,REDACTED,general_procurement,Children's Social Care,Transfer Payment,Allowances for provision care,2026-06-30 09:57:44.583,636.18,Redacted,redacted_supplier
Over500_2026_P03_-_published.xlsx:2650,Over500_2026_P03_-_published.xlsx,2650,2026-06-30,REDACTED,general_procurement,Children's Social Care,Transfer Payment,Allowances for provision care,2026-06-30 09:57:44.583,559.25,Redacted,redacted_supplier
Over500_2026_P03_-_published.xlsx:2651,Over500_2026_P03_-_published.xlsx,2651,2026-06-30,REDACTED,general_procurement,Children's Social Care,Transfer Payment,Allowances for provision care,2026-06-30 09:57:44.583,636.18,Redacted,redacted_supplier
Over500_2026_P03_-_published.xlsx:2652,Over500_2026_P03_-_published.xlsx,2652,2026-06-30,REDACTED,general_procurement,Children's Social Care,Transfer Payment,Allowances for provision care,2026-06-30 09:57:44.583,559.25,Redacted,redacted_supplier
Over500_2026_P03_-_published.xlsx:2653,Over500_2026_P03_-_published.xlsx,2653,2026-06-30,REDACTED,general_procurement,Children's Social Care,Transfer Payment,Allowances for provision care,2026-06-30 09:57:44.583,595.22,Redacted,redacted_supplier
Over500_2026_P03_-_published.xlsx:2654,Over500_2026_P03_-_published.xlsx,2654,2026-06-16,REDACTED,general_procurement,Children's Social Care,Transfer Payment,Allowances for provision care,2026-06-16 16:19:19.237,532.08,Redacted,redacted_supplier
Over500_2026_P03_-_published.xlsx:2655,Over500_2026_P03_-_published.xlsx,2655,2026-06-16,REDACTED,general_procurement,Children's Social Care,Transfer Payment,Allowances for provision care,2026-06-16 16:19:19.237,636.18,Redacted,redacted_supplier
Over500_2026_P03_-_published.xlsx:2656,Over500_2026_P03_-_published.xlsx,2656,2026-06-16,REDACTED,general_procurement,Children's Social Care,Transfer Payment,Allowances for provision care,2026-06-16 16:19:19.237,1266.63,Redacted,redacted_supplier
Over500_2026_P03_-_published.xlsx:2657,Over500_2026_P03_-_published.xlsx,2657,2026-06-16,REDACTED,general_procurement,Children's Social Care,Transfer Payment,Allowances for provision care,2026-06-16 16:19:19.237,559.27,Redacted,redacted_supplier
Over500_2026_P03_-_published.xlsx:2658,Over500_2026_P03_-_published.xlsx,2658,2026-06-16,REDACTED,general_procurement,Children's Social Care,Transfer Payment,Allowances for provision care,2026-06-16 16:19:19.237,559.25,Redacted,redacted_supplier
Over500_2026_P03_-_published.xlsx:2659,Over500_2026_P03_-_published.xlsx,2659,2026-06-16,REDACTED,general_procurement,Children's Social Care,Transfer Payment,Allowances for provision care,2026-06-16 16:19:19.237,975.1,Redacted,redacted_supplier
Over500_2026_P03_-_published.xlsx:2663,Over500_2026_P03_-_published.xlsx,2663,2026-06-03,READING BOROUGH COUNCIL,general_procurement,Adult Social Care,Third Party Payments,Payments to Other Local Authorities (excl Joint Arrangements),2026-06-03 09:57:27.700,506.1,READING BOROUGH COUNCIL,inter_authority
Over500_2026_P03_-_published.xlsx:2664,Over500_2026_P03_-_published.xlsx,2664,2026-06-17,SOUTHAMPTON CITY COUNCIL,general_procurement,Children's Social Care,Third Party Payments,Payments to Other Local Authorities (excl Joint Arrangements),2026-06-17 09:36:48.543,1596.35,SOUTHAMPTON CITY COUNCIL,inter_authority
Over500_2026_P03_-_published.xlsx:2665,Over500_2026_P03_-_published.xlsx,2665,2026-06-22,KENT COUNTY COUNCIL,general_procurement,Executive Director People - Children's Services,Third Party Payments,Payments to Other Local Authorities (excl Joint Arrangements),2026-06-22 11:02:35.843,6250.0,KENT COUNTY COUNCIL,inter_authority
Over500_2026_P03_-_published.xlsx:2666,Over500_2026_P03_-_published.xlsx,2666,2026-06-11,BERKSHIRE HEALTHCARE NHS FOUNDATION TRUST,general_procurement,Children's Social Care,Third Party Payments,Payments to NHS (excl Joint Arrangement),2026-06-11 09:45:51.847,65499.99,BERKSHIRE HEALTHCARE NHS FOUNDATION TRUST,inter_authority
Over500_2026_P03_-_published.xlsx:2763,Over500_2026_P03_-_published.xlsx,2763,2026-06-02,REDACTED,general_procurement,Children's Social Care,Transfer Payment,Allowances for provision care,2026-06-02 11:56:44.373,594.26,Redacted,redacted_supplier
Over500_2026_P03_-_published.xlsx:2764,Over500_2026_P03_-_published.xlsx,2764,2026-06-16,REDACTED,general_procurement,Children's Social Care,Transfer Payment,Allowances for provision care,2026-06-16 16:19:19.237,533.0,Redacted,redacted_supplier
Over500_2026_P03_-_published.xlsx:2765,Over500_2026_P03_-_published.xlsx,2765,2026-06-30,REDACTED,general_procurement,Children's Social Care,Transfer Payment,Allowances for provision care,2026-06-30 09:57:44.583,653.24,Redacted,redacted_supplier
Over500_2026_P03_-_published.xlsx:2766,Over500_2026_P03_-_published.xlsx,2766,2026-06-30,REDACTED,general_procurement,Children's Social Care,Transfer Payment,Allowances for provision care,2026-06-30 09:57:44.583,533.0,Redacted,redacted_supplier
Over500_2026_P03_-_published.xlsx:2767,Over500_2026_P03_-_published.xlsx,2767,2026-06-16,REDACTED,general_procurement,Children's Social Care,Transfer Payment,Allowances for provision care,2026-06-16 16:19:19.237,916.18,Redacted,redacted_supplier
Over500_2026_P03_-_published.xlsx:2768,Over500_2026_P03_-_published.xlsx,2768,2026-06-30,REDACTED,general_procurement,Children's Social Care,Transfer Payment,Allowances for provision care,2026-06-30 09:57:44.583,916.18,Redacted,redacted_supplier
Over500_2026_P03_-_published.xlsx:2971,Over500_2026_P03_-_published.xlsx,2971,2026-06-08,REDACTED,care_or_education_placement,Adult Social Care,Third Party Payments,Private Contractors,2026-06-08 10:54:50.520,900.0,Redacted,redacted_supplier
Over500_2026_P03_-_published.xlsx:2972,Over500_2026_P03_-_published.xlsx,2972,2026-06-11,REDACTED,care_or_education_placement,Adult Social Care,Third Party Payments,Private Contractors,2026-06-11 16:34:51.093,789.9,Redacted,redacted_supplier
Over500_2026_P03_-_published.xlsx:3122,Over500_2026_P03_-_published.xlsx,3122,2026-06-02,REDACTED,general_procurement,Children's Social Care,Transfer Payment,Allowances for provision care,2026-06-02 11:56:44.373,636.18,Redacted,redacted_supplier
Over500_2026_P03_-_published.xlsx:3123,Over500_2026_P03_-_published.xlsx,3123,2026-06-02,REDACTED,general_procurement,Children's Social Care,Transfer Payment,Allowances for provision care,2026-06-02 11:56:44.373,636.18,Redacted,redacted_supplier
Over500_2026_P03_-_published.xlsx:3124,Over500_2026_P03_-_published.xlsx,3124,2026-06-02,REDACTED,general_procurement,Children's Social Care,Transfer Payment,Allowances for provision care,2026-06-02 11:56:44.373,559.26,Redacted,redacted_supplier
Over500_2026_P03_-_published.xlsx:3125,Over500_2026_P03_-_published.xlsx,3125,2026-06-02,REDACTED,general_procurement,Children's Social Care,Transfer Payment,Allowances for provision care,2026-06-02 11:56:44.373,975.16,Redacted,redacted_supplier
Over500_2026_P03_-_published.xlsx:3126,Over500_2026_P03_-_published.xlsx,3126,2026-06-02,REDACTED,general_procurement,Children's Social Care,Transfer Payment,Allowances for provision care,2026-06-02 11:56:44.373,696.54,Redacted,redacted_supplier
Over500_2026_P03_-_published.xlsx:3127,Over500_2026_P03_-_published.xlsx,3127,2026-06-02,REDACTED,general_procurement,Children's Social Care,Transfer Payment,Allowances for provision care,2026-06-02 11:56:44.373,916.18,Redacted,redacted_supplier
Over500_2026_P03_-_published.xlsx:3128,Over500_2026_P03_-_published.xlsx,3128,2026-06-02,REDACTED,general_procurement,Children's Social Care,Transfer Payment,Allowances for provision care,2026-06-02 11:56:44.373,975.16,Redacted,redacted_supplier
Over500_2026_P03_-_published.xlsx:3129,Over500_2026_P03_-_published.xlsx,3129,2026-06-02,REDACTED,general_procurement,Children's Social Care,Transfer Payment,Allowances for provision care,2026-06-02 11:56:44.373,559.26,Redacted,redacted_supplier
Over500_2026_P03_-_published.xlsx:3130,Over500_2026_P03_-_published.xlsx,3130,2026-06-02,REDACTED,general_procurement,Children's Social Care,Transfer Payment,Allowances for provision care,2026-06-02 11:56:44.373,559.26,Redacted,redacted_supplier
Over500_2026_P03_-_published.xlsx:3131,Over500_2026_P03_-_published.xlsx,3131,2026-06-02,REDACTED,general_procurement,Children's Social Care,Transfer Payment,Allowances for provision care,2026-06-02 11:56:44.373,559.26,Redacted,redacted_supplier
Over500_2026_P03_-_published.xlsx:3132,Over500_2026_P03_-_published.xlsx,3132,2026-06-02,REDACTED,general_procurement,Children's Social Care,Transfer Payment,Allowances for provision care,2026-06-02 11:56:44.373,559.26,Redacted,redacted_supplier
Over500_2026_P03_-_published.xlsx:3133,Over500_2026_P03_-_published.xlsx,3133,2026-06-02,REDACTED,general_procurement,Children's Social Care,Transfer Payment,Allowances for provision care,2026-06-02 11:56:44.373,559.26,Redacted,redacted_supplier
Over500_2026_P03_-_published.xlsx:3134,Over500_2026_P03_-_published.xlsx,3134,2026-06-02,REDACTED,general_procurement,Children's Social Care,Transfer Payment,Allowances for provision care,2026-06-02 11:56:44.373,954.38,Redacted,redacted_supplier
Over500_2026_P03_-_published.xlsx:3135,Over500_2026_P03_-_published.xlsx,3135,2026-06-02,REDACTED,general_procurement,Children's Social Care,Transfer Payment,Allowances for provision care,2026-06-02 11:56:44.373,559.26,Redacted,redacted_supplier
Over500_2026_P03_-_published.xlsx:3136,Over500_2026_P03_-_published.xlsx,3136,2026-06-02,REDACTED,general_procurement,Children's Social Care,Transfer Payment,Allowances for provision care,2026-06-02 11:56:44.373,559.26,Redacted,redacted_supplier
Over500_2026_P03_-_published.xlsx:3137,Over500_2026_P03_-_published.xlsx,3137,2026-06-16,REDACTED,general_procurement,Children's Social Care,Transfer Payment,Allowances for provision care,2026-06-16 16:19:19.237,636.18,Redacted,redacted_supplier
Over500_2026_P03_-_published.xlsx:3138,Over500_2026_P03_-_published.xlsx,3138,2026-06-16,REDACTED,general_procurement,Children's Social Care,Transfer Payment,Allowances for provision care,2026-06-16 16:19:19.237,559.26,Redacted,redacted_supplier
Over500_2026_P03_-_published.xlsx:3139,Over500_2026_P03_-_published.xlsx,3139,2026-06-16,REDACTED,general_procurement,Children's Social Care,Transfer Payment,Allowances for provision care,2026-06-16 16:19:19.237,785.3,Redacted,redacted_supplier
Over500_2026_P03_-_published.xlsx:3140,Over500_2026_P03_-_published.xlsx,3140,2026-06-16,REDACTED,general_procurement,Children's Social Care,Transfer Payment,Allowances for provision care,2026-06-16 16:19:19.237,1209.7,Redacted,redacted_supplier
Over500_2026_P03_-_published.xlsx:3141,Over500_2026_P03_-_published.xlsx,3141,2026-06-16,REDACTED,general_procurement,Children's Social Care,Transfer Payment,Allowances for provision care,2026-06-16 16:19:19.237,916.18,Redacted,redacted_supplier
Over500_2026_P03_-_published.xlsx:3142,Over500_2026_P03_-_published.xlsx,3142,2026-06-16,REDACTED,general_procurement,Children's Social Care,Transfer Payment,Allowances for provision care,2026-06-16 16:19:19.237,1209.7,Redacted,redacted_supplier
Over500_2026_P03_-_published.xlsx:3143,Over500_2026_P03_-_published.xlsx,3143,2026-06-16,REDACTED,general_procurement,Children's Social Care,Transfer Payment,Allowances for provision care,2026-06-16 16:19:19.237,954.38,Redacted,redacted_supplier
Over500_2026_P03_-_published.xlsx:3144,Over500_2026_P03_-_published.xlsx,3144,2026-06-16,REDACTED,general_procurement,Children's Social Care,Transfer Payment,Allowances for provision care,2026-06-16 16:19:19.237,559.26,Redacted,redacted_supplier
Over500_2026_P03_-_published.xlsx:3145,Over500_2026_P03_-_published.xlsx,3145,2026-06-16,REDACTED,general_procurement,Children's Social Care,Transfer Payment,Allowances for provision care,2026-06-16 16:19:19.237,1000.0,Redacted,redacted_supplier
Over500_2026_P03_-_published.xlsx:3146,Over500_2026_P03_-_published.xlsx,3146,2026-06-16,REDACTED,general_procurement,Children's Social Care,Transfer Payment,Allowances for provision care,2026-06-16 16:19:19.237,916.18,Redacted,redacted_supplier
Over500_2026_P03_-_published.xlsx:3147,Over500_2026_P03_-_published.xlsx,3147,2026-06-16,REDACTED,general_procurement,Children's Social Care,Transfer Payment,Allowances for provision care,2026-06-16 16:19:19.237,1209.7,Redacted,redacted_supplier
Over500_2026_P03_-_published.xlsx:3148,Over500_2026_P03_-_published.xlsx,3148,2026-06-16,REDACTED,general_procurement,Children's Social Care,Transfer Payment,Allowances for provision care,2026-06-16 16:19:19.237,975.16,Redacted,redacted_supplier
Over500_2026_P03_-_published.xlsx:3149,Over500_2026_P03_-_published.xlsx,3149,2026-06-16,REDACTED,general_procurement,Children's Social Care,Transfer Payment,Allowances for provision care,2026-06-16 16:19:19.237,975.16,Redacted,redacted_supplier
Over500_2026_P03_-_published.xlsx:3150,Over500_2026_P03_-_published.xlsx,3150,2026-06-16,REDACTED,general_procurement,Children's Social Care,Transfer Payment,Allowances for provision care,2026-06-16 16:19:19.237,975.16,Redacted,redacted_supplier
Over500_2026_P03_-_published.xlsx:3151,Over500_2026_P03_-_published.xlsx,3151,2026-06-16,REDACTED,general_procurement,Children's Social Care,Transfer Payment,Allowances for provision care,2026-06-16 16:19:19.237,916.18,Redacted,redacted_supplier
Over500_2026_P03_-_published.xlsx:3152,Over500_2026_P03_-_published.xlsx,3152,2026-06-16,REDACTED,general_procurement,Children's Social Care,Transfer Payment,Allowances for provision care,2026-06-16 16:19:19.237,636.18,Redacted,redacted_supplier
Over500_2026_P03_-_published.xlsx:3153,Over500_2026_P03_-_published.xlsx,3153,2026-06-16,REDACTED,general_procurement,Children's Social Care,Transfer Payment,Allowances for provision care,2026-06-16 16:19:19.237,1467.52,Redacted,redacted_supplier
Over500_2026_P03_-_published.xlsx:3154,Over500_2026_P03_-_published.xlsx,3154,2026-06-16,REDACTED,general_procurement,Children's Social Care,Transfer Payment,Allowances for provision care,2026-06-16 16:19:19.237,916.18,Redacted,redacted_supplier
Over500_2026_P03_-_published.xlsx:3155,Over500_2026_P03_-_published.xlsx,3155,2026-06-16,REDACTED,general_procurement,Children's Social Care,Transfer Payment,Allowances for provision care,2026-06-16 16:19:19.237,559.26,Redacted,redacted_supplier
Over500_2026_P03_-_published.xlsx:3156,Over500_2026_P03_-_published.xlsx,3156,2026-06-16,REDACTED,general_procurement,Children's Social Care,Transfer Payment,Allowances for provision care,2026-06-16 16:19:19.237,559.26,Redacted,redacted_supplier
Over500_2026_P03_-_published.xlsx:3157,Over500_2026_P03_-_published.xlsx,3157,2026-06-16,REDACTED,general_procurement,Children's Social Care,Transfer Payment,Allowances for provision care,2026-06-16 16:19:19.237,559.26,Redacted,redacted_supplier
Over500_2026_P03_-_published.xlsx:3158,Over500_2026_P03_-_published.xlsx,3158,2026-06-16,REDACTED,general_procurement,Children's Social Care,Transfer Payment,Allowances for provision care,2026-06-16 16:19:19.237,523.53,Redacted,redacted_supplier
Over500_2026_P03_-_published.xlsx:3159,Over500_2026_P03_-_published.xlsx,3159,2026-06-16,REDACTED,general_procurement,Children's Social Care,Transfer Payment,Allowances for provision care,2026-06-16 16:19:19.237,954.38,Redacted,redacted_supplier
Over500_2026_P03_-_published.xlsx:3160,Over500_2026_P03_-_published.xlsx,3160,2026-06-30,REDACTED,general_procurement,Children's Social Care,Transfer Payment,Allowances for provision care,2026-06-30 09:57:44.583,975.16,Redacted,redacted_supplier
Over500_2026_P03_-_published.xlsx:3161,Over500_2026_P03_-_published.xlsx,3161,2026-06-30,REDACTED,general_procurement,Children's Social Care,Transfer Payment,Allowances for provision care,2026-06-30 09:57:44.583,636.18,Redacted,redacted_supplier
Over500_2026_P03_-_published.xlsx:3162,Over500_2026_P03_-_published.xlsx,3162,2026-06-30,REDACTED,general_procurement,Children's Social Care,Transfer Payment,Allowances for provision care,2026-06-30 09:57:44.583,838.89,Redacted,redacted_supplier
Over500_2026_P03_-_published.xlsx:3163,Over500_2026_P03_-_published.xlsx,3163,2026-06-30,REDACTED,general_procurement,Children's Social Care,Transfer Payment,Allowances for provision care,2026-06-30 09:57:44.583,1209.7,Redacted,redacted_supplier
Over500_2026_P03_-_published.xlsx:3164,Over500_2026_P03_-_published.xlsx,3164,2026-06-30,REDACTED,general_procurement,Children's Social Care,Transfer Payment,Allowances for provision care,2026-06-30 09:57:44.583,636.18,Redacted,redacted_supplier
Over500_2026_P03_-_published.xlsx:3165,Over500_2026_P03_-_published.xlsx,3165,2026-06-30,REDACTED,general_procurement,Children's Social Care,Transfer Payment,Allowances for provision care,2026-06-30 09:57:44.583,1000.0,Redacted,redacted_supplier
Over500_2026_P03_-_published.xlsx:3166,Over500_2026_P03_-_published.xlsx,3166,2026-06-30,REDACTED,general_procurement,Children's Social Care,Transfer Payment,Allowances for provision care,2026-06-30 09:57:44.583,1000.0,Redacted,redacted_supplier
Over500_2026_P03_-_published.xlsx:3167,Over500_2026_P03_-_published.xlsx,3167,2026-06-30,REDACTED,general_procurement,Children's Social Care,Transfer Payment,Allowances for provision care,2026-06-30 09:57:44.583,559.26,Redacted,redacted_supplier
Over500_2026_P03_-_published.xlsx:3168,Over500_2026_P03_-_published.xlsx,3168,2026-06-30,REDACTED,general_procurement,Children's Social Care,Transfer Payment,Allowances for provision care,2026-06-30 09:57:44.583,916.18,Redacted,redacted_supplier
Over500_2026_P03_-_published.xlsx:3169,Over500_2026_P03_-_published.xlsx,3169,2026-06-30,REDACTED,general_procurement,Children's Social Care,Transfer Payment,Allowances for provision care,2026-06-30 09:57:44.583,1209.7,Redacted,redacted_supplier
Over500_2026_P03_-_published.xlsx:3170,Over500_2026_P03_-_published.xlsx,3170,2026-06-30,REDACTED,general_procurement,Children's Social Care,Transfer Payment,Allowances for provision care,2026-06-30 09:57:44.583,975.16,Redacted,redacted_supplier
Over500_2026_P03_-_published.xlsx:3171,Over500_2026_P03_-_published.xlsx,3171,2026-06-30,REDACTED,general_procurement,Children's Social Care,Transfer Payment,Allowances for provision care,2026-06-30 09:57:44.583,975.16,Redacted,redacted_supplier
Over500_2026_P03_-_published.xlsx:3172,Over500_2026_P03_-_published.xlsx,3172,2026-06-30,REDACTED,general_procurement,Children's Social Care,Transfer Payment,Allowances for provision care,2026-06-30 09:57:44.583,1467.52,Redacted,redacted_supplier
Over500_2026_P03_-_published.xlsx:3173,Over500_2026_P03_-_published.xlsx,3173,2026-06-30,REDACTED,general_procurement,Children's Social Care,Transfer Payment,Allowances for provision care,2026-06-30 09:57:44.583,636.18,Redacted,redacted_supplier
Over500_2026_P03_-_published.xlsx:3174,Over500_2026_P03_-_published.xlsx,3174,2026-06-30,REDACTED,general_procurement,Children's Social Care,Transfer Payment,Allowances for provision care,2026-06-30 09:57:44.583,1467.52,Redacted,redacted_supplier
Over500_2026_P03_-_published.xlsx:3175,Over500_2026_P03_-_published.xlsx,3175,2026-06-30,REDACTED,general_procurement,Children's Social Care,Transfer Payment,Allowances for provision care,2026-06-30 09:57:44.583,559.26,Redacted,redacted_supplier
Over500_2026_P03_-_published.xlsx:3176,Over500_2026_P03_-_published.xlsx,3176,2026-06-30,REDACTED,general_procurement,Children's Social Care,Transfer Payment,Allowances for provision care,2026-06-30 09:57:44.583,559.26,Redacted,redacted_supplier
Over500_2026_P03_-_published.xlsx:3177,Over500_2026_P03_-_published.xlsx,3177,2026-06-02,REDACTED,general_procurement,Children's Social Care,Transfer Payment,Allowances for provision care,2026-06-02 11:56:44.373,916.18,Redacted,redacted_supplier
Over500_2026_P03_-_published.xlsx:3178,Over500_2026_P03_-_published.xlsx,3178,2026-06-02,REDACTED,general_procurement,Children's Social Care,Transfer Payment,Allowances for provision care,2026-06-02 11:56:44.373,636.18,Redacted,redacted_supplier
Over500_2026_P03_-_published.xlsx:3179,Over500_2026_P03_-_published.xlsx,3179,2026-06-02,REDACTED,general_procurement,Children's Social Care,Transfer Payment,Allowances for provision care,2026-06-02 11:56:44.373,636.18,Redacted,redacted_supplier
Over500_2026_P03_-_published.xlsx:3180,Over500_2026_P03_-_published.xlsx,3180,2026-06-02,REDACTED,general_procurement,Children's Social Care,Transfer Payment,Allowances for provision care,2026-06-02 11:56:44.373,1209.7,Redacted,redacted_supplier
Over500_2026_P03_-_published.xlsx:3181,Over500_2026_P03_-_published.xlsx,3181,2026-06-02,REDACTED,general_procurement,Children's Social Care,Transfer Payment,Allowances for provision care,2026-06-02 11:56:44.373,559.26,Redacted,redacted_supplier
Over500_2026_P03_-_published.xlsx:3182,Over500_2026_P03_-_published.xlsx,3182,2026-06-02,REDACTED,general_procurement,Children's Social Care,Transfer Payment,Allowances for provision care,2026-06-02 11:56:44.373,559.26,Redacted,redacted_supplier
Over500_2026_P03_-_published.xlsx:3183,Over500_2026_P03_-_published.xlsx,3183,2026-06-02,REDACTED,general_procurement,Children's Social Care,Transfer Payment,Allowances for provision care,2026-06-02 11:56:44.373,636.18,Redacted,redacted_supplier
Over500_2026_P03_-_published.xlsx:3184,Over500_2026_P03_-_published.xlsx,3184,2026-06-02,REDACTED,general_procurement,Children's Social Care,Transfer Payment,Allowances for provision care,2026-06-02 11:56:44.373,1226.92,Redacted,redacted_supplier
Over500_2026_P03_-_published.xlsx:3185,Over500_2026_P03_-_published.xlsx,3185,2026-06-16,REDACTED,general_procurement,Children's Social Care,Transfer Payment,Allowances for provision care,2026-06-16 16:19:19.237,954.38,Redacted,redacted_supplier
Over500_2026_P03_-_published.xlsx:3186,Over500_2026_P03_-_published.xlsx,3186,2026-06-16,REDACTED,general_procurement,Children's Social Care,Transfer Payment,Allowances for provision care,2026-06-16 16:19:19.237,636.18,Redacted,redacted_supplier
Over500_2026_P03_-_published.xlsx:3187,Over500_2026_P03_-_published.xlsx,3187,2026-06-16,REDACTED,general_procurement,Children's Social Care,Transfer Payment,Allowances for provision care,2026-06-16 16:19:19.237,636.18,Redacted,redacted_supplier
Over500_2026_P03_-_published.xlsx:3188,Over500_2026_P03_-_published.xlsx,3188,2026-06-16,REDACTED,general_procurement,Children's Social Care,Transfer Payment,Allowances for provision care,2026-06-16 16:19:19.237,636.18,Redacted,redacted_supplier
Over500_2026_P03_-_published.xlsx:3189,Over500_2026_P03_-_published.xlsx,3189,2026-06-16,REDACTED,general_procurement,Children's Social Care,Transfer Payment,Allowances for provision care,2026-06-16 16:19:19.237,559.26,Redacted,redacted_supplier
Over500_2026_P03_-_published.xlsx:3190,Over500_2026_P03_-_published.xlsx,3190,2026-06-16,REDACTED,general_procurement,Children's Social Care,Transfer Payment,Allowances for provision care,2026-06-16 16:19:19.237,636.18,Redacted,redacted_supplier
Over500_2026_P03_-_published.xlsx:3191,Over500_2026_P03_-_published.xlsx,3191,2026-06-16,REDACTED,general_procurement,Children's Social Care,Transfer Payment,Allowances for provision care,2026-06-16 16:19:19.237,559.26,Redacted,redacted_supplier
Over500_2026_P03_-_published.xlsx:3192,Over500_2026_P03_-_published.xlsx,3192,2026-06-30,REDACTED,general_procurement,Children's Social Care,Transfer Payment,Allowances for provision care,2026-06-30 09:57:44.583,636.18,Redacted,redacted_supplier
Over500_2026_P03_-_published.xlsx:3193,Over500_2026_P03_-_published.xlsx,3193,2026-06-30,REDACTED,general_procurement,Children's Social Care,Transfer Payment,Allowances for provision care,2026-06-30 09:57:44.583,1467.52,Redacted,redacted_supplier
Over500_2026_P03_-_published.xlsx:3194,Over500_2026_P03_-_published.xlsx,3194,2026-06-30,REDACTED,general_procurement,Children's Social Care,Transfer Payment,Allowances for provision care,2026-06-30 09:57:44.583,636.18,Redacted,redacted_supplier
Over500_2026_P03_-_published.xlsx:3195,Over500_2026_P03_-_published.xlsx,3195,2026-06-30,REDACTED,general_procurement,Children's Social Care,Transfer Payment,Allowances for provision care,2026-06-30 09:57:44.583,636.18,Redacted,redacted_supplier
Over500_2026_P03_-_published.xlsx:3196,Over500_2026_P03_-_published.xlsx,3196,2026-06-30,REDACTED,general_procurement,Children's Social Care,Transfer Payment,Allowances for provision care,2026-06-30 09:57:44.583,954.38,Redacted,redacted_supplier
Over500_2026_P03_-_published.xlsx:3197,Over500_2026_P03_-_published.xlsx,3197,2026-06-30,REDACTED,general_procurement,Children's Social Care,Transfer Payment,Allowances for provision care,2026-06-30 09:57:44.583,636.18,Redacted,redacted_supplier
Over500_2026_P03_-_published.xlsx:3198,Over500_2026_P03_-_published.xlsx,3198,2026-06-30,REDACTED,general_procurement,Children's Social Care,Transfer Payment,Allowances for provision care,2026-06-30 09:57:44.583,954.38,Redacted,redacted_supplier
Over500_2026_P03_-_published.xlsx:3199,Over500_2026_P03_-_published.xlsx,3199,2026-06-30,REDACTED,general_procurement,Children's Social Care,Transfer Payment,Allowances for provision care,2026-06-30 09:57:44.583,636.18,Redacted,redacted_supplier
Over500_2026_P03_-_published.xlsx:3200,Over500_2026_P03_-_published.xlsx,3200,2026-06-30,REDACTED,general_procurement,Children's Social Care,Transfer Payment,Allowances for provision care,2026-06-30 09:57:44.583,636.18,Redacted,redacted_supplier
Over500_2026_P03_-_published.xlsx:3201,Over500_2026_P03_-_published.xlsx,3201,2026-06-30,REDACTED,general_procurement,Children's Social Care,Transfer Payment,Allowances for provision care,2026-06-30 09:57:44.583,636.18,Redacted,redacted_supplier
Over500_2026_P03_-_published.xlsx:3202,Over500_2026_P03_-_published.xlsx,3202,2026-06-30,REDACTED,general_procurement,Children's Social Care,Transfer Payment,Allowances for provision care,2026-06-30 09:57:44.583,636.18,Redacted,redacted_supplier
Over500_2026_P03_-_published.xlsx:3203,Over500_2026_P03_-_published.xlsx,3203,2026-06-30,REDACTED,general_procurement,Children's Social Care,Transfer Payment,Allowances for provision care,2026-06-30 09:57:44.583,1177.95,Redacted,redacted_supplier
Over500_2026_P03_-_published.xlsx:3204,Over500_2026_P03_-_published.xlsx,3204,2026-06-09,REDACTED,premises_non_procurement,"Finance, Property & Procurement",Transfer Payment,Rent Rebates,2026-06-09 11:20:02.337,690.4,Redacted,redacted_supplier
Over500_2026_P03_-_published.xlsx:3205,Over500_2026_P03_-_published.xlsx,3205,2026-06-02,REDACTED,general_procurement,Children's Social Care,Transfer Payment,Allowances for provision care,2026-06-02 11:56:44.373,636.19,Redacted,redacted_supplier
Over500_2026_P03_-_published.xlsx:3206,Over500_2026_P03_-_published.xlsx,3206,2026-06-02,REDACTED,general_procurement,Children's Social Care,Transfer Payment,Allowances for provision care,2026-06-02 11:56:44.373,1192.33,Redacted,redacted_supplier
Over500_2026_P03_-_published.xlsx:3207,Over500_2026_P03_-_published.xlsx,3207,2026-06-02,REDACTED,general_procurement,Children's Social Care,Transfer Payment,Allowances for provision care,2026-06-02 11:56:44.373,589.6,Redacted,redacted_supplier
Over500_2026_P03_-_published.xlsx:3208,Over500_2026_P03_-_published.xlsx,3208,2026-06-02,REDACTED,general_procurement,Children's Social Care,Transfer Payment,Allowances for provision care,2026-06-02 11:56:44.373,636.19,Redacted,redacted_supplier
Over500_2026_P03_-_published.xlsx:3209,Over500_2026_P03_-_published.xlsx,3209,2026-06-02,REDACTED,general_procurement,Children's Social Care,Transfer Payment,Allowances for provision care,2026-06-02 11:56:44.373,916.18,Redacted,redacted_supplier
Over500_2026_P03_-_published.xlsx:3210,Over500_2026_P03_-_published.xlsx,3210,2026-06-02,REDACTED,general_procurement,Children's Social Care,Transfer Payment,Allowances for provision care,2026-06-02 11:56:44.373,636.18,Redacted,redacted_supplier
Over500_2026_P03_-_published.xlsx:3211,Over500_2026_P03_-_published.xlsx,3211,2026-06-02,REDACTED,general_procurement,Children's Social Care,Transfer Payment,Allowances for provision care,2026-06-02 11:56:44.373,559.27,Redacted,redacted_supplier
Over500_2026_P03_-_published.xlsx:3212,Over500_2026_P03_-_published.xlsx,3212,2026-06-02,REDACTED,general_procurement,Children's Social Care,Transfer Payment,Allowances for provision care,2026-06-02 11:56:44.373,916.18,Redacted,redacted_supplier
Over500_2026_P03_-_published.xlsx:3213,Over500_2026_P03_-_published.xlsx,3213,2026-06-02,REDACTED,general_procurement,Children's Social Care,Transfer Payment,Allowances for provision care,2026-06-02 11:56:44.373,559.25,Redacted,redacted_supplier
Over500_2026_P03_-_published.xlsx:3214,Over500_2026_P03_-_published.xlsx,3214,2026-06-02,REDACTED,general_procurement,Children's Social Care,Transfer Payment,Allowances for provision care,2026-06-02 11:56:44.373,559.25,Redacted,redacted_supplier
Over500_2026_P03_-_published.xlsx:3215,Over500_2026_P03_-_published.xlsx,3215,2026-06-16,REDACTED,general_procurement,Children's Social Care,Transfer Payment,Allowances for provision care,2026-06-16 16:19:19.237,636.18,Redacted,redacted_supplier
Over500_2026_P03_-_published.xlsx:3216,Over500_2026_P03_-_published.xlsx,3216,2026-06-16,REDACTED,general_procurement,Children's Social Care,Transfer Payment,Allowances for provision care,2026-06-16 16:19:19.237,554.87,Redacted,redacted_supplier
Over500_2026_P03_-_published.xlsx:3217,Over500_2026_P03_-_published.xlsx,3217,2026-06-09,REDACTED,premises_non_procurement,"Finance, Property & Procurement",Transfer Payment,Rent Rebates,2026-06-09 11:20:02.337,682.95,Redacted,redacted_supplier
Over500_2026_P03_-_published.xlsx:3218,Over500_2026_P03_-_published.xlsx,3218,2026-06-12,REDACTED,premises_non_procurement,"Finance, Property & Procurement",Transfer Payment,Rent Rebates,2026-06-12 12:26:58.333,1183.54,Redacted,redacted_supplier
Over500_2026_P03_-_published.xlsx:3219,Over500_2026_P03_-_published.xlsx,3219,2026-06-12,REDACTED,premises_non_procurement,"Finance, Property & Procurement",Transfer Payment,Rent Rebates,2026-06-12 12:26:58.333,735.61,Redacted,redacted_supplier
Over500_2026_P03_-_published.xlsx:3220,Over500_2026_P03_-_published.xlsx,3220,2026-06-12,REDACTED,premises_non_procurement,"Finance, Property & Procurement",Transfer Payment,Rent Rebates,2026-06-12 12:26:58.333,500.21,Redacted,redacted_supplier
Over500_2026_P03_-_published.xlsx:3221,Over500_2026_P03_-_published.xlsx,3221,2026-06-09,REDACTED,premises_non_procurement,"Finance, Property & Procurement",Transfer Payment,Rent Rebates,2026-06-09 11:20:02.337,766.97,Redacted,redacted_supplier
Over500_2026_P03_-_published.xlsx:3222,Over500_2026_P03_-_published.xlsx,3222,2026-06-09,REDACTED,premises_non_procurement,"Finance, Property & Procurement",Transfer Payment,Rent Rebates,2026-06-09 11:20:02.337,1697.13,Redacted,redacted_supplier
Over500_2026_P03_-_published.xlsx:3223,Over500_2026_P03_-_published.xlsx,3223,2026-06-09,REDACTED,premises_non_procurement,"Finance, Property & Procurement",Transfer Payment,Rent Rebates,2026-06-09 11:20:02.337,995.43,Redacted,redacted_supplier
Over500_2026_P03_-_published.xlsx:3224,Over500_2026_P03_-_published.xlsx,3224,2026-06-17,REDACTED,general_procurement,Adult Social Care,Transfer Payment,Direct Payment,2026-06-17 10:32:49.720,1722.0,Redacted,redacted_supplier
Over500_2026_P03_-_published.xlsx:3225,Over500_2026_P03_-_published.xlsx,3225,2026-06-17,REDACTED,general_procurement,Adult Social Care,Transfer Payment,Direct Payment,2026-06-17 10:32:49.720,2759.84,Redacted,redacted_supplier
Over500_2026_P03_-_published.xlsx:3226,Over500_2026_P03_-_published.xlsx,3226,2026-06-17,REDACTED,general_procurement,Adult Social Care,Transfer Payment,Direct Payment,2026-06-17 10:32:49.720,1507.2,Redacted,redacted_supplier
Over500_2026_P03_-_published.xlsx:3227,Over500_2026_P03_-_published.xlsx,3227,2026-06-17,REDACTED,general_procurement,Adult Social Care,Transfer Payment,Direct Payment,2026-06-17 10:32:49.720,1770.0,Redacted,redacted_supplier
Over500_2026_P03_-_published.xlsx:3228,Over500_2026_P03_-_published.xlsx,3228,2026-06-17,REDACTED,general_procurement,Adult Social Care,Transfer Payment,Direct Payment,2026-06-17 10:32:49.720,1091.96,Redacted,redacted_supplier
Over500_2026_P03_-_published.xlsx:3229,Over500_2026_P03_-_published.xlsx,3229,2026-06-17,REDACTED,general_procurement,Adult Social Care,Transfer Payment,Direct Payment,2026-06-17 10:32:49.720,2022.36,Redacted,redacted_supplier
Over500_2026_P03_-_published.xlsx:3230,Over500_2026_P03_-_published.xlsx,3230,2026-06-17,REDACTED,general_procurement,Adult Social Care,Transfer Payment,Direct Payment,2026-06-17 10:32:49.720,2320.0,Redacted,redacted_supplier
Over500_2026_P03_-_published.xlsx:3231,Over500_2026_P03_-_published.xlsx,3231,2026-06-17,REDACTED,general_procurement,Adult Social Care,Transfer Payment,Direct Payment,2026-06-17 10:32:49.720,959.96,Redacted,redacted_supplier
Over500_2026_P03_-_published.xlsx:3232,Over500_2026_P03_-_published.xlsx,3232,2026-06-03,REDACTED,general_procurement,Adult Social Care,Transfer Payment,Direct Payment,2026-06-03 09:57:27.700,1508.7,Redacted,redacted_supplier
Over500_2026_P03_-_published.xlsx:3233,Over500_2026_P03_-_published.xlsx,3233,2026-06-17,REDACTED,general_procurement,Adult Social Care,Transfer Payment,Direct Payment,2026-06-17 10:32:49.720,5170.88,Redacted,redacted_supplier
Over500_2026_P03_-_published.xlsx:3234,Over500_2026_P03_-_published.xlsx,3234,2026-06-17,REDACTED,general_procurement,Adult Social Care,Transfer Payment,Direct Payment,2026-06-17 10:32:49.720,6783.92,Redacted,redacted_supplier
Over500_2026_P03_-_published.xlsx:3235,Over500_2026_P03_-_published.xlsx,3235,2026-06-17,REDACTED,general_procurement,Adult Social Care,Transfer Payment,Direct Payment,2026-06-17 10:32:49.720,3126.48,Redacted,redacted_supplier
Over500_2026_P03_-_published.xlsx:3236,Over500_2026_P03_-_published.xlsx,3236,2026-06-17,REDACTED,general_procurement,Adult Social Care,Transfer Payment,Direct Payment,2026-06-17 10:32:49.720,1231.52,Redacted,redacted_supplier
Over500_2026_P03_-_published.xlsx:3237,Over500_2026_P03_-_published.xlsx,3237,2026-06-17,REDACTED,general_procurement,Adult Social Care,Transfer Payment,Direct Payment,2026-06-17 10:32:49.720,792.96,Redacted,redacted_supplier
Over500_2026_P03_-_published.xlsx:3238,Over500_2026_P03_-_published.xlsx,3238,2026-06-17,REDACTED,general_procurement,Adult Social Care,Transfer Payment,Direct Payment,2026-06-17 10:32:49.720,1808.48,Redacted,redacted_supplier
Over500_2026_P03_-_published.xlsx:3239,Over500_2026_P03_-_published.xlsx,3239,2026-06-17,REDACTED,general_procurement,Adult Social Care,Transfer Payment,Direct Payment,2026-06-17 10:32:49.720,10215.56,Redacted,redacted_supplier
Over500_2026_P03_-_published.xlsx:3240,Over500_2026_P03_-_published.xlsx,3240,2026-06-17,REDACTED,general_procurement,Adult Social Care,Transfer Payment,Direct Payment,2026-06-17 10:32:49.720,3626.32,Redacted,redacted_supplier
Over500_2026_P03_-_published.xlsx:3241,Over500_2026_P03_-_published.xlsx,3241,2026-06-17,REDACTED,general_procurement,Adult Social Care,Transfer Payment,Direct Payment,2026-06-17 10:32:49.720,1059.4,Redacted,redacted_supplier
Over500_2026_P03_-_published.xlsx:3242,Over500_2026_P03_-_published.xlsx,3242,2026-06-12,REDACTED,premises_non_procurement,"Finance, Property & Procurement",Transfer Payment,Rent Rebates,2026-06-12 12:26:58.333,525.34,Redacted,redacted_supplier
Over500_2026_P03_-_published.xlsx:3243,Over500_2026_P03_-_published.xlsx,3243,2026-06-12,REDACTED,premises_non_procurement,"Finance, Property & Procurement",Transfer Payment,Rent Rebates,2026-06-12 12:26:58.333,505.88,Redacted,redacted_supplier
Over500_2026_P03_-_published.xlsx:3244,Over500_2026_P03_-_published.xlsx,3244,2026-06-17,REDACTED,general_procurement,Adult Social Care,Transfer Payment,Direct Payment,2026-06-17 10:32:49.720,4851.6,Redacted,redacted_supplier
Over500_2026_P03_-_published.xlsx:3245,Over500_2026_P03_-_published.xlsx,3245,2026-06-17,REDACTED,general_procurement,Adult Social Care,Transfer Payment,Direct Payment,2026-06-17 10:32:49.720,2478.0,Redacted,redacted_supplier
Over500_2026_P03_-_published.xlsx:3246,Over500_2026_P03_-_published.xlsx,3246,2026-06-17,REDACTED,general_procurement,Adult Social Care,Transfer Payment,Direct Payment,2026-06-17 10:32:49.720,1184.56,Redacted,redacted_supplier
Over500_2026_P03_-_published.xlsx:3247,Over500_2026_P03_-_published.xlsx,3247,2026-06-17,REDACTED,general_procurement,Adult Social Care,Transfer Payment,Direct Payment,2026-06-17 10:32:49.720,877.6,Redacted,redacted_supplier
Over500_2026_P03_-_published.xlsx:3248,Over500_2026_P03_-_published.xlsx,3248,2026-06-17,REDACTED,general_procurement,Adult Social Care,Transfer Payment,Direct Payment,2026-06-17 10:32:49.720,1208.08,Redacted,redacted_supplier
Over500_2026_P03_-_published.xlsx:3249,Over500_2026_P03_-_published.xlsx,3249,2026-06-17,REDACTED,general_procurement,Adult Social Care,Transfer Payment,Direct Payment,2026-06-17 10:32:49.720,1447.4,Redacted,redacted_supplier
Over500_2026_P03_-_published.xlsx:3250,Over500_2026_P03_-_published.xlsx,3250,2026-06-17,REDACTED,general_procurement,Adult Social Care,Transfer Payment,Direct Payment,2026-06-17 10:32:49.720,3995.0,Redacted,redacted_supplier
Over500_2026_P03_-_published.xlsx:3251,Over500_2026_P03_-_published.xlsx,3251,2026-06-17,REDACTED,general_procurement,Adult Social Care,Transfer Payment,Direct Payment,2026-06-17 10:32:49.720,1580.6,Redacted,redacted_supplier
Over500_2026_P03_-_published.xlsx:3252,Over500_2026_P03_-_published.xlsx,3252,2026-06-17,REDACTED,general_procurement,Adult Social Care,Transfer Payment,Direct Payment,2026-06-17 10:32:49.720,1866.0,Redacted,redacted_supplier
Over500_2026_P03_-_published.xlsx:3253,Over500_2026_P03_-_published.xlsx,3253,2026-06-17,REDACTED,general_procurement,Adult Social Care,Transfer Payment,Direct Payment,2026-06-17 10:32:49.720,1020.0,Redacted,redacted_supplier
Over500_2026_P03_-_published.xlsx:3254,Over500_2026_P03_-_published.xlsx,3254,2026-06-18,REDACTED,general_procurement,Children's Social Care,Transfer Payment,Direct Payment,2026-06-18 07:44:00.740,845.0,Redacted,redacted_supplier
Over500_2026_P03_-_published.xlsx:3255,Over500_2026_P03_-_published.xlsx,3255,2026-06-18,REDACTED,general_procurement,Children's Social Care,Transfer Payment,Direct Payment,2026-06-18 07:44:00.740,1206.6,Redacted,redacted_supplier
Over500_2026_P03_-_published.xlsx:3256,Over500_2026_P03_-_published.xlsx,3256,2026-06-18,REDACTED,general_procurement,Children's Social Care,Transfer Payment,Direct Payment,2026-06-18 07:44:00.740,2940.0,Redacted,redacted_supplier
Over500_2026_P03_-_published.xlsx:3257,Over500_2026_P03_-_published.xlsx,3257,2026-06-25,REDACTED,general_procurement,Children's Social Care,Transfer Payment,Direct Payment,2026-06-25 15:41:58.317,1091.88,Redacted,redacted_supplier
Over500_2026_P03_-_published.xlsx:3258,Over500_2026_P03_-_published.xlsx,3258,2026-06-26,REDACTED,premises_non_procurement,"Finance, Property & Procurement",Transfer Payment,Rent Rebates,2026-06-26 15:31:22.700,551.61,Redacted,redacted_supplier
Over500_2026_P03_-_published.xlsx:3259,Over500_2026_P03_-_published.xlsx,3259,2026-06-17,REDACTED,general_procurement,Adult Social Care,Transfer Payment,Direct Payment,2026-06-17 10:32:49.720,2448.44,Redacted,redacted_supplier
Over500_2026_P03_-_published.xlsx:3260,Over500_2026_P03_-_published.xlsx,3260,2026-06-17,REDACTED,general_procurement,Adult Social Care,Transfer Payment,Direct Payment,2026-06-17 10:32:49.720,756.84,Redacted,redacted_supplier
Over500_2026_P03_-_published.xlsx:3261,Over500_2026_P03_-_published.xlsx,3261,2026-06-17,REDACTED,general_procurement,Adult Social Care,Transfer Payment,Direct Payment,2026-06-17 10:32:49.720,1972.48,Redacted,redacted_supplier
Over500_2026_P03_-_published.xlsx:3262,Over500_2026_P03_-_published.xlsx,3262,2026-06-17,REDACTED,general_procurement,Adult Social Care,Transfer Payment,Direct Payment,2026-06-17 10:32:49.720,1080.0,Redacted,redacted_supplier
Over500_2026_P03_-_published.xlsx:3263,Over500_2026_P03_-_published.xlsx,3263,2026-06-17,REDACTED,general_procurement,Adult Social Care,Transfer Payment,Direct Payment,2026-06-17 10:32:49.720,720.64,Redacted,redacted_supplier
Over500_2026_P03_-_published.xlsx:3264,Over500_2026_P03_-_published.xlsx,3264,2026-06-17,REDACTED,general_procurement,Adult Social Care,Transfer Payment,Direct Payment,2026-06-17 10:32:49.720,1056.0,Redacted,redacted_supplier
Over500_2026_P03_-_published.xlsx:3265,Over500_2026_P03_-_published.xlsx,3265,2026-06-24,REDACTED,general_procurement,Adult Social Care,Transfer Payment,Direct Payment,2026-06-24 11:15:58.517,873.0,Redacted,redacted_supplier
Over500_2026_P03_-_published.xlsx:3266,Over500_2026_P03_-_published.xlsx,3266,2026-06-03,REDACTED,general_procurement,Adult Social Care,Transfer Payment,Direct Payment,2026-06-03 09:57:27.700,5965.71,Redacted,redacted_supplier
Over500_2026_P03_-_published.xlsx:3267,Over500_2026_P03_-_published.xlsx,3267,2026-06-12,REDACTED,general_procurement,Adult Social Care,Transfer Payment,Direct Payment,2026-06-12 11:19:24.127,8400.0,Redacted,redacted_supplier
Over500_2026_P03_-_published.xlsx:3268,Over500_2026_P03_-_published.xlsx,3268,2026-06-17,REDACTED,general_procurement,Adult Social Care,Transfer Payment,Direct Payment,2026-06-17 10:32:49.720,7294.4,Redacted,redacted_supplier
Over500_2026_P03_-_published.xlsx:3269,Over500_2026_P03_-_published.xlsx,3269,2026-06-17,REDACTED,general_procurement,Adult Social Care,Transfer Payment,Direct Payment,2026-06-17 10:32:49.720,2500.96,Redacted,redacted_supplier
Over500_2026_P03_-_published.xlsx:3270,Over500_2026_P03_-_published.xlsx,3270,2026-06-17,REDACTED,general_procurement,Adult Social Care,Transfer Payment,Direct Payment,2026-06-17 10:32:49.720,3400.0,Redacted,redacted_supplier
Over500_2026_P03_-_published.xlsx:3271,Over500_2026_P03_-_published.xlsx,3271,2026-06-17,REDACTED,general_procurement,Adult Social Care,Transfer Payment,Direct Payment,2026-06-17 10:32:49.720,2586.84,Redacted,redacted_supplier
Over500_2026_P03_-_published.xlsx:3272,Over500_2026_P03_-_published.xlsx,3272,2026-06-17,REDACTED,general_procurement,Adult Social Care,Transfer Payment,Direct Payment,2026-06-17 10:32:49.720,2208.0,Redacted,redacted_supplier
Over500_2026_P03_-_published.xlsx:3274,Over500_2026_P03_-_published.xlsx,3274,2026-06-17,REDACTED,general_procurement,Adult Social Care,Transfer Payment,Direct Payment,2026-06-17 10:32:49.720,2088.0,Redacted,redacted_supplier
Over500_2026_P03_-_published.xlsx:3275,Over500_2026_P03_-_published.xlsx,3275,2026-06-17,REDACTED,general_procurement,Adult Social Care,Transfer Payment,Direct Payment,2026-06-17 10:32:49.720,1538.48,Redacted,redacted_supplier
Over500_2026_P03_-_published.xlsx:3276,Over500_2026_P03_-_published.xlsx,3276,2026-06-17,REDACTED,general_procurement,Adult Social Care,Transfer Payment,Direct Payment,2026-06-17 10:32:49.720,1278.76,Redacted,redacted_supplier
Over500_2026_P03_-_published.xlsx:3277,Over500_2026_P03_-_published.xlsx,3277,2026-06-17,REDACTED,general_procurement,Adult Social Care,Transfer Payment,Direct Payment,2026-06-17 10:32:49.720,2274.52,Redacted,redacted_supplier
Over500_2026_P03_-_published.xlsx:3278,Over500_2026_P03_-_published.xlsx,3278,2026-06-17,REDACTED,general_procurement,Adult Social Care,Transfer Payment,Direct Payment,2026-06-17 10:32:49.720,789.24,Redacted,redacted_supplier
Over500_2026_P03_-_published.xlsx:3279,Over500_2026_P03_-_published.xlsx,3279,2026-06-17,REDACTED,general_procurement,Adult Social Care,Transfer Payment,Direct Payment,2026-06-17 10:32:49.720,3392.36,Redacted,redacted_supplier
Over500_2026_P03_-_published.xlsx:3280,Over500_2026_P03_-_published.xlsx,3280,2026-06-17,REDACTED,general_procurement,Adult Social Care,Transfer Payment,Direct Payment,2026-06-17 10:32:49.720,956.4,Redacted,redacted_supplier
Over500_2026_P03_-_published.xlsx:3281,Over500_2026_P03_-_published.xlsx,3281,2026-06-17,REDACTED,general_procurement,Adult Social Care,Transfer Payment,Direct Payment,2026-06-17 10:32:49.720,4391.16,Redacted,redacted_supplier
Over500_2026_P03_-_published.xlsx:3282,Over500_2026_P03_-_published.xlsx,3282,2026-06-17,REDACTED,general_procurement,Adult Social Care,Transfer Payment,Direct Payment,2026-06-17 10:32:49.720,1144.04,Redacted,redacted_supplier
Over500_2026_P03_-_published.xlsx:3283,Over500_2026_P03_-_published.xlsx,3283,2026-06-17,REDACTED,general_procurement,Adult Social Care,Transfer Payment,Direct Payment,2026-06-17 10:32:49.720,3633.72,Redacted,redacted_supplier
Over500_2026_P03_-_published.xlsx:3284,Over500_2026_P03_-_published.xlsx,3284,2026-06-17,REDACTED,general_procurement,Adult Social Care,Transfer Payment,Direct Payment,2026-06-17 10:32:49.720,2911.6,Redacted,redacted_supplier
Over500_2026_P03_-_published.xlsx:3285,Over500_2026_P03_-_published.xlsx,3285,2026-06-17,REDACTED,general_procurement,Adult Social Care,Transfer Payment,Direct Payment,2026-06-17 10:32:49.720,2100.0,Redacted,redacted_supplier
Over500_2026_P03_-_published.xlsx:3286,Over500_2026_P03_-_published.xlsx,3286,2026-06-17,REDACTED,general_procurement,Adult Social Care,Transfer Payment,Direct Payment,2026-06-17 10:32:49.720,847.2,Redacted,redacted_supplier
Over500_2026_P03_-_published.xlsx:3287,Over500_2026_P03_-_published.xlsx,3287,2026-06-17,REDACTED,general_procurement,Adult Social Care,Transfer Payment,Direct Payment,2026-06-17 10:32:49.720,1799.92,Redacted,redacted_supplier
Over500_2026_P03_-_published.xlsx:3288,Over500_2026_P03_-_published.xlsx,3288,2026-06-17,REDACTED,general_procurement,Adult Social Care,Transfer Payment,Direct Payment,2026-06-17 10:32:49.720,3445.24,Redacted,redacted_supplier
Over500_2026_P03_-_published.xlsx:3289,Over500_2026_P03_-_published.xlsx,3289,2026-06-17,REDACTED,general_procurement,Adult Social Care,Transfer Payment,Direct Payment,2026-06-17 10:32:49.720,1206.52,Redacted,redacted_supplier
Over500_2026_P03_-_published.xlsx:3290,Over500_2026_P03_-_published.xlsx,3290,2026-06-17,REDACTED,general_procurement,Adult Social Care,Transfer Payment,Direct Payment,2026-06-17 10:32:49.720,1799.92,Redacted,redacted_supplier
Over500_2026_P03_-_published.xlsx:3291,Over500_2026_P03_-_published.xlsx,3291,2026-06-17,REDACTED,general_procurement,Adult Social Care,Transfer Payment,Direct Payment,2026-06-17 10:32:49.720,3022.0,Redacted,redacted_supplier
Over500_2026_P03_-_published.xlsx:3292,Over500_2026_P03_-_published.xlsx,3292,2026-06-17,REDACTED,general_procurement,Adult Social Care,Transfer Payment,Direct Payment,2026-06-17 10:32:49.720,2420.64,Redacted,redacted_supplier
Over500_2026_P03_-_published.xlsx:3293,Over500_2026_P03_-_published.xlsx,3293,2026-06-17,REDACTED,general_procurement,Adult Social Care,Transfer Payment,Direct Payment,2026-06-17 10:32:49.720,1294.32,Redacted,redacted_supplier
Over500_2026_P03_-_published.xlsx:3295,Over500_2026_P03_-_published.xlsx,3295,2026-06-17,REDACTED,general_procurement,Adult Social Care,Transfer Payment,Direct Payment,2026-06-17 10:32:49.720,629.96,Redacted,redacted_supplier
Over500_2026_P03_-_published.xlsx:3296,Over500_2026_P03_-_published.xlsx,3296,2026-06-17,REDACTED,general_procurement,Adult Social Care,Transfer Payment,Direct Payment,2026-06-17 10:32:49.720,3406.8,Redacted,redacted_supplier
Over500_2026_P03_-_published.xlsx:3297,Over500_2026_P03_-_published.xlsx,3297,2026-06-17,REDACTED,general_procurement,Adult Social Care,Transfer Payment,Direct Payment,2026-06-17 10:32:49.720,772.16,Redacted,redacted_supplier
Over500_2026_P03_-_published.xlsx:3298,Over500_2026_P03_-_published.xlsx,3298,2026-06-17,REDACTED,general_procurement,Adult Social Care,Transfer Payment,Direct Payment,2026-06-17 10:32:49.720,704.0,Redacted,redacted_supplier
Over500_2026_P03_-_published.xlsx:3299,Over500_2026_P03_-_published.xlsx,3299,2026-06-22,REDACTED,general_procurement,Children's Social Care,Transfer Payment,Direct Payment,2026-06-22 11:47:17.577,566.25,Redacted,redacted_supplier
Over500_2026_P03_-_published.xlsx:3300,Over500_2026_P03_-_published.xlsx,3300,2026-06-08,REDACTED,general_procurement,Children's Social Care,Transfer Payment,Direct Payment,2026-06-08 15:42:33.393,1118.0,Redacted,redacted_supplier
Over500_2026_P03_-_published.xlsx:3301,Over500_2026_P03_-_published.xlsx,3301,2026-06-17,REDACTED,general_procurement,Adult Social Care,Transfer Payment,Direct Payment,2026-06-17 10:32:49.720,3909.8,Redacted,redacted_supplier
Over500_2026_P03_-_published.xlsx:3302,Over500_2026_P03_-_published.xlsx,3302,2026-06-17,REDACTED,general_procurement,Adult Social Care,Transfer Payment,Direct Payment,2026-06-17 10:32:49.720,772.0,Redacted,redacted_supplier
Over500_2026_P03_-_published.xlsx:3303,Over500_2026_P03_-_published.xlsx,3303,2026-06-17,REDACTED,general_procurement,Adult Social Care,Transfer Payment,Direct Payment,2026-06-17 10:32:49.720,3539.96,Redacted,redacted_supplier
Over500_2026_P03_-_published.xlsx:3304,Over500_2026_P03_-_published.xlsx,3304,2026-06-17,REDACTED,general_procurement,Adult Social Care,Transfer Payment,Direct Payment,2026-06-17 10:32:49.720,1721.88,Redacted,redacted_supplier
Over500_2026_P03_-_published.xlsx:3305,Over500_2026_P03_-_published.xlsx,3305,2026-06-17,REDACTED,general_procurement,Adult Social Care,Transfer Payment,Direct Payment,2026-06-17 10:32:49.720,1392.0,Redacted,redacted_supplier
Over500_2026_P03_-_published.xlsx:3306,Over500_2026_P03_-_published.xlsx,3306,2026-06-17,REDACTED,general_procurement,Adult Social Care,Transfer Payment,Direct Payment,2026-06-17 10:32:49.720,4339.76,Redacted,redacted_supplier
Over500_2026_P03_-_published.xlsx:3307,Over500_2026_P03_-_published.xlsx,3307,2026-06-17,REDACTED,general_procurement,Adult Social Care,Transfer Payment,Direct Payment,2026-06-17 10:32:49.720,1099.96,Redacted,redacted_supplier
Over500_2026_P03_-_published.xlsx:3308,Over500_2026_P03_-_published.xlsx,3308,2026-06-17,REDACTED,general_procurement,Adult Social Care,Transfer Payment,Direct Payment,2026-06-17 10:32:49.720,1246.84,Redacted,redacted_supplier
Over500_2026_P03_-_published.xlsx:3309,Over500_2026_P03_-_published.xlsx,3309,2026-06-17,REDACTED,general_procurement,Adult Social Care,Transfer Payment,Direct Payment,2026-06-17 10:32:49.720,967.76,Redacted,redacted_supplier
Over500_2026_P03_-_published.xlsx:3310,Over500_2026_P03_-_published.xlsx,3310,2026-06-17,REDACTED,general_procurement,Adult Social Care,Transfer Payment,Direct Payment,2026-06-17 10:32:49.720,1679.92,Redacted,redacted_supplier
Over500_2026_P03_-_published.xlsx:3311,Over500_2026_P03_-_published.xlsx,3311,2026-06-17,REDACTED,general_procurement,Adult Social Care,Transfer Payment,Direct Payment,2026-06-17 10:32:49.720,4999.72,Redacted,redacted_supplier
Over500_2026_P03_-_published.xlsx:3312,Over500_2026_P03_-_published.xlsx,3312,2026-06-17,REDACTED,general_procurement,Adult Social Care,Transfer Payment,Direct Payment,2026-06-17 10:32:49.720,639.96,Redacted,redacted_supplier
Over500_2026_P03_-_published.xlsx:3313,Over500_2026_P03_-_published.xlsx,3313,2026-06-17,REDACTED,general_procurement,Adult Social Care,Transfer Payment,Direct Payment,2026-06-17 10:32:49.720,5357.04,Redacted,redacted_supplier
Over500_2026_P03_-_published.xlsx:3314,Over500_2026_P03_-_published.xlsx,3314,2026-06-17,REDACTED,general_procurement,Adult Social Care,Transfer Payment,Direct Payment,2026-06-17 10:32:49.720,1034.92,Redacted,redacted_supplier
Over500_2026_P03_-_published.xlsx:3315,Over500_2026_P03_-_published.xlsx,3315,2026-06-17,REDACTED,general_procurement,Adult Social Care,Transfer Payment,Direct Payment,2026-06-17 10:32:49.720,2130.96,Redacted,redacted_supplier
Over500_2026_P03_-_published.xlsx:3316,Over500_2026_P03_-_published.xlsx,3316,2026-06-17,REDACTED,general_procurement,Adult Social Care,Transfer Payment,Direct Payment,2026-06-17 10:32:49.720,8279.36,Redacted,redacted_supplier
Over500_2026_P03_-_published.xlsx:3317,Over500_2026_P03_-_published.xlsx,3317,2026-06-18,REDACTED,general_procurement,Children's Social Care,Transfer Payment,Direct Payment,2026-06-18 07:44:00.740,540.0,Redacted,redacted_supplier
Over500_2026_P03_-_published.xlsx:3318,Over500_2026_P03_-_published.xlsx,3318,2026-06-18,REDACTED,general_procurement,Children's Social Care,Transfer Payment,Direct Payment,2026-06-18 07:44:00.740,976.05,Redacted,redacted_supplier
Over500_2026_P03_-_published.xlsx:3319,Over500_2026_P03_-_published.xlsx,3319,2026-06-18,REDACTED,general_procurement,Children's Social Care,Transfer Payment,Direct Payment,2026-06-18 07:44:00.740,1887.6,Redacted,redacted_supplier
Over500_2026_P03_-_published.xlsx:3320,Over500_2026_P03_-_published.xlsx,3320,2026-06-18,REDACTED,general_procurement,Children's Social Care,Transfer Payment,Direct Payment,2026-06-18 07:44:00.740,1330.8,Redacted,redacted_supplier
Over500_2026_P03_-_published.xlsx:3321,Over500_2026_P03_-_published.xlsx,3321,2026-06-18,REDACTED,general_procurement,Children's Social Care,Transfer Payment,Direct Payment,2026-06-18 07:44:00.740,1330.8,Redacted,redacted_supplier
Over500_2026_P03_-_published.xlsx:3322,Over500_2026_P03_-_published.xlsx,3322,2026-06-18,REDACTED,general_procurement,Children's Social Care,Transfer Payment,Direct Payment,2026-06-18 07:44:00.740,533.76,Redacted,redacted_supplier
Over500_2026_P03_-_published.xlsx:3323,Over500_2026_P03_-_published.xlsx,3323,2026-06-17,REDACTED,general_procurement,Adult Social Care,Transfer Payment,Direct Payment,2026-06-17 10:32:49.720,6228.64,Redacted,redacted_supplier
Over500_2026_P03_-_published.xlsx:3324,Over500_2026_P03_-_published.xlsx,3324,2026-06-17,REDACTED,general_procurement,Adult Social Care,Transfer Payment,Direct Payment,2026-06-17 10:32:49.720,1160.0,Redacted,redacted_supplier
Over500_2026_P03_-_published.xlsx:3325,Over500_2026_P03_-_published.xlsx,3325,2026-06-17,REDACTED,general_procurement,Adult Social Care,Transfer Payment,Direct Payment,2026-06-17 10:32:49.720,1582.52,Redacted,redacted_supplier
Over500_2026_P03_-_published.xlsx:3326,Over500_2026_P03_-_published.xlsx,3326,2026-06-17,REDACTED,general_procurement,Adult Social Care,Transfer Payment,Direct Payment,2026-06-17 10:32:49.720,1850.0,Redacted,redacted_supplier
Over500_2026_P03_-_published.xlsx:3327,Over500_2026_P03_-_published.xlsx,3327,2026-06-17,REDACTED,general_procurement,Adult Social Care,Transfer Payment,Direct Payment,2026-06-17 10:32:49.720,1349.52,Redacted,redacted_supplier
Over500_2026_P03_-_published.xlsx:3328,Over500_2026_P03_-_published.xlsx,3328,2026-06-17,REDACTED,general_procurement,Adult Social Care,Transfer Payment,Direct Payment,2026-06-17 10:32:49.720,709.24,Redacted,redacted_supplier
Over500_2026_P03_-_published.xlsx:3329,Over500_2026_P03_-_published.xlsx,3329,2026-06-17,REDACTED,general_procurement,Adult Social Care,Transfer Payment,Direct Payment,2026-06-17 10:32:49.720,3031.8,Redacted,redacted_supplier
Over500_2026_P03_-_published.xlsx:3330,Over500_2026_P03_-_published.xlsx,3330,2026-06-17,REDACTED,general_procurement,Adult Social Care,Transfer Payment,Direct Payment,2026-06-17 10:32:49.720,799.96,Redacted,redacted_supplier
Over500_2026_P03_-_published.xlsx:3331,Over500_2026_P03_-_published.xlsx,3331,2026-06-17,REDACTED,general_procurement,Adult Social Care,Transfer Payment,Direct Payment,2026-06-17 10:32:49.720,1583.92,Redacted,redacted_supplier
Over500_2026_P03_-_published.xlsx:3332,Over500_2026_P03_-_published.xlsx,3332,2026-06-17,REDACTED,general_procurement,Adult Social Care,Transfer Payment,Direct Payment,2026-06-17 10:32:49.720,2228.64,Redacted,redacted_supplier
Over500_2026_P03_-_published.xlsx:3333,Over500_2026_P03_-_published.xlsx,3333,2026-06-17,REDACTED,general_procurement,Adult Social Care,Transfer Payment,Direct Payment,2026-06-17 10:32:49.720,1088.0,Redacted,redacted_supplier
Over500_2026_P03_-_published.xlsx:3334,Over500_2026_P03_-_published.xlsx,3334,2026-06-17,REDACTED,general_procurement,Adult Social Care,Transfer Payment,Direct Payment,2026-06-17 10:32:49.720,906.0,Redacted,redacted_supplier
Over500_2026_P03_-_published.xlsx:3335,Over500_2026_P03_-_published.xlsx,3335,2026-06-18,REDACTED,general_procurement,Children's Social Care,Transfer Payment,Direct Payment,2026-06-18 07:44:00.740,600.0,Redacted,redacted_supplier
Over500_2026_P03_-_published.xlsx:3336,Over500_2026_P03_-_published.xlsx,3336,2026-06-18,REDACTED,general_procurement,Children's Social Care,Transfer Payment,Direct Payment,2026-06-18 07:44:00.740,570.9,Redacted,redacted_supplier
Over500_2026_P03_-_published.xlsx:3337,Over500_2026_P03_-_published.xlsx,3337,2026-06-16,REDACTED,general_procurement,Children's Social Care,Transfer Payment,Allowances for provision care,2026-06-16 16:19:19.237,554.86,Redacted,redacted_supplier
Over500_2026_P03_-_published.xlsx:3338,Over500_2026_P03_-_published.xlsx,3338,2026-06-16,REDACTED,general_procurement,Children's Social Care,Transfer Payment,Allowances for provision care,2026-06-16 16:19:19.237,916.75,Redacted,redacted_supplier
Over500_2026_P03_-_published.xlsx:3339,Over500_2026_P03_-_published.xlsx,3339,2026-06-16,REDACTED,general_procurement,Children's Social Care,Transfer Payment,Allowances for provision care,2026-06-16 16:19:19.237,559.27,Redacted,redacted_supplier
Over500_2026_P03_-_published.xlsx:3340,Over500_2026_P03_-_published.xlsx,3340,2026-06-16,REDACTED,general_procurement,Children's Social Care,Transfer Payment,Allowances for provision care,2026-06-16 16:19:19.237,1192.33,Redacted,redacted_supplier
Over500_2026_P03_-_published.xlsx:3341,Over500_2026_P03_-_published.xlsx,3341,2026-06-16,REDACTED,general_procurement,Children's Social Care,Transfer Payment,Allowances for provision care,2026-06-16 16:19:19.237,517.69,Redacted,redacted_supplier
Over500_2026_P03_-_published.xlsx:3342,Over500_2026_P03_-_published.xlsx,3342,2026-06-16,REDACTED,general_procurement,Children's Social Care,Transfer Payment,Allowances for provision care,2026-06-16 16:19:19.237,595.2,Redacted,redacted_supplier
Over500_2026_P03_-_published.xlsx:3343,Over500_2026_P03_-_published.xlsx,3343,2026-06-16,REDACTED,general_procurement,Children's Social Care,Transfer Payment,Allowances for provision care,2026-06-16 16:19:19.237,636.18,Redacted,redacted_supplier
Over500_2026_P03_-_published.xlsx:3344,Over500_2026_P03_-_published.xlsx,3344,2026-06-16,REDACTED,general_procurement,Children's Social Care,Transfer Payment,Allowances for provision care,2026-06-16 16:19:19.237,636.19,Redacted,redacted_supplier
Over500_2026_P03_-_published.xlsx:3345,Over500_2026_P03_-_published.xlsx,3345,2026-06-16,REDACTED,general_procurement,Children's Social Care,Transfer Payment,Allowances for provision care,2026-06-16 16:19:19.237,916.18,Redacted,redacted_supplier
Over500_2026_P03_-_published.xlsx:3346,Over500_2026_P03_-_published.xlsx,3346,2026-06-23,REDACTED,general_procurement,Children's Social Care,Transfer Payment,Allowances for provision care,2026-06-23 06:00:57.960,1482.56,Redacted,redacted_supplier
Over500_2026_P03_-_published.xlsx:3347,Over500_2026_P03_-_published.xlsx,3347,2026-06-30,REDACTED,general_procurement,Children's Social Care,Transfer Payment,Allowances for provision care,2026-06-30 09:57:44.583,636.18,Redacted,redacted_supplier
Over500_2026_P03_-_published.xlsx:3348,Over500_2026_P03_-_published.xlsx,3348,2026-06-30,REDACTED,general_procurement,Children's Social Care,Transfer Payment,Allowances for provision care,2026-06-30 09:57:44.583,517.69,Redacted,redacted_supplier
Over500_2026_P03_-_published.xlsx:3349,Over500_2026_P03_-_published.xlsx,3349,2026-06-30,REDACTED,general_procurement,Children's Social Care,Transfer Payment,Allowances for provision care,2026-06-30 09:57:44.583,589.6,Redacted,redacted_supplier
Over500_2026_P03_-_published.xlsx:3350,Over500_2026_P03_-_published.xlsx,3350,2026-06-30,REDACTED,general_procurement,Children's Social Care,Transfer Payment,Allowances for provision care,2026-06-30 09:57:44.583,559.27,Redacted,redacted_supplier
Over500_2026_P03_-_published.xlsx:3351,Over500_2026_P03_-_published.xlsx,3351,2026-06-30,REDACTED,general_procurement,Children's Social Care,Transfer Payment,Allowances for provision care,2026-06-30 09:57:44.583,517.69,Redacted,redacted_supplier
Over500_2026_P03_-_published.xlsx:3352,Over500_2026_P03_-_published.xlsx,3352,2026-06-30,REDACTED,general_procurement,Children's Social Care,Transfer Payment,Allowances for provision care,2026-06-30 09:57:44.583,916.18,Redacted,redacted_supplier
Over500_2026_P03_-_published.xlsx:3353,Over500_2026_P03_-_published.xlsx,3353,2026-06-30,REDACTED,general_procurement,Children's Social Care,Transfer Payment,Allowances for provision care,2026-06-30 09:57:44.583,636.18,Redacted,redacted_supplier
Over500_2026_P03_-_published.xlsx:3354,Over500_2026_P03_-_published.xlsx,3354,2026-06-02,REDACTED,general_procurement,Children's Social Care,Transfer Payment,Allowances for provision care,2026-06-02 11:56:44.373,916.18,Redacted,redacted_supplier
Over500_2026_P03_-_published.xlsx:3355,Over500_2026_P03_-_published.xlsx,3355,2026-06-16,REDACTED,general_procurement,Children's Social Care,Transfer Payment,Allowances for provision care,2026-06-16 16:19:19.237,517.69,Redacted,redacted_supplier
Over500_2026_P03_-_published.xlsx:3356,Over500_2026_P03_-_published.xlsx,3356,2026-06-02,REDACTED,general_procurement,Children's Social Care,Transfer Payment,Allowances for provision care,2026-06-02 11:56:44.373,1226.63,Redacted,redacted_supplier
Over500_2026_P03_-_published.xlsx:3357,Over500_2026_P03_-_published.xlsx,3357,2026-06-02,REDACTED,general_procurement,Children's Social Care,Transfer Payment,Allowances for provision care,2026-06-02 11:56:44.373,559.27,Redacted,redacted_supplier
Over500_2026_P03_-_published.xlsx:3358,Over500_2026_P03_-_published.xlsx,3358,2026-06-02,REDACTED,general_procurement,Children's Social Care,Transfer Payment,Allowances for provision care,2026-06-02 11:56:44.373,559.25,Redacted,redacted_supplier
Over500_2026_P03_-_published.xlsx:3359,Over500_2026_P03_-_published.xlsx,3359,2026-06-16,REDACTED,general_procurement,Children's Social Care,Transfer Payment,Allowances for provision care,2026-06-16 16:19:19.237,898.81,Redacted,redacted_supplier
Over500_2026_P03_-_published.xlsx:3362,Over500_2026_P03_-_published.xlsx,3362,2026-06-02,REDACTED,general_procurement,Children's Social Care,Transfer Payment,Allowances for provision care,2026-06-02 11:56:44.373,594.26,Redacted,redacted_supplier
Over500_2026_P03_-_published.xlsx:3363,Over500_2026_P03_-_published.xlsx,3363,2026-06-16,REDACTED,general_procurement,Children's Social Care,Transfer Payment,Allowances for provision care,2026-06-16 16:19:19.237,653.24,Redacted,redacted_supplier
Over500_2026_P03_-_published.xlsx:3364,Over500_2026_P03_-_published.xlsx,3364,2026-06-22,REDACTED,general_procurement,Children's Social Care,Transfer Payment,Allowances for provision care,2026-06-22 09:35:48.470,594.7,Redacted,redacted_supplier
Over500_2026_P03_-_published.xlsx:3365,Over500_2026_P03_-_published.xlsx,3365,2026-06-02,REDACTED,general_procurement,Children's Social Care,Transfer Payment,Allowances for provision care,2026-06-02 11:56:44.373,954.38,Redacted,redacted_supplier
Over500_2026_P03_-_published.xlsx:3366,Over500_2026_P03_-_published.xlsx,3366,2026-06-16,REDACTED,general_procurement,Children's Social Care,Transfer Payment,Allowances for provision care,2026-06-16 16:19:19.237,954.38,Redacted,redacted_supplier
Over500_2026_P03_-_published.xlsx:3368,Over500_2026_P03_-_published.xlsx,3368,2026-06-17,REDACTED,general_procurement,Adult Social Care,Transfer Payment,Payments to Carers,2026-06-17 10:32:49.720,2160.0,Redacted,redacted_supplier
Over500_2026_P03_-_published.xlsx:3369,Over500_2026_P03_-_published.xlsx,3369,2026-06-17,REDACTED,general_procurement,Adult Social Care,Transfer Payment,Payments to Carers,2026-06-17 10:32:49.720,1137.76,Redacted,redacted_supplier
Over500_2026_P03_-_published.xlsx:3370,Over500_2026_P03_-_published.xlsx,3370,2026-06-03,REDACTED,general_procurement,Adult Social Care,Transfer Payment,Adult Placement Allowances,2026-06-03 12:42:08.850,632.8,Redacted,redacted_supplier
Over500_2026_P03_-_published.xlsx:3371,Over500_2026_P03_-_published.xlsx,3371,2026-06-03,REDACTED,general_procurement,Adult Social Care,Transfer Payment,Adult Placement Allowances,2026-06-03 12:42:08.850,811.0,Redacted,redacted_supplier
Over500_2026_P03_-_published.xlsx:3372,Over500_2026_P03_-_published.xlsx,3372,2026-06-03,REDACTED,general_procurement,Adult Social Care,Transfer Payment,Adult Placement Allowances,2026-06-03 12:42:08.850,797.2,Redacted,redacted_supplier
Over500_2026_P03_-_published.xlsx:3373,Over500_2026_P03_-_published.xlsx,3373,2026-06-03,REDACTED,general_procurement,Adult Social Care,Transfer Payment,Adult Placement Allowances,2026-06-03 12:42:08.850,797.2,Redacted,redacted_supplier
Over500_2026_P03_-_published.xlsx:3374,Over500_2026_P03_-_published.xlsx,3374,2026-06-10,REDACTED,general_procurement,Adult Social Care,Transfer Payment,Adult Placement Allowances,2026-06-10 10:32:24.047,642.6,Redacted,redacted_supplier
Over500_2026_P03_-_published.xlsx:3375,Over500_2026_P03_-_published.xlsx,3375,2026-06-10,REDACTED,general_procurement,Adult Social Care,Transfer Payment,Adult Placement Allowances,2026-06-10 10:32:24.047,1274.0,Redacted,redacted_supplier
Over500_2026_P03_-_published.xlsx:3376,Over500_2026_P03_-_published.xlsx,3376,2026-06-15,REDACTED,general_procurement,Adult Social Care,Transfer Payment,Adult Placement Allowances,2026-06-15 11:56:48.913,797.2,Redacted,redacted_supplier
Over500_2026_P03_-_published.xlsx:3377,Over500_2026_P03_-_published.xlsx,3377,2026-06-16,REDACTED,general_procurement,Children's Social Care,Transfer Payment,Direct Payment,2026-06-16 13:09:22.083,1500.0,Redacted,redacted_supplier
Over500_2026_P03_-_published.xlsx:3378,Over500_2026_P03_-_published.xlsx,3378,2026-06-17,REDACTED,general_procurement,Adult Social Care,Transfer Payment,Payments to Carers,2026-06-17 10:32:49.720,720.0,Redacted,redacted_supplier
Over500_2026_P03_-_published.xlsx:3379,Over500_2026_P03_-_published.xlsx,3379,2026-06-03,REDACTED,general_procurement,Adult Social Care,Transfer Payment,Adult Placement Allowances,2026-06-03 12:42:08.850,797.2,Redacted,redacted_supplier
Over500_2026_P03_-_published.xlsx:3380,Over500_2026_P03_-_published.xlsx,3380,2026-06-03,REDACTED,general_procurement,Adult Social Care,Transfer Payment,Adult Placement Allowances,2026-06-03 12:42:08.850,968.76,Redacted,redacted_supplier
Over500_2026_P03_-_published.xlsx:3381,Over500_2026_P03_-_published.xlsx,3381,2026-06-03,REDACTED,general_procurement,Adult Social Care,Transfer Payment,Adult Placement Allowances,2026-06-03 12:42:08.850,661.0,Redacted,redacted_supplier
Over500_2026_P03_-_published.xlsx:3382,Over500_2026_P03_-_published.xlsx,3382,2026-06-03,REDACTED,general_procurement,Adult Social Care,Transfer Payment,Adult Placement Allowances,2026-06-03 12:42:08.850,797.2,Redacted,redacted_supplier
Over500_2026_P03_-_published.xlsx:3383,Over500_2026_P03_-_published.xlsx,3383,2026-06-03,REDACTED,general_procurement,Adult Social Care,Transfer Payment,Adult Placement Allowances,2026-06-03 12:42:08.850,704.0,Redacted,redacted_supplier
Over500_2026_P03_-_published.xlsx:3384,Over500_2026_P03_-_published.xlsx,3384,2026-06-03,REDACTED,general_procurement,Adult Social Care,Transfer Payment,Adult Placement Allowances,2026-06-03 12:42:08.850,661.0,Redacted,redacted_supplier
Over500_2026_P03_-_published.xlsx:3385,Over500_2026_P03_-_published.xlsx,3385,2026-06-03,REDACTED,general_procurement,Adult Social Care,Transfer Payment,Adult Placement Allowances,2026-06-03 12:42:08.850,802.64,Redacted,redacted_supplier
Over500_2026_P03_-_published.xlsx:3386,Over500_2026_P03_-_published.xlsx,3386,2026-06-10,REDACTED,general_procurement,Adult Social Care,Transfer Payment,Adult Placement Allowances,2026-06-10 10:32:24.047,546.99,Redacted,redacted_supplier
Over500_2026_P03_-_published.xlsx:3387,Over500_2026_P03_-_published.xlsx,3387,2026-06-10,REDACTED,general_procurement,Adult Social Care,Transfer Payment,Adult Placement Allowances,2026-06-10 10:32:24.047,548.8,Redacted,redacted_supplier
Over500_2026_P03_-_published.xlsx:3388,Over500_2026_P03_-_published.xlsx,3388,2026-06-10,REDACTED,general_procurement,Adult Social Care,Transfer Payment,Adult Placement Allowances,2026-06-10 10:32:24.047,542.4,Redacted,redacted_supplier
Over500_2026_P03_-_published.xlsx:3389,Over500_2026_P03_-_published.xlsx,3389,2026-06-15,REDACTED,general_procurement,Adult Social Care,Transfer Payment,Adult Placement Allowances,2026-06-15 11:56:48.913,661.0,Redacted,redacted_supplier
Over500_2026_P03_-_published.xlsx:3390,Over500_2026_P03_-_published.xlsx,3390,2026-06-15,REDACTED,general_procurement,Adult Social Care,Transfer Payment,Adult Placement Allowances,2026-06-15 11:56:48.913,661.0,Redacted,redacted_supplier
Over500_2026_P03_-_published.xlsx:3391,Over500_2026_P03_-_published.xlsx,3391,2026-06-15,REDACTED,general_procurement,Adult Social Care,Transfer Payment,Adult Placement Allowances,2026-06-15 11:56:48.913,661.0,Redacted,redacted_supplier
Over500_2026_P03_-_published.xlsx:3392,Over500_2026_P03_-_published.xlsx,3392,2026-06-15,REDACTED,general_procurement,Adult Social Care,Transfer Payment,Adult Placement Allowances,2026-06-15 11:56:48.913,797.2,Redacted,redacted_supplier
Over500_2026_P03_-_published.xlsx:3393,Over500_2026_P03_-_published.xlsx,3393,2026-06-04,REDACTED,general_procurement,Education (DSG Funded) & Other Education Grants,Transfer Payment,Direct Payment,2026-06-04 12:48:44.770,10210.0,Redacted,redacted_supplier
Over500_2026_P03_-_published.xlsx:3394,Over500_2026_P03_-_published.xlsx,3394,2026-06-03,REDACTED,general_procurement,Adult Social Care,Transfer Payment,Adult Placement Allowances,2026-06-03 12:42:08.850,661.0,Redacted,redacted_supplier
Over500_2026_P03_-_published.xlsx:3395,Over500_2026_P03_-_published.xlsx,3395,2026-06-03,REDACTED,general_procurement,Adult Social Care,Transfer Payment,Adult Placement Allowances,2026-06-03 12:42:08.850,661.0,Redacted,redacted_supplier
Over500_2026_P03_-_published.xlsx:3396,Over500_2026_P03_-_published.xlsx,3396,2026-06-03,REDACTED,general_procurement,Adult Social Care,Transfer Payment,Adult Placement Allowances,2026-06-03 12:42:08.850,661.0,Redacted,redacted_supplier
Over500_2026_P03_-_published.xlsx:3397,Over500_2026_P03_-_published.xlsx,3397,2026-06-03,REDACTED,general_procurement,Adult Social Care,Transfer Payment,Adult Placement Allowances,2026-06-03 12:42:08.850,661.0,Redacted,redacted_supplier
Over500_2026_P03_-_published.xlsx:3398,Over500_2026_P03_-_published.xlsx,3398,2026-06-03,REDACTED,general_procurement,Adult Social Care,Transfer Payment,Adult Placement Allowances,2026-06-03 12:42:08.850,661.0,Redacted,redacted_supplier
Over500_2026_P03_-_published.xlsx:3399,Over500_2026_P03_-_published.xlsx,3399,2026-06-03,REDACTED,general_procurement,Adult Social Care,Transfer Payment,Adult Placement Allowances,2026-06-03 12:42:08.850,605.0,Redacted,redacted_supplier
Over500_2026_P03_-_published.xlsx:3400,Over500_2026_P03_-_published.xlsx,3400,2026-06-03,REDACTED,general_procurement,Adult Social Care,Transfer Payment,Adult Placement Allowances,2026-06-03 12:42:08.850,1336.0,Redacted,redacted_supplier
Over500_2026_P03_-_published.xlsx:3401,Over500_2026_P03_-_published.xlsx,3401,2026-06-10,REDACTED,general_procurement,Adult Social Care,Transfer Payment,Adult Placement Allowances,2026-06-10 10:32:24.047,659.65,Redacted,redacted_supplier
Over500_2026_P03_-_published.xlsx:3402,Over500_2026_P03_-_published.xlsx,3402,2026-06-10,REDACTED,general_procurement,Adult Social Care,Transfer Payment,Adult Placement Allowances,2026-06-10 10:32:24.047,577.2,Redacted,redacted_supplier
Over500_2026_P03_-_published.xlsx:3403,Over500_2026_P03_-_published.xlsx,3403,2026-06-10,REDACTED,general_procurement,Adult Social Care,Transfer Payment,Adult Placement Allowances,2026-06-10 10:32:24.047,1447.2,Redacted,redacted_supplier
Over500_2026_P03_-_published.xlsx:3404,Over500_2026_P03_-_published.xlsx,3404,2026-06-15,REDACTED,general_procurement,Adult Social Care,Transfer Payment,Adult Placement Allowances,2026-06-15 11:56:48.913,568.6,Redacted,redacted_supplier
Over500_2026_P03_-_published.xlsx:3405,Over500_2026_P03_-_published.xlsx,3405,2026-06-15,REDACTED,general_procurement,Adult Social Care,Transfer Payment,Adult Placement Allowances,2026-06-15 11:56:48.913,797.2,Redacted,redacted_supplier
Over500_2026_P03_-_published.xlsx:3406,Over500_2026_P03_-_published.xlsx,3406,2026-06-15,REDACTED,general_procurement,Adult Social Care,Transfer Payment,Adult Placement Allowances,2026-06-15 11:56:48.913,797.2,Redacted,redacted_supplier
Over500_2026_P03_-_published.xlsx:3407,Over500_2026_P03_-_published.xlsx,3407,2026-06-15,REDACTED,general_procurement,Adult Social Care,Transfer Payment,Adult Placement Allowances,2026-06-15 11:56:48.913,797.2,Redacted,redacted_supplier
Over500_2026_P03_-_published.xlsx:3408,Over500_2026_P03_-_published.xlsx,3408,2026-06-15,REDACTED,general_procurement,Adult Social Care,Transfer Payment,Adult Placement Allowances,2026-06-15 11:56:48.913,1708.3,Redacted,redacted_supplier
Over500_2026_P03_-_published.xlsx:3409,Over500_2026_P03_-_published.xlsx,3409,2026-06-15,REDACTED,general_procurement,Adult Social Care,Transfer Payment,Adult Placement Allowances,2026-06-15 11:56:48.913,568.6,Redacted,redacted_supplier
Over500_2026_P03_-_published.xlsx:3410,Over500_2026_P03_-_published.xlsx,3410,2026-06-15,REDACTED,general_procurement,Adult Social Care,Transfer Payment,Adult Placement Allowances,2026-06-15 11:56:48.913,811.0,Redacted,redacted_supplier
Over500_2026_P03_-_published.xlsx:3411,Over500_2026_P03_-_published.xlsx,3411,2026-06-15,REDACTED,general_procurement,Adult Social Care,Transfer Payment,Adult Placement Allowances,2026-06-15 11:56:48.913,661.0,Redacted,redacted_supplier
Over500_2026_P03_-_published.xlsx:3412,Over500_2026_P03_-_published.xlsx,3412,2026-06-15,REDACTED,general_procurement,Adult Social Care,Transfer Payment,Adult Placement Allowances,2026-06-15 11:56:48.913,797.2,Redacted,redacted_supplier
Over500_2026_P03_-_published.xlsx:3413,Over500_2026_P03_-_published.xlsx,3413,2026-06-30,REDACTED,general_procurement,Adult Social Care,Transfer Payment,Adult Placement Allowances,2026-06-30 13:48:52.790,568.6,Redacted,redacted_supplier
Over500_2026_P03_-_published.xlsx:3414,Over500_2026_P03_-_published.xlsx,3414,2026-06-30,REDACTED,general_procurement,Adult Social Care,Transfer Payment,Adult Placement Allowances,2026-06-30 13:48:52.790,797.2,Redacted,redacted_supplier
Over500_2026_P03_-_published.xlsx:3415,Over500_2026_P03_-_published.xlsx,3415,2026-06-30,REDACTED,general_procurement,Adult Social Care,Transfer Payment,Adult Placement Allowances,2026-06-30 13:48:52.790,661.0,Redacted,redacted_supplier
Over500_2026_P03_-_published.xlsx:3416,Over500_2026_P03_-_published.xlsx,3416,2026-06-30,REDACTED,general_procurement,Adult Social Care,Transfer Payment,Adult Placement Allowances,2026-06-30 13:48:52.790,797.2,Redacted,redacted_supplier
Over500_2026_P03_-_published.xlsx:3417,Over500_2026_P03_-_published.xlsx,3417,2026-06-30,REDACTED,general_procurement,Adult Social Care,Transfer Payment,Adult Placement Allowances,2026-06-30 13:48:52.790,797.2,Redacted,redacted_supplier
Over500_2026_P03_-_published.xlsx:3418,Over500_2026_P03_-_published.xlsx,3418,2026-06-30,REDACTED,general_procurement,Adult Social Care,Transfer Payment,Adult Placement Allowances,2026-06-30 13:48:52.790,811.0,Redacted,redacted_supplier
Over500_2026_P03_-_published.xlsx:3419,Over500_2026_P03_-_published.xlsx,3419,2026-06-30,REDACTED,general_procurement,Adult Social Care,Transfer Payment,Adult Placement Allowances,2026-06-30 13:48:52.790,661.0,Redacted,redacted_supplier
Over500_2026_P03_-_published.xlsx:3420,Over500_2026_P03_-_published.xlsx,3420,2026-06-30,REDACTED,general_procurement,Adult Social Care,Transfer Payment,Adult Placement Allowances,2026-06-30 13:48:52.790,1210.7,Redacted,redacted_supplier
Over500_2026_P03_-_published.xlsx:3421,Over500_2026_P03_-_published.xlsx,3421,2026-06-15,REDACTED,general_procurement,Adult Social Care,Transfer Payment,Adult Placement Allowances,2026-06-15 11:56:48.913,968.76,Redacted,redacted_supplier
Over500_2026_P03_-_published.xlsx:3422,Over500_2026_P03_-_published.xlsx,3422,2026-06-15,REDACTED,general_procurement,Adult Social Care,Transfer Payment,Adult Placement Allowances,2026-06-15 11:56:48.913,661.0,Redacted,redacted_supplier
Over500_2026_P03_-_published.xlsx:3423,Over500_2026_P03_-_published.xlsx,3423,2026-06-15,REDACTED,general_procurement,Adult Social Care,Transfer Payment,Adult Placement Allowances,2026-06-15 11:56:48.913,797.2,Redacted,redacted_supplier
Over500_2026_P03_-_published.xlsx:3424,Over500_2026_P03_-_published.xlsx,3424,2026-06-15,REDACTED,general_procurement,Adult Social Care,Transfer Payment,Adult Placement Allowances,2026-06-15 11:56:48.913,811.0,Redacted,redacted_supplier
Over500_2026_P03_-_published.xlsx:3425,Over500_2026_P03_-_published.xlsx,3425,2026-06-30,REDACTED,general_procurement,Adult Social Care,Transfer Payment,Adult Placement Allowances,2026-06-30 13:48:52.790,661.0,Redacted,redacted_supplier
Over500_2026_P03_-_published.xlsx:3426,Over500_2026_P03_-_published.xlsx,3426,2026-06-30,REDACTED,general_procurement,Adult Social Care,Transfer Payment,Adult Placement Allowances,2026-06-30 13:48:52.790,797.2,Redacted,redacted_supplier
Over500_2026_P03_-_published.xlsx:3427,Over500_2026_P03_-_published.xlsx,3427,2026-06-30,REDACTED,general_procurement,Adult Social Care,Transfer Payment,Adult Placement Allowances,2026-06-30 13:48:52.790,661.0,Redacted,redacted_supplier
Over500_2026_P03_-_published.xlsx:3428,Over500_2026_P03_-_published.xlsx,3428,2026-06-30,REDACTED,general_procurement,Adult Social Care,Transfer Payment,Adult Placement Allowances,2026-06-30 13:48:52.790,1708.3,Redacted,redacted_supplier
Over500_2026_P03_-_published.xlsx:3429,Over500_2026_P03_-_published.xlsx,3429,2026-06-30,REDACTED,general_procurement,Adult Social Care,Transfer Payment,Adult Placement Allowances,2026-06-30 13:48:52.790,613.79,Redacted,redacted_supplier
Over500_2026_P03_-_published.xlsx:3430,Over500_2026_P03_-_published.xlsx,3430,2026-06-30,REDACTED,general_procurement,Adult Social Care,Transfer Payment,Adult Placement Allowances,2026-06-30 13:48:52.790,797.2,Redacted,redacted_supplier
Over500_2026_P03_-_published.xlsx:3431,Over500_2026_P03_-_published.xlsx,3431,2026-06-30,REDACTED,general_procurement,Adult Social Care,Transfer Payment,Adult Placement Allowances,2026-06-30 13:48:52.790,661.0,Redacted,redacted_supplier
Over500_2026_P03_-_published.xlsx:3432,Over500_2026_P03_-_published.xlsx,3432,2026-06-30,REDACTED,general_procurement,Adult Social Care,Transfer Payment,Adult Placement Allowances,2026-06-30 13:48:52.790,1020.5,Redacted,redacted_supplier
Over500_2026_P03_-_published.xlsx:3433,Over500_2026_P03_-_published.xlsx,3433,2026-06-15,REDACTED,general_procurement,Adult Social Care,Transfer Payment,Adult Placement Allowances,2026-06-15 11:56:48.913,797.2,Redacted,redacted_supplier
Over500_2026_P03_-_published.xlsx:3434,Over500_2026_P03_-_published.xlsx,3434,2026-06-22,REDACTED,general_procurement,Adult Social Care,Transfer Payment,Adult Placement Allowances,2026-06-22 10:26:48.320,584.5,Redacted,redacted_supplier
Over500_2026_P03_-_published.xlsx:3435,Over500_2026_P03_-_published.xlsx,3435,2026-06-22,REDACTED,general_procurement,Adult Social Care,Transfer Payment,Adult Placement Allowances,2026-06-22 10:26:48.320,501.0,Redacted,redacted_supplier
Over500_2026_P03_-_published.xlsx:3436,Over500_2026_P03_-_published.xlsx,3436,2026-06-30,REDACTED,general_procurement,Adult Social Care,Transfer Payment,Adult Placement Allowances,2026-06-30 13:48:52.790,661.0,Redacted,redacted_supplier
Over500_2026_P03_-_published.xlsx:3437,Over500_2026_P03_-_published.xlsx,3437,2026-06-30,REDACTED,general_procurement,Adult Social Care,Transfer Payment,Adult Placement Allowances,2026-06-30 13:48:52.790,797.2,Redacted,redacted_supplier
Over500_2026_P03_-_published.xlsx:3438,Over500_2026_P03_-_published.xlsx,3438,2026-06-30,REDACTED,general_procurement,Adult Social Care,Transfer Payment,Adult Placement Allowances,2026-06-30 13:48:52.790,3922.2,Redacted,redacted_supplier
Over500_2026_P03_-_published.xlsx:3439,Over500_2026_P03_-_published.xlsx,3439,2026-06-30,REDACTED,general_procurement,Adult Social Care,Transfer Payment,Adult Placement Allowances,2026-06-30 13:48:52.790,656.2,Redacted,redacted_supplier
Over500_2026_P03_-_published.xlsx:3440,Over500_2026_P03_-_published.xlsx,3440,2026-06-30,REDACTED,general_procurement,Adult Social Care,Transfer Payment,Adult Placement Allowances,2026-06-30 13:48:52.790,906.7,Redacted,redacted_supplier
Over500_2026_P03_-_published.xlsx:3441,Over500_2026_P03_-_published.xlsx,3441,2026-06-30,REDACTED,general_procurement,Adult Social Care,Transfer Payment,Adult Placement Allowances,2026-06-30 13:48:52.790,661.0,Redacted,redacted_supplier
Over500_2026_P03_-_published.xlsx:3442,Over500_2026_P03_-_published.xlsx,3442,2026-06-30,REDACTED,general_procurement,Adult Social Care,Transfer Payment,Adult Placement Allowances,2026-06-30 13:48:52.790,661.0,Redacted,redacted_supplier
Over500_2026_P03_-_published.xlsx:3443,Over500_2026_P03_-_published.xlsx,3443,2026-06-15,REDACTED,general_procurement,Adult Social Care,Transfer Payment,Adult Placement Allowances,2026-06-15 11:56:48.913,1020.5,Redacted,redacted_supplier
Over500_2026_P03_-_published.xlsx:3446,Over500_2026_P03_-_published.xlsx,3446,2026-06-12,REDACTED,premises_non_procurement,"Finance, Property & Procurement",Transfer Payment,Rent Rebates,2026-06-12 12:26:58.333,3620.44,Redacted,redacted_supplier
Over500_2026_P03_-_published.xlsx:3447,Over500_2026_P03_-_published.xlsx,3447,2026-06-12,REDACTED,premises_non_procurement,"Finance, Property & Procurement",Transfer Payment,Rent Rebates,2026-06-12 12:26:58.333,1470.8,Redacted,redacted_supplier
Over500_2026_P03_-_published.xlsx:3448,Over500_2026_P03_-_published.xlsx,3448,2026-06-12,REDACTED,premises_non_procurement,"Finance, Property & Procurement",Transfer Payment,Rent Rebates,2026-06-12 12:26:58.333,1148.2,Redacted,redacted_supplier
Over500_2026_P03_-_published.xlsx:3449,Over500_2026_P03_-_published.xlsx,3449,2026-06-17,REDACTED,general_procurement,Adult Social Care,Transfer Payment,Direct Payment,2026-06-17 10:32:49.720,2000.92,Redacted,redacted_supplier
Over500_2026_P03_-_published.xlsx:3450,Over500_2026_P03_-_published.xlsx,3450,2026-06-17,REDACTED,general_procurement,Adult Social Care,Transfer Payment,Direct Payment,2026-06-17 10:32:49.720,3799.76,Redacted,redacted_supplier
Over500_2026_P03_-_published.xlsx:3451,Over500_2026_P03_-_published.xlsx,3451,2026-06-17,REDACTED,general_procurement,Adult Social Care,Transfer Payment,Direct Payment,2026-06-17 10:32:49.720,2810.44,Redacted,redacted_supplier
Over500_2026_P03_-_published.xlsx:3452,Over500_2026_P03_-_published.xlsx,3452,2026-06-17,REDACTED,general_procurement,Adult Social Care,Transfer Payment,Direct Payment,2026-06-17 10:32:49.720,1129.96,Redacted,redacted_supplier
Over500_2026_P03_-_published.xlsx:3453,Over500_2026_P03_-_published.xlsx,3453,2026-06-17,REDACTED,general_procurement,Adult Social Care,Transfer Payment,Direct Payment,2026-06-17 10:32:49.720,3276.76,Redacted,redacted_supplier
Over500_2026_P03_-_published.xlsx:3454,Over500_2026_P03_-_published.xlsx,3454,2026-06-17,REDACTED,general_procurement,Adult Social Care,Transfer Payment,Direct Payment,2026-06-17 10:32:49.720,1915.92,Redacted,redacted_supplier
Over500_2026_P03_-_published.xlsx:3455,Over500_2026_P03_-_published.xlsx,3455,2026-06-17,REDACTED,general_procurement,Adult Social Care,Transfer Payment,Direct Payment,2026-06-17 10:32:49.720,1063.24,Redacted,redacted_supplier
Over500_2026_P03_-_published.xlsx:3456,Over500_2026_P03_-_published.xlsx,3456,2026-06-17,REDACTED,general_procurement,Adult Social Care,Transfer Payment,Direct Payment,2026-06-17 10:32:49.720,2591.64,Redacted,redacted_supplier
Over500_2026_P03_-_published.xlsx:3457,Over500_2026_P03_-_published.xlsx,3457,2026-06-03,REDACTED,general_procurement,Adult Social Care,Transfer Payment,Direct Payment,2026-06-03 09:57:27.700,23756.89,Redacted,redacted_supplier
Over500_2026_P03_-_published.xlsx:3458,Over500_2026_P03_-_published.xlsx,3458,2026-06-17,REDACTED,general_procurement,Adult Social Care,Transfer Payment,Direct Payment,2026-06-17 10:32:49.720,2992.6,Redacted,redacted_supplier
Over500_2026_P03_-_published.xlsx:3459,Over500_2026_P03_-_published.xlsx,3459,2026-06-17,REDACTED,general_procurement,Adult Social Care,Transfer Payment,Direct Payment,2026-06-17 10:32:49.720,4433.6,Redacted,redacted_supplier
Over500_2026_P03_-_published.xlsx:3460,Over500_2026_P03_-_published.xlsx,3460,2026-06-17,REDACTED,general_procurement,Adult Social Care,Transfer Payment,Direct Payment,2026-06-17 10:32:49.720,4800.0,Redacted,redacted_supplier
Over500_2026_P03_-_published.xlsx:3461,Over500_2026_P03_-_published.xlsx,3461,2026-06-17,REDACTED,general_procurement,Adult Social Care,Transfer Payment,Direct Payment,2026-06-17 10:32:49.720,1232.0,Redacted,redacted_supplier
Over500_2026_P03_-_published.xlsx:3462,Over500_2026_P03_-_published.xlsx,3462,2026-06-17,REDACTED,general_procurement,Adult Social Care,Transfer Payment,Direct Payment,2026-06-17 10:32:49.720,4400.0,Redacted,redacted_supplier
Over500_2026_P03_-_published.xlsx:3463,Over500_2026_P03_-_published.xlsx,3463,2026-06-17,REDACTED,general_procurement,Adult Social Care,Transfer Payment,Direct Payment,2026-06-17 10:32:49.720,4441.68,Redacted,redacted_supplier
Over500_2026_P03_-_published.xlsx:3464,Over500_2026_P03_-_published.xlsx,3464,2026-06-17,REDACTED,general_procurement,Adult Social Care,Transfer Payment,Direct Payment,2026-06-17 10:32:49.720,4928.0,Redacted,redacted_supplier
Over500_2026_P03_-_published.xlsx:3466,Over500_2026_P03_-_published.xlsx,3466,2026-06-17,REDACTED,general_procurement,Adult Social Care,Transfer Payment,Direct Payment,2026-06-17 10:32:49.720,9248.4,Redacted,redacted_supplier
Over500_2026_P03_-_published.xlsx:3467,Over500_2026_P03_-_published.xlsx,3467,2026-06-17,REDACTED,general_procurement,Adult Social Care,Transfer Payment,Direct Payment,2026-06-17 10:32:49.720,2745.08,Redacted,redacted_supplier
Over500_2026_P03_-_published.xlsx:3468,Over500_2026_P03_-_published.xlsx,3468,2026-06-17,REDACTED,general_procurement,Adult Social Care,Transfer Payment,Direct Payment,2026-06-17 10:32:49.720,2505.68,Redacted,redacted_supplier
Over500_2026_P03_-_published.xlsx:3469,Over500_2026_P03_-_published.xlsx,3469,2026-06-17,REDACTED,general_procurement,Adult Social Care,Transfer Payment,Direct Payment,2026-06-17 10:32:49.720,1496.16,Redacted,redacted_supplier
Over500_2026_P03_-_published.xlsx:3470,Over500_2026_P03_-_published.xlsx,3470,2026-06-17,REDACTED,general_procurement,Adult Social Care,Transfer Payment,Direct Payment,2026-06-17 10:32:49.720,9747.76,Redacted,redacted_supplier
Over500_2026_P03_-_published.xlsx:3472,Over500_2026_P03_-_published.xlsx,3472,2026-06-17,REDACTED,general_procurement,Adult Social Care,Transfer Payment,Direct Payment,2026-06-17 10:32:49.720,1744.8,Redacted,redacted_supplier
Over500_2026_P03_-_published.xlsx:3473,Over500_2026_P03_-_published.xlsx,3473,2026-06-17,REDACTED,general_procurement,Adult Social Care,Transfer Payment,Direct Payment,2026-06-17 10:32:49.720,1455.92,Redacted,redacted_supplier
Over500_2026_P03_-_published.xlsx:3474,Over500_2026_P03_-_published.xlsx,3474,2026-06-17,REDACTED,general_procurement,Adult Social Care,Transfer Payment,Direct Payment,2026-06-17 10:32:49.720,6745.08,Redacted,redacted_supplier
Over500_2026_P03_-_published.xlsx:3475,Over500_2026_P03_-_published.xlsx,3475,2026-06-17,REDACTED,general_procurement,Adult Social Care,Transfer Payment,Direct Payment,2026-06-17 10:32:49.720,12400.0,Redacted,redacted_supplier
Over500_2026_P03_-_published.xlsx:3476,Over500_2026_P03_-_published.xlsx,3476,2026-06-17,REDACTED,general_procurement,Adult Social Care,Transfer Payment,Direct Payment,2026-06-17 10:32:49.720,4343.92,Redacted,redacted_supplier
Over500_2026_P03_-_published.xlsx:3477,Over500_2026_P03_-_published.xlsx,3477,2026-06-17,REDACTED,general_procurement,Adult Social Care,Transfer Payment,Direct Payment,2026-06-17 10:32:49.720,962.96,Redacted,redacted_supplier
Over500_2026_P03_-_published.xlsx:3478,Over500_2026_P03_-_published.xlsx,3478,2026-06-17,REDACTED,general_procurement,Adult Social Care,Transfer Payment,Direct Payment,2026-06-17 10:32:49.720,3321.84,Redacted,redacted_supplier
Over500_2026_P03_-_published.xlsx:3479,Over500_2026_P03_-_published.xlsx,3479,2026-06-17,REDACTED,general_procurement,Adult Social Care,Transfer Payment,Direct Payment,2026-06-17 10:32:49.720,2239.88,Redacted,redacted_supplier
Over500_2026_P03_-_published.xlsx:3480,Over500_2026_P03_-_published.xlsx,3480,2026-06-17,REDACTED,general_procurement,Adult Social Care,Transfer Payment,Direct Payment,2026-06-17 10:32:49.720,737.6,Redacted,redacted_supplier
Over500_2026_P03_-_published.xlsx:3481,Over500_2026_P03_-_published.xlsx,3481,2026-06-17,REDACTED,general_procurement,Adult Social Care,Transfer Payment,Direct Payment,2026-06-17 10:32:49.720,1409.92,Redacted,redacted_supplier
Over500_2026_P03_-_published.xlsx:3482,Over500_2026_P03_-_published.xlsx,3482,2026-06-17,REDACTED,general_procurement,Adult Social Care,Transfer Payment,Direct Payment,2026-06-17 10:32:49.720,504.72,Redacted,redacted_supplier
Over500_2026_P03_-_published.xlsx:3483,Over500_2026_P03_-_published.xlsx,3483,2026-06-17,REDACTED,general_procurement,Adult Social Care,Transfer Payment,Direct Payment,2026-06-17 10:32:49.720,1432.0,Redacted,redacted_supplier
Over500_2026_P03_-_published.xlsx:3484,Over500_2026_P03_-_published.xlsx,3484,2026-06-17,REDACTED,general_procurement,Adult Social Care,Transfer Payment,Direct Payment,2026-06-17 10:32:49.720,2158.96,Redacted,redacted_supplier
Over500_2026_P03_-_published.xlsx:3485,Over500_2026_P03_-_published.xlsx,3485,2026-06-17,REDACTED,general_procurement,Adult Social Care,Transfer Payment,Direct Payment,2026-06-17 10:32:49.720,9073.64,Redacted,redacted_supplier
Over500_2026_P03_-_published.xlsx:3487,Over500_2026_P03_-_published.xlsx,3487,2026-06-17,REDACTED,general_procurement,Adult Social Care,Transfer Payment,Direct Payment,2026-06-17 10:32:49.720,1599.92,Redacted,redacted_supplier
Over500_2026_P03_-_published.xlsx:3488,Over500_2026_P03_-_published.xlsx,3488,2026-06-18,REDACTED,general_procurement,Children's Social Care,Transfer Payment,Direct Payment,2026-06-18 07:44:00.740,508.81,Redacted,redacted_supplier
Over500_2026_P03_-_published.xlsx:3489,Over500_2026_P03_-_published.xlsx,3489,2026-06-18,REDACTED,general_procurement,Children's Social Care,Transfer Payment,Direct Payment,2026-06-18 07:44:00.740,2314.2,Redacted,redacted_supplier
Over500_2026_P03_-_published.xlsx:3490,Over500_2026_P03_-_published.xlsx,3490,2026-06-18,REDACTED,general_procurement,Children's Social Care,Transfer Payment,Direct Payment,2026-06-18 07:44:00.740,1017.4,Redacted,redacted_supplier
Over500_2026_P03_-_published.xlsx:3491,Over500_2026_P03_-_published.xlsx,3491,2026-06-18,REDACTED,general_procurement,Education (DSG Funded) & Other Education Grants,Transfer Payment,Direct Payment,2026-06-18 13:11:34.213,975.0,Redacted,redacted_supplier
Over500_2026_P03_-_published.xlsx:3492,Over500_2026_P03_-_published.xlsx,3492,2026-06-03,REDACTED,general_procurement,Adult Social Care,Transfer Payment,Adult Placement Allowances,2026-06-03 12:42:08.850,568.6,Redacted,redacted_supplier
Over500_2026_P03_-_published.xlsx:3493,Over500_2026_P03_-_published.xlsx,3493,2026-06-03,REDACTED,general_procurement,Adult Social Care,Transfer Payment,Adult Placement Allowances,2026-06-03 12:42:08.850,797.2,Redacted,redacted_supplier
Over500_2026_P03_-_published.xlsx:3494,Over500_2026_P03_-_published.xlsx,3494,2026-06-03,REDACTED,general_procurement,Adult Social Care,Transfer Payment,Adult Placement Allowances,2026-06-03 12:42:08.850,797.2,Redacted,redacted_supplier
Over500_2026_P03_-_published.xlsx:3495,Over500_2026_P03_-_published.xlsx,3495,2026-06-03,REDACTED,general_procurement,Adult Social Care,Transfer Payment,Adult Placement Allowances,2026-06-03 12:42:08.850,844.8,Redacted,redacted_supplier
Over500_2026_P03_-_published.xlsx:3496,Over500_2026_P03_-_published.xlsx,3496,2026-06-03,REDACTED,general_procurement,Adult Social Care,Transfer Payment,Adult Placement Allowances,2026-06-03 12:42:08.850,797.2,Redacted,redacted_supplier
Over500_2026_P03_-_published.xlsx:3497,Over500_2026_P03_-_published.xlsx,3497,2026-06-03,REDACTED,general_procurement,Adult Social Care,Transfer Payment,Adult Placement Allowances,2026-06-03 12:42:08.850,2111.58,Redacted,redacted_supplier
Over500_2026_P03_-_published.xlsx:3498,Over500_2026_P03_-_published.xlsx,3498,2026-06-03,REDACTED,general_procurement,Adult Social Care,Transfer Payment,Adult Placement Allowances,2026-06-03 12:42:08.850,568.6,Redacted,redacted_supplier
Over500_2026_P03_-_published.xlsx:3499,Over500_2026_P03_-_published.xlsx,3499,2026-06-03,REDACTED,general_procurement,Adult Social Care,Transfer Payment,Adult Placement Allowances,2026-06-03 12:42:08.850,811.0,Redacted,redacted_supplier
Over500_2026_P03_-_published.xlsx:3500,Over500_2026_P03_-_published.xlsx,3500,2026-06-03,REDACTED,general_procurement,Adult Social Care,Transfer Payment,Adult Placement Allowances,2026-06-03 12:42:08.850,661.0,Redacted,redacted_supplier
Over500_2026_P03_-_published.xlsx:3501,Over500_2026_P03_-_published.xlsx,3501,2026-06-03,REDACTED,general_procurement,Adult Social Care,Transfer Payment,Adult Placement Allowances,2026-06-03 12:42:08.850,797.2,Redacted,redacted_supplier
Over500_2026_P03_-_published.xlsx:3502,Over500_2026_P03_-_published.xlsx,3502,2026-06-10,REDACTED,general_procurement,Adult Social Care,Transfer Payment,Adult Placement Allowances,2026-06-10 10:32:24.047,918.5,Redacted,redacted_supplier
Over500_2026_P03_-_published.xlsx:3503,Over500_2026_P03_-_published.xlsx,3503,2026-06-10,REDACTED,general_procurement,Adult Social Care,Transfer Payment,Adult Placement Allowances,2026-06-10 10:32:24.047,537.0,Redacted,redacted_supplier
Over500_2026_P03_-_published.xlsx:3504,Over500_2026_P03_-_published.xlsx,3504,2026-06-10,REDACTED,general_procurement,Adult Social Care,Transfer Payment,Adult Placement Allowances,2026-06-10 10:32:24.047,656.2,Redacted,redacted_supplier
Over500_2026_P03_-_published.xlsx:3505,Over500_2026_P03_-_published.xlsx,3505,2026-06-15,REDACTED,general_procurement,Adult Social Care,Transfer Payment,Adult Placement Allowances,2026-06-15 11:56:48.913,661.0,Redacted,redacted_supplier
Over500_2026_P03_-_published.xlsx:3506,Over500_2026_P03_-_published.xlsx,3506,2026-06-15,REDACTED,general_procurement,Adult Social Care,Transfer Payment,Adult Placement Allowances,2026-06-15 11:56:48.913,797.2,Redacted,redacted_supplier
Over500_2026_P03_-_published.xlsx:3507,Over500_2026_P03_-_published.xlsx,3507,2026-06-15,REDACTED,general_procurement,Adult Social Care,Transfer Payment,Adult Placement Allowances,2026-06-15 11:56:48.913,661.0,Redacted,redacted_supplier
Over500_2026_P03_-_published.xlsx:3508,Over500_2026_P03_-_published.xlsx,3508,2026-06-15,REDACTED,general_procurement,Adult Social Care,Transfer Payment,Adult Placement Allowances,2026-06-15 11:56:48.913,661.0,Redacted,redacted_supplier
Over500_2026_P03_-_published.xlsx:3509,Over500_2026_P03_-_published.xlsx,3509,2026-06-15,REDACTED,general_procurement,Adult Social Care,Transfer Payment,Adult Placement Allowances,2026-06-15 11:56:48.913,584.5,Redacted,redacted_supplier
Over500_2026_P03_-_published.xlsx:3510,Over500_2026_P03_-_published.xlsx,3510,2026-06-15,REDACTED,general_procurement,Adult Social Care,Transfer Payment,Adult Placement Allowances,2026-06-15 11:56:48.913,661.0,Redacted,redacted_supplier
Over500_2026_P03_-_published.xlsx:3511,Over500_2026_P03_-_published.xlsx,3511,2026-06-22,REDACTED,general_procurement,Adult Social Care,Transfer Payment,Adult Placement Allowances,2026-06-22 10:26:48.320,992.8,Redacted,redacted_supplier
Over500_2026_P03_-_published.xlsx:3512,Over500_2026_P03_-_published.xlsx,3512,2026-06-30,REDACTED,general_procurement,Adult Social Care,Transfer Payment,Adult Placement Allowances,2026-06-30 13:48:52.790,968.76,Redacted,redacted_supplier
Over500_2026_P03_-_published.xlsx:3513,Over500_2026_P03_-_published.xlsx,3513,2026-06-30,REDACTED,general_procurement,Adult Social Care,Transfer Payment,Adult Placement Allowances,2026-06-30 13:48:52.790,1147.9,Redacted,redacted_supplier
Over500_2026_P03_-_published.xlsx:3514,Over500_2026_P03_-_published.xlsx,3514,2026-06-30,REDACTED,general_procurement,Adult Social Care,Transfer Payment,Adult Placement Allowances,2026-06-30 13:48:52.790,661.0,Redacted,redacted_supplier
Over500_2026_P03_-_published.xlsx:3515,Over500_2026_P03_-_published.xlsx,3515,2026-06-30,REDACTED,general_procurement,Adult Social Care,Transfer Payment,Adult Placement Allowances,2026-06-30 13:48:52.790,568.6,Redacted,redacted_supplier
Over500_2026_P03_-_published.xlsx:3516,Over500_2026_P03_-_published.xlsx,3516,2026-06-30,REDACTED,general_procurement,Adult Social Care,Transfer Payment,Adult Placement Allowances,2026-06-30 13:48:52.790,811.0,Redacted,redacted_supplier
Over500_2026_P03_-_published.xlsx:3517,Over500_2026_P03_-_published.xlsx,3517,2026-06-30,REDACTED,general_procurement,Adult Social Care,Transfer Payment,Adult Placement Allowances,2026-06-30 13:48:52.790,797.2,Redacted,redacted_supplier
Over500_2026_P03_-_published.xlsx:3518,Over500_2026_P03_-_published.xlsx,3518,2026-06-30,REDACTED,general_procurement,Adult Social Care,Transfer Payment,Adult Placement Allowances,2026-06-30 13:48:52.790,797.2,Redacted,redacted_supplier
Over500_2026_P03_-_published.xlsx:3519,Over500_2026_P03_-_published.xlsx,3519,2026-06-30,REDACTED,general_procurement,Adult Social Care,Transfer Payment,Adult Placement Allowances,2026-06-30 13:48:52.790,940.95,Redacted,redacted_supplier
Over500_2026_P03_-_published.xlsx:3520,Over500_2026_P03_-_published.xlsx,3520,2026-06-03,REDACTED,general_procurement,Adult Social Care,Transfer Payment,Adult Placement Allowances,2026-06-03 12:42:08.850,1020.5,Redacted,redacted_supplier
Over500_2026_P03_-_published.xlsx:3521,Over500_2026_P03_-_published.xlsx,3521,2026-06-30,REDACTED,general_procurement,Adult Social Care,,ASC Deferred Debt,2026-06-30 09:11:26.710,2224.6,Redacted,redacted_supplier
Over500_2026_P03_-_published.xlsx:3522,Over500_2026_P03_-_published.xlsx,3522,2026-06-30,REDACTED,general_procurement,Adult Social Care,,ASC Deferred Debt,2026-06-30 09:11:26.710,4332.4,Redacted,redacted_supplier
Over500_2026_P03_-_published.xlsx:3523,Over500_2026_P03_-_published.xlsx,3523,2026-06-30,REDACTED,general_procurement,Adult Social Care,,ASC Deferred Debt,2026-06-30 09:11:26.710,2703.32,Redacted,redacted_supplier
Over500_2026_P03_-_published.xlsx:3524,Over500_2026_P03_-_published.xlsx,3524,2026-06-30,REDACTED,general_procurement,Adult Social Care,,ASC Deferred Debt,2026-06-30 09:11:26.710,3121.56,Redacted,redacted_supplier
Over500_2026_P03_-_published.xlsx:3525,Over500_2026_P03_-_published.xlsx,3525,2026-06-30,REDACTED,general_procurement,Adult Social Care,,ASC Deferred Debt,2026-06-30 09:11:26.710,4465.32,Redacted,redacted_supplier
Over500_2026_P03_-_published.xlsx:3526,Over500_2026_P03_-_published.xlsx,3526,2026-06-30,REDACTED,general_procurement,Adult Social Care,,ASC Deferred Debt,2026-06-30 09:11:26.710,5325.8,Redacted,redacted_supplier
Over500_2026_P03_-_published.xlsx:3527,Over500_2026_P03_-_published.xlsx,3527,2026-06-30,REDACTED,general_procurement,Adult Social Care,,ASC Deferred Debt,2026-06-30 09:11:26.710,6089.12,Redacted,redacted_supplier
Over500_2026_P03_-_published.xlsx:3528,Over500_2026_P03_-_published.xlsx,3528,2026-06-30,REDACTED,general_procurement,Adult Social Care,,ASC Deferred Debt,2026-06-30 09:11:26.710,4777.89,Redacted,redacted_supplier
Over500_2026_P03_-_published.xlsx:3529,Over500_2026_P03_-_published.xlsx,3529,2026-06-30,REDACTED,general_procurement,Adult Social Care,,ASC Deferred Debt,2026-06-30 19:53:30.373,11004.53,Redacted,redacted_supplier
Over500_2026_P03_-_published.xlsx:3530,Over500_2026_P03_-_published.xlsx,3530,2026-06-30,REDACTED,general_procurement,Adult Social Care,,ASC Deferred Debt,2026-06-30 19:53:30.373,12220.15,Redacted,redacted_supplier
Over500_2026_P03_-_published.xlsx:3531,Over500_2026_P03_-_published.xlsx,3531,2026-06-30,REDACTED,general_procurement,Adult Social Care,,ASC Deferred Debt,2026-06-30 09:11:26.710,5069.8,Redacted,redacted_supplier
Over500_2026_P03_-_published.xlsx:3532,Over500_2026_P03_-_published.xlsx,3532,2026-06-30,REDACTED,general_procurement,Adult Social Care,,ASC Deferred Debt,2026-06-30 09:11:26.710,2936.36,Redacted,redacted_supplier
Over500_2026_P03_-_published.xlsx:3533,Over500_2026_P03_-_published.xlsx,3533,2026-06-30,REDACTED,general_procurement,Adult Social Care,,ASC Deferred Debt,2026-06-30 09:11:26.710,3170.36,Redacted,redacted_supplier
Over500_2026_P03_-_published.xlsx:3534,Over500_2026_P03_-_published.xlsx,3534,2026-06-30,REDACTED,general_procurement,Adult Social Care,,ASC Deferred Debt,2026-06-30 09:11:26.710,3664.08,Redacted,redacted_supplier
Over500_2026_P03_-_published.xlsx:3535,Over500_2026_P03_-_published.xlsx,3535,2026-06-30,REDACTED,general_procurement,Adult Social Care,,ASC Deferred Debt,2026-06-30 09:11:26.710,4834.92,Redacted,redacted_supplier
Over500_2026_P03_-_published.xlsx:3536,Over500_2026_P03_-_published.xlsx,3536,2026-06-30,REDACTED,general_procurement,Adult Social Care,,ASC Deferred Debt,2026-06-30 09:11:26.710,5445.6,Redacted,redacted_supplier
Over500_2026_P03_-_published.xlsx:3537,Over500_2026_P03_-_published.xlsx,3537,2026-06-30,REDACTED,general_procurement,Adult Social Care,,ASC Deferred Debt,2026-06-30 09:11:26.710,3896.62,Redacted,redacted_supplier
Over500_2026_P03_-_published.xlsx:3538,Over500_2026_P03_-_published.xlsx,3538,2026-06-30,REDACTED,general_procurement,Adult Social Care,,ASC Deferred Debt,2026-06-30 09:11:26.710,4689.12,Redacted,redacted_supplier
Over500_2026_P03_-_published.xlsx:3539,Over500_2026_P03_-_published.xlsx,3539,2026-06-30,REDACTED,general_procurement,Adult Social Care,,ASC Deferred Debt,2026-06-30 09:11:26.710,2144.52,Redacted,redacted_supplier
Over500_2026_P03_-_published.xlsx:3540,Over500_2026_P03_-_published.xlsx,3540,2026-06-30,REDACTED,general_procurement,Adult Social Care,,ASC Deferred Debt,2026-06-30 09:11:26.710,4467.44,Redacted,redacted_supplier
Over500_2026_P03_-_published.xlsx:3541,Over500_2026_P03_-_published.xlsx,3541,2026-06-30,REDACTED,general_procurement,Adult Social Care,,ASC Deferred Debt,2026-06-30 09:11:26.710,4731.4,Redacted,redacted_supplier
Over500_2026_P03_-_published.xlsx:3542,Over500_2026_P03_-_published.xlsx,3542,2026-06-30,REDACTED,general_procurement,Adult Social Care,,ASC Deferred Debt,2026-06-30 09:11:26.710,3788.56,Redacted,redacted_supplier
Over500_2026_P03_-_published.xlsx:3543,Over500_2026_P03_-_published.xlsx,3543,2026-06-30,REDACTED,general_procurement,Adult Social Care,,ASC Deferred Debt,2026-06-30 09:11:26.710,2234.72,Redacted,redacted_supplier
Over500_2026_P03_-_published.xlsx:3544,Over500_2026_P03_-_published.xlsx,3544,2026-06-17,ROYAL BOROUGH OF WINDSOR AND MAIDENHEAD,general_procurement,Finance,,LGPS Employees Control,2026-06-17 02:04:27.993,453296.47,Royal Borough of Windsor and Maidenhead,pension_statutory
Over500_2026_P03_-_published.xlsx:3545,Over500_2026_P03_-_published.xlsx,3545,2026-06-17,ROYAL BOROUGH OF WINDSOR AND MAIDENHEAD,general_procurement,Finance,,Teachers LGPS ERS Control,2026-06-17 02:04:27.993,952677.58,Royal Borough of Windsor and Maidenhead,pension_statutory
Over500_2026_P03_-_published.xlsx:3548,Over500_2026_P03_-_published.xlsx,3548,2026-06-17,ROYAL BOROUGH OF WINDSOR AND MAIDENHEAD,general_procurement,Finance,,LGPS Employers Control,2026-06-17 02:04:27.993,1102577.32,Royal Borough of Windsor and Maidenhead,pension_statutory
Over500_2026_P03_-_published.xlsx:3549,Over500_2026_P03_-_published.xlsx,3549,2026-06-02,WEST BERKSHIRE COUNCIL,general_procurement,Finance,,Council Tax Court Orders,2026-06-02 14:34:42.977,2142.56,WEST BERKSHIRE COUNCIL,inter_authority
Over500_2026_P04_-_published.xlsx:3,Over500_2026_P04_-_published.xlsx,3,2026-07-21,ROYAL BOROUGH OF WINDSOR AND MAIDENHEAD,general_procurement,Strategy & Governance,Employees,Employers LGPS Deficit Contribution,2026-07-21 08:45:31.403,575000.0,Royal Borough of Windsor and Maidenhead,pension_statutory
Over500_2026_P04_-_published.xlsx:93,Over500_2026_P04_-_published.xlsx,93,2026-07-08,REDACTED,premises_non_procurement,Development & Housing,Premises,Rents,2026-07-08 15:17:41.820,2371.0,Redacted,redacted_supplier
Over500_2026_P04_-_published.xlsx:106,Over500_2026_P04_-_published.xlsx,106,2026-07-01,REDACTED,premises_non_procurement,Development & Housing,Premises,Rents,2026-07-01 16:13:49.317,1242.0,Redacted,redacted_supplier
Over500_2026_P04_-_published.xlsx:107,Over500_2026_P04_-_published.xlsx,107,2026-07-08,REDACTED,premises_non_procurement,Development & Housing,Premises,Rents,2026-07-08 15:23:51.787,1855.15,Redacted,redacted_supplier
Over500_2026_P04_-_published.xlsx:117,Over500_2026_P04_-_published.xlsx,117,2026-07-17,REDACTED,premises_non_procurement,Development & Housing,Premises,Rents,2026-07-17 13:36:38.400,700.0,Redacted,redacted_supplier
Over500_2026_P04_-_published.xlsx:349,Over500_2026_P04_-_published.xlsx,349,2026-07-20,REDACTED,general_procurement,Children's Social Care,Supplies & Services,Public Transport,2026-07-20 16:11:58.650,843.7,Redacted,redacted_supplier
Over500_2026_P04_-_published.xlsx:350,Over500_2026_P04_-_published.xlsx,350,2026-07-20,REDACTED,general_procurement,Children's Social Care,Supplies & Services,Public Transport,2026-07-20 16:11:58.650,592.35,Redacted,redacted_supplier
Over500_2026_P04_-_published.xlsx:483,Over500_2026_P04_-_published.xlsx,483,2026-07-20,REDACTED,general_procurement,Children's Social Care,Supplies & Services,Public Transport,2026-07-20 16:11:58.650,634.7,Redacted,redacted_supplier
Over500_2026_P04_-_published.xlsx:502,Over500_2026_P04_-_published.xlsx,502,2026-07-15,BERKSHIRE HEALTHCARE NHS FOUNDATION TRUST,general_procurement,Education & SEND,Supplies & Services,Training Third Parties,2026-07-15 06:04:25.703,743.33,BERKSHIRE HEALTHCARE NHS FOUNDATION TRUST,inter_authority
Over500_2026_P04_-_published.xlsx:506,Over500_2026_P04_-_published.xlsx,506,2026-07-09,HAMPSHIRE COUNTY COUNCIL,general_procurement,Strategy & Governance,Supplies & Services,Legal Fees,2026-07-09 08:57:40.100,3997.4,HAMPSHIRE COUNTY COUNCIL,inter_authority
Over500_2026_P04_-_published.xlsx:507,Over500_2026_P04_-_published.xlsx,507,2026-07-01,REDACTED,general_procurement,Strategy & Governance,Supplies & Services,Legal Fees,2026-07-01 09:57:25.773,2500.0,Redacted,redacted_supplier
Over500_2026_P04_-_published.xlsx:587,Over500_2026_P04_-_published.xlsx,587,2026-07-21,REDACTED,grant,Development & Housing,Supplies & Services,Grants,2026-07-21 10:09:31.353,1150.0,Redacted,redacted_supplier
Over500_2026_P04_-_published.xlsx:632,Over500_2026_P04_-_published.xlsx,632,2026-07-01,GREAT SHEFFORD PARISH COUNCIL,general_procurement,Community Services,Supplies & Services,Ex-Gratia payment,2026-07-01 14:57:11.270,2571.0,GREAT SHEFFORD PARISH COUNCIL,inter_authority
Over500_2026_P04_-_published.xlsx:710,Over500_2026_P04_-_published.xlsx,710,2026-07-22,REDACTED,grant,Development & Housing,Supplies & Services,Grants,2026-07-22 15:06:44.650,643.28,Redacted,redacted_supplier
Over500_2026_P04_-_published.xlsx:712,Over500_2026_P04_-_published.xlsx,712,2026-07-29,HAMPSHIRE COUNTY COUNCIL,general_procurement,Education & SEND,Supplies & Services,Subscriptions,2026-07-29 09:47:34.520,5649.75,HAMPSHIRE COUNTY COUNCIL,inter_authority
Over500_2026_P04_-_published.xlsx:776,Over500_2026_P04_-_published.xlsx,776,2026-07-08,HAMPSHIRE COUNTY COUNCIL,general_procurement,Education & SEND,Supplies & Services,Subscriptions,2026-07-08 17:34:01.993,5649.75,HAMPSHIRE COUNTY COUNCIL,inter_authority
Over500_2026_P04_-_published.xlsx:782,Over500_2026_P04_-_published.xlsx,782,2026-07-01,READING BOROUGH COUNCIL,general_procurement,Adult Social Care,Third Party Payments,Payments to Other Local Authorities (excl Joint Arrangements),2026-07-01 11:03:57.340,1368.0,READING BOROUGH COUNCIL,inter_authority
Over500_2026_P04_-_published.xlsx:800,Over500_2026_P04_-_published.xlsx,800,2026-07-01,READING BOROUGH COUNCIL,general_procurement,Adult Social Care,Third Party Payments,Payments to Other Local Authorities (excl Joint Arrangements),2026-07-01 11:03:57.340,707.0,READING BOROUGH COUNCIL,inter_authority
Over500_2026_P04_-_published.xlsx:801,Over500_2026_P04_-_published.xlsx,801,2026-07-31,THAMES VALLEY POLICE,general_procurement,Community Services,Third Party Payments,Payments to Other Local Authorities (excl Joint Arrangements),2026-07-31 10:44:17.890,14701.0,THAMES VALLEY POLICE,inter_authority
Over500_2026_P04_-_published.xlsx:843,Over500_2026_P04_-_published.xlsx,843,2026-07-08,OXFORDSHIRE COUNTY COUNCIL,general_procurement,Adult Social Care,Third Party Payments,Payments to Other Local Authorities (excl Joint Arrangements),2026-07-08 10:43:22.513,1212.22,OXFORDSHIRE COUNTY COUNCIL,inter_authority
Over500_2026_P04_-_published.xlsx:844,Over500_2026_P04_-_published.xlsx,844,2026-07-29,READING BOROUGH COUNCIL,general_procurement,Adult Social Care,Third Party Payments,Payments to Other Local Authorities (excl Joint Arrangements),2026-07-29 11:34:52.340,2462.4,READING BOROUGH COUNCIL,inter_authority
Over500_2026_P04_-_published.xlsx:845,Over500_2026_P04_-_published.xlsx,845,2026-07-29,READING BOROUGH COUNCIL,general_procurement,Adult Social Care,Third Party Payments,Payments to Other Local Authorities (excl Joint Arrangements),2026-07-29 11:34:52.340,808.0,READING BOROUGH COUNCIL,inter_authority
Over500_2026_P04_-_published.xlsx:846,Over500_2026_P04_-_published.xlsx,846,2026-07-29,OXFORDSHIRE COUNTY COUNCIL,general_procurement,Adult Social Care,Third Party Payments,Payments to Other Local Authorities (excl Joint Arrangements),2026-07-29 11:34:52.340,1409.68,OXFORDSHIRE COUNTY COUNCIL,inter_authority
Over500_2026_P04_-_published.xlsx:976,Over500_2026_P04_-_published.xlsx,976,2026-07-02,HAMPSHIRE COUNTY COUNCIL,general_procurement,Strategy & Governance,Supplies & Services,Legal Fees,2026-07-02 09:47:22.533,4360.0,HAMPSHIRE COUNTY COUNCIL,inter_authority
Over500_2026_P04_-_published.xlsx:1179,Over500_2026_P04_-_published.xlsx,1179,2026-07-07,BUCKINGHAMSHIRE COUNCIL,grant,Education (DSG Funded) & Other Education Grants,Supplies & Services,Grants,2026-07-07 16:17:29.333,1000.0,Buckinghamshire Council,inter_authority
Over500_2026_P04_-_published.xlsx:1181,Over500_2026_P04_-_published.xlsx,1181,2026-07-31,HAMPSHIRE COUNTY COUNCIL,grant,Education (DSG Funded) & Other Education Grants,Supplies & Services,Grants,2026-07-31 14:33:46.677,3650.0,HAMPSHIRE COUNTY COUNCIL,inter_authority
Over500_2026_P04_-_published.xlsx:1401,Over500_2026_P04_-_published.xlsx,1401,2026-07-15,OXFORDSHIRE COUNTY COUNCIL,general_procurement,Adult Social Care,Third Party Payments,Payments to Other Local Authorities (excl Joint Arrangements),2026-07-15 10:33:10.383,1289.7,OXFORDSHIRE COUNTY COUNCIL,inter_authority
Over500_2026_P04_-_published.xlsx:1402,Over500_2026_P04_-_published.xlsx,1402,2026-07-15,BERKSHIRE HEALTHCARE NHS FOUNDATION TRUST,general_procurement,Children's Social Care,Third Party Payments,Payments to NHS (excl Joint Arrangement),2026-07-15 13:49:08.477,21833.33,BERKSHIRE HEALTHCARE NHS FOUNDATION TRUST,inter_authority
Over500_2026_P04_-_published.xlsx:3258,Over500_2026_P04_-_published.xlsx,3258,2026-07-14,REDACTED,general_procurement,Children's Social Care,Transfer Payment,Allowances for provision care,2026-07-14 11:17:43.957,1000.0,Redacted,redacted_supplier
Over500_2026_P04_-_published.xlsx:3259,Over500_2026_P04_-_published.xlsx,3259,2026-07-14,REDACTED,general_procurement,Children's Social Care,Transfer Payment,Allowances for provision care,2026-07-14 11:17:43.957,588.97,Redacted,redacted_supplier
Over500_2026_P04_-_published.xlsx:3260,Over500_2026_P04_-_published.xlsx,3260,2026-07-14,REDACTED,general_procurement,Children's Social Care,Transfer Payment,Allowances for provision care,2026-07-14 11:17:43.957,684.54,Redacted,redacted_supplier
Over500_2026_P04_-_published.xlsx:3261,Over500_2026_P04_-_published.xlsx,3261,2026-07-14,REDACTED,general_procurement,Children's Social Care,Transfer Payment,Allowances for provision care,2026-07-14 11:17:43.957,636.18,Redacted,redacted_supplier
Over500_2026_P04_-_published.xlsx:3262,Over500_2026_P04_-_published.xlsx,3262,2026-07-14,REDACTED,general_procurement,Children's Social Care,Transfer Payment,Allowances for provision care,2026-07-14 11:17:43.957,975.16,Redacted,redacted_supplier
Over500_2026_P04_-_published.xlsx:3263,Over500_2026_P04_-_published.xlsx,3263,2026-07-14,REDACTED,general_procurement,Children's Social Care,Transfer Payment,Allowances for provision care,2026-07-14 11:17:43.957,636.18,Redacted,redacted_supplier
Over500_2026_P04_-_published.xlsx:3264,Over500_2026_P04_-_published.xlsx,3264,2026-07-14,REDACTED,general_procurement,Children's Social Care,Transfer Payment,Allowances for provision care,2026-07-14 11:17:43.957,975.16,Redacted,redacted_supplier
Over500_2026_P04_-_published.xlsx:3265,Over500_2026_P04_-_published.xlsx,3265,2026-07-14,REDACTED,general_procurement,Children's Social Care,Transfer Payment,Allowances for provision care,2026-07-14 11:17:43.957,1000.0,Redacted,redacted_supplier
Over500_2026_P04_-_published.xlsx:3266,Over500_2026_P04_-_published.xlsx,3266,2026-07-14,REDACTED,general_procurement,Children's Social Care,Transfer Payment,Allowances for provision care,2026-07-14 11:17:43.957,547.35,Redacted,redacted_supplier
Over500_2026_P04_-_published.xlsx:3267,Over500_2026_P04_-_published.xlsx,3267,2026-07-14,REDACTED,general_procurement,Children's Social Care,Transfer Payment,Allowances for provision care,2026-07-14 11:17:43.957,975.16,Redacted,redacted_supplier
Over500_2026_P04_-_published.xlsx:3268,Over500_2026_P04_-_published.xlsx,3268,2026-07-14,REDACTED,general_procurement,Children's Social Care,Transfer Payment,Allowances for provision care,2026-07-14 11:17:43.957,916.18,Redacted,redacted_supplier
Over500_2026_P04_-_published.xlsx:3269,Over500_2026_P04_-_published.xlsx,3269,2026-07-14,REDACTED,general_procurement,Children's Social Care,Transfer Payment,Allowances for provision care,2026-07-14 11:17:43.957,1467.52,Redacted,redacted_supplier
Over500_2026_P04_-_published.xlsx:3291,Over500_2026_P04_-_published.xlsx,3291,2026-07-14,REDACTED,general_procurement,Children's Social Care,Transfer Payment,Allowances for provision care,2026-07-14 11:17:43.957,559.26,Redacted,redacted_supplier
Over500_2026_P04_-_published.xlsx:3292,Over500_2026_P04_-_published.xlsx,3292,2026-07-14,REDACTED,general_procurement,Children's Social Care,Transfer Payment,Allowances for provision care,2026-07-14 11:17:43.957,559.26,Redacted,redacted_supplier
Over500_2026_P04_-_published.xlsx:3293,Over500_2026_P04_-_published.xlsx,3293,2026-07-14,REDACTED,general_procurement,Children's Social Care,Transfer Payment,Allowances for provision care,2026-07-14 11:17:43.957,749.87,Redacted,redacted_supplier
Over500_2026_P04_-_published.xlsx:3294,Over500_2026_P04_-_published.xlsx,3294,2026-07-14,REDACTED,general_procurement,Children's Social Care,Transfer Payment,Allowances for provision care,2026-07-14 11:17:43.957,547.35,Redacted,redacted_supplier
Over500_2026_P04_-_published.xlsx:3295,Over500_2026_P04_-_published.xlsx,3295,2026-07-14,REDACTED,general_procurement,Children's Social Care,Transfer Payment,Allowances for provision care,2026-07-14 11:17:43.957,916.18,Redacted,redacted_supplier
Over500_2026_P04_-_published.xlsx:3296,Over500_2026_P04_-_published.xlsx,3296,2026-07-14,REDACTED,general_procurement,Children's Social Care,Transfer Payment,Allowances for provision care,2026-07-14 11:17:43.957,1209.7,Redacted,redacted_supplier
Over500_2026_P04_-_published.xlsx:3297,Over500_2026_P04_-_published.xlsx,3297,2026-07-14,REDACTED,general_procurement,Children's Social Care,Transfer Payment,Allowances for provision care,2026-07-14 11:17:43.957,615.77,Redacted,redacted_supplier
Over500_2026_P04_-_published.xlsx:3298,Over500_2026_P04_-_published.xlsx,3298,2026-07-14,REDACTED,general_procurement,Children's Social Care,Transfer Payment,Allowances for provision care,2026-07-14 11:17:43.957,975.16,Redacted,redacted_supplier
Over500_2026_P04_-_published.xlsx:3299,Over500_2026_P04_-_published.xlsx,3299,2026-07-14,REDACTED,general_procurement,Children's Social Care,Transfer Payment,Allowances for provision care,2026-07-14 11:17:43.957,1467.52,Redacted,redacted_supplier
Over500_2026_P04_-_published.xlsx:3300,Over500_2026_P04_-_published.xlsx,3300,2026-07-14,REDACTED,general_procurement,Children's Social Care,Transfer Payment,Allowances for provision care,2026-07-14 11:17:43.957,916.18,Redacted,redacted_supplier
Over500_2026_P04_-_published.xlsx:3301,Over500_2026_P04_-_published.xlsx,3301,2026-07-14,REDACTED,general_procurement,Children's Social Care,Transfer Payment,Allowances for provision care,2026-07-14 11:17:43.957,916.18,Redacted,redacted_supplier
Over500_2026_P04_-_published.xlsx:3338,Over500_2026_P04_-_published.xlsx,3338,2026-07-14,REDACTED,general_procurement,Children's Social Care,Transfer Payment,Allowances for provision care,2026-07-14 11:17:43.957,636.18,Redacted,redacted_supplier
Over500_2026_P04_-_published.xlsx:3339,Over500_2026_P04_-_published.xlsx,3339,2026-07-14,REDACTED,general_procurement,Children's Social Care,Transfer Payment,Allowances for provision care,2026-07-14 11:17:43.957,559.26,Redacted,redacted_supplier
Over500_2026_P04_-_published.xlsx:3340,Over500_2026_P04_-_published.xlsx,3340,2026-07-14,REDACTED,general_procurement,Children's Social Care,Transfer Payment,Allowances for provision care,2026-07-14 11:17:43.957,1209.7,Redacted,redacted_supplier
Over500_2026_P04_-_published.xlsx:3341,Over500_2026_P04_-_published.xlsx,3341,2026-07-14,REDACTED,general_procurement,Children's Social Care,Transfer Payment,Allowances for provision care,2026-07-14 11:17:43.957,818.04,Redacted,redacted_supplier
Over500_2026_P04_-_published.xlsx:3342,Over500_2026_P04_-_published.xlsx,3342,2026-07-14,REDACTED,general_procurement,Children's Social Care,Transfer Payment,Allowances for provision care,2026-07-14 11:17:43.957,1209.7,Redacted,redacted_supplier
Over500_2026_P04_-_published.xlsx:3343,Over500_2026_P04_-_published.xlsx,3343,2026-07-14,REDACTED,general_procurement,Children's Social Care,Transfer Payment,Allowances for provision care,2026-07-14 11:17:43.957,626.89,Redacted,redacted_supplier
Over500_2026_P04_-_published.xlsx:3344,Over500_2026_P04_-_published.xlsx,3344,2026-07-14,REDACTED,general_procurement,Children's Social Care,Transfer Payment,Allowances for provision care,2026-07-14 11:17:43.957,513.62,Redacted,redacted_supplier
Over500_2026_P04_-_published.xlsx:3345,Over500_2026_P04_-_published.xlsx,3345,2026-07-14,REDACTED,general_procurement,Children's Social Care,Transfer Payment,Allowances for provision care,2026-07-14 11:17:43.957,975.16,Redacted,redacted_supplier
Over500_2026_P04_-_published.xlsx:3346,Over500_2026_P04_-_published.xlsx,3346,2026-07-14,REDACTED,general_procurement,Children's Social Care,Transfer Payment,Allowances for provision care,2026-07-14 11:17:43.957,975.16,Redacted,redacted_supplier
Over500_2026_P04_-_published.xlsx:3347,Over500_2026_P04_-_published.xlsx,3347,2026-07-14,REDACTED,general_procurement,Children's Social Care,Transfer Payment,Allowances for provision care,2026-07-14 11:17:43.957,975.16,Redacted,redacted_supplier
Over500_2026_P04_-_published.xlsx:3348,Over500_2026_P04_-_published.xlsx,3348,2026-07-14,REDACTED,general_procurement,Children's Social Care,Transfer Payment,Allowances for provision care,2026-07-14 11:17:43.957,636.18,Redacted,redacted_supplier
Over500_2026_P04_-_published.xlsx:3349,Over500_2026_P04_-_published.xlsx,3349,2026-07-14,REDACTED,general_procurement,Children's Social Care,Transfer Payment,Allowances for provision care,2026-07-14 11:17:43.957,1467.52,Redacted,redacted_supplier
Over500_2026_P04_-_published.xlsx:3350,Over500_2026_P04_-_published.xlsx,3350,2026-07-14,REDACTED,general_procurement,Children's Social Care,Transfer Payment,Allowances for provision care,2026-07-14 11:17:43.957,559.26,Redacted,redacted_supplier
Over500_2026_P04_-_published.xlsx:3351,Over500_2026_P04_-_published.xlsx,3351,2026-07-14,REDACTED,general_procurement,Children's Social Care,Transfer Payment,Allowances for provision care,2026-07-14 11:17:43.957,559.26,Redacted,redacted_supplier
Over500_2026_P04_-_published.xlsx:3352,Over500_2026_P04_-_published.xlsx,3352,2026-07-14,REDACTED,general_procurement,Children's Social Care,Transfer Payment,Allowances for provision care,2026-07-14 11:17:43.957,1209.7,Redacted,redacted_supplier
Over500_2026_P04_-_published.xlsx:3353,Over500_2026_P04_-_published.xlsx,3353,2026-07-14,REDACTED,general_procurement,Children's Social Care,Transfer Payment,Allowances for provision care,2026-07-14 11:17:43.957,975.16,Redacted,redacted_supplier
Over500_2026_P04_-_published.xlsx:3372,Over500_2026_P04_-_published.xlsx,3372,2026-07-14,REDACTED,general_procurement,Children's Social Care,Transfer Payment,Allowances for provision care,2026-07-14 11:17:43.957,916.18,Redacted,redacted_supplier
Over500_2026_P04_-_published.xlsx:3373,Over500_2026_P04_-_published.xlsx,3373,2026-07-14,REDACTED,general_procurement,Children's Social Care,Transfer Payment,Allowances for provision care,2026-07-14 11:17:43.957,559.26,Redacted,redacted_supplier
Over500_2026_P04_-_published.xlsx:3374,Over500_2026_P04_-_published.xlsx,3374,2026-07-14,REDACTED,general_procurement,Children's Social Care,Transfer Payment,Allowances for provision care,2026-07-14 11:17:43.957,559.26,Redacted,redacted_supplier
Over500_2026_P04_-_published.xlsx:3375,Over500_2026_P04_-_published.xlsx,3375,2026-07-14,REDACTED,general_procurement,Children's Social Care,Transfer Payment,Allowances for provision care,2026-07-14 11:17:43.957,559.26,Redacted,redacted_supplier
Over500_2026_P04_-_published.xlsx:3376,Over500_2026_P04_-_published.xlsx,3376,2026-07-14,REDACTED,general_procurement,Children's Social Care,Transfer Payment,Allowances for provision care,2026-07-14 11:17:43.957,766.57,Redacted,redacted_supplier
Over500_2026_P04_-_published.xlsx:3377,Over500_2026_P04_-_published.xlsx,3377,2026-07-29,REDACTED,general_procurement,Children's Social Care,Transfer Payment,Allowances for provision care,2026-07-29 10:40:41.980,1000.0,Redacted,redacted_supplier
Over500_2026_P04_-_published.xlsx:3378,Over500_2026_P04_-_published.xlsx,3378,2026-07-29,REDACTED,general_procurement,Children's Social Care,Transfer Payment,Allowances for provision care,2026-07-29 10:40:41.980,975.16,Redacted,redacted_supplier
Over500_2026_P04_-_published.xlsx:3379,Over500_2026_P04_-_published.xlsx,3379,2026-07-29,REDACTED,general_procurement,Children's Social Care,Transfer Payment,Allowances for provision care,2026-07-29 10:40:41.980,636.18,Redacted,redacted_supplier
Over500_2026_P04_-_published.xlsx:3380,Over500_2026_P04_-_published.xlsx,3380,2026-07-29,REDACTED,general_procurement,Children's Social Care,Transfer Payment,Allowances for provision care,2026-07-29 10:40:41.980,636.18,Redacted,redacted_supplier
Over500_2026_P04_-_published.xlsx:3381,Over500_2026_P04_-_published.xlsx,3381,2026-07-29,REDACTED,general_procurement,Children's Social Care,Transfer Payment,Allowances for provision care,2026-07-29 10:40:41.980,1000.0,Redacted,redacted_supplier
Over500_2026_P04_-_published.xlsx:3382,Over500_2026_P04_-_published.xlsx,3382,2026-07-29,REDACTED,general_procurement,Children's Social Care,Transfer Payment,Allowances for provision care,2026-07-29 10:40:41.980,954.38,Redacted,redacted_supplier
Over500_2026_P04_-_published.xlsx:3383,Over500_2026_P04_-_published.xlsx,3383,2026-07-29,REDACTED,general_procurement,Children's Social Care,Transfer Payment,Allowances for provision care,2026-07-29 10:40:41.980,916.18,Redacted,redacted_supplier
Over500_2026_P04_-_published.xlsx:3384,Over500_2026_P04_-_published.xlsx,3384,2026-07-29,REDACTED,general_procurement,Children's Social Care,Transfer Payment,Allowances for provision care,2026-07-29 10:40:41.980,1231.53,Redacted,redacted_supplier
Over500_2026_P04_-_published.xlsx:3385,Over500_2026_P04_-_published.xlsx,3385,2026-07-29,REDACTED,general_procurement,Children's Social Care,Transfer Payment,Allowances for provision care,2026-07-29 10:40:41.980,1209.7,Redacted,redacted_supplier
Over500_2026_P04_-_published.xlsx:3386,Over500_2026_P04_-_published.xlsx,3386,2026-07-29,REDACTED,general_procurement,Children's Social Care,Transfer Payment,Allowances for provision care,2026-07-29 10:40:41.980,975.16,Redacted,redacted_supplier
Over500_2026_P04_-_published.xlsx:3387,Over500_2026_P04_-_published.xlsx,3387,2026-07-29,REDACTED,general_procurement,Children's Social Care,Transfer Payment,Allowances for provision care,2026-07-29 10:40:41.980,975.16,Redacted,redacted_supplier
Over500_2026_P04_-_published.xlsx:3388,Over500_2026_P04_-_published.xlsx,3388,2026-07-29,REDACTED,general_procurement,Children's Social Care,Transfer Payment,Allowances for provision care,2026-07-29 10:40:41.980,916.18,Redacted,redacted_supplier
Over500_2026_P04_-_published.xlsx:3389,Over500_2026_P04_-_published.xlsx,3389,2026-07-29,REDACTED,general_procurement,Children's Social Care,Transfer Payment,Allowances for provision care,2026-07-29 10:40:41.980,916.18,Redacted,redacted_supplier
Over500_2026_P04_-_published.xlsx:3390,Over500_2026_P04_-_published.xlsx,3390,2026-07-29,REDACTED,general_procurement,Children's Social Care,Transfer Payment,Allowances for provision care,2026-07-29 10:40:41.980,559.26,Redacted,redacted_supplier
Over500_2026_P04_-_published.xlsx:3391,Over500_2026_P04_-_published.xlsx,3391,2026-07-29,REDACTED,general_procurement,Children's Social Care,Transfer Payment,Allowances for provision care,2026-07-29 10:40:41.980,559.26,Redacted,redacted_supplier
Over500_2026_P04_-_published.xlsx:3392,Over500_2026_P04_-_published.xlsx,3392,2026-07-29,REDACTED,general_procurement,Children's Social Care,Transfer Payment,Allowances for provision care,2026-07-29 10:40:41.980,559.26,Redacted,redacted_supplier
Over500_2026_P04_-_published.xlsx:3393,Over500_2026_P04_-_published.xlsx,3393,2026-07-14,REDACTED,general_procurement,Children's Social Care,Transfer Payment,Allowances for provision care,2026-07-14 11:17:43.957,636.18,Redacted,redacted_supplier
Over500_2026_P04_-_published.xlsx:3394,Over500_2026_P04_-_published.xlsx,3394,2026-07-14,REDACTED,general_procurement,Children's Social Care,Transfer Payment,Allowances for provision care,2026-07-14 11:17:43.957,1209.7,Redacted,redacted_supplier
Over500_2026_P04_-_published.xlsx:3395,Over500_2026_P04_-_published.xlsx,3395,2026-07-14,REDACTED,general_procurement,Children's Social Care,Transfer Payment,Allowances for provision care,2026-07-14 11:17:43.957,613.53,Redacted,redacted_supplier
Over500_2026_P04_-_published.xlsx:3396,Over500_2026_P04_-_published.xlsx,3396,2026-07-29,REDACTED,general_procurement,Children's Social Care,Transfer Payment,Allowances for provision care,2026-07-29 10:40:41.980,916.18,Redacted,redacted_supplier
Over500_2026_P04_-_published.xlsx:3397,Over500_2026_P04_-_published.xlsx,3397,2026-07-29,REDACTED,general_procurement,Children's Social Care,Transfer Payment,Allowances for provision care,2026-07-29 10:40:41.980,1209.7,Redacted,redacted_supplier
Over500_2026_P04_-_published.xlsx:3398,Over500_2026_P04_-_published.xlsx,3398,2026-07-29,REDACTED,general_procurement,Children's Social Care,Transfer Payment,Allowances for provision care,2026-07-29 10:40:41.980,559.26,Redacted,redacted_supplier
Over500_2026_P04_-_published.xlsx:3399,Over500_2026_P04_-_published.xlsx,3399,2026-07-29,REDACTED,general_procurement,Children's Social Care,Transfer Payment,Allowances for provision care,2026-07-29 10:40:41.980,559.26,Redacted,redacted_supplier
Over500_2026_P04_-_published.xlsx:3400,Over500_2026_P04_-_published.xlsx,3400,2026-07-29,REDACTED,general_procurement,Children's Social Care,Transfer Payment,Allowances for provision care,2026-07-29 10:40:41.980,1209.7,Redacted,redacted_supplier
Over500_2026_P04_-_published.xlsx:3401,Over500_2026_P04_-_published.xlsx,3401,2026-07-29,REDACTED,general_procurement,Children's Social Care,Transfer Payment,Allowances for provision care,2026-07-29 10:40:41.980,559.26,Redacted,redacted_supplier
Over500_2026_P04_-_published.xlsx:3402,Over500_2026_P04_-_published.xlsx,3402,2026-07-29,REDACTED,general_procurement,Children's Social Care,Transfer Payment,Allowances for provision care,2026-07-29 10:40:41.980,1000.0,Redacted,redacted_supplier
Over500_2026_P04_-_published.xlsx:3403,Over500_2026_P04_-_published.xlsx,3403,2026-07-29,REDACTED,general_procurement,Children's Social Care,Transfer Payment,Allowances for provision care,2026-07-29 10:40:41.980,975.16,Redacted,redacted_supplier
Over500_2026_P04_-_published.xlsx:3404,Over500_2026_P04_-_published.xlsx,3404,2026-07-29,REDACTED,general_procurement,Children's Social Care,Transfer Payment,Allowances for provision care,2026-07-29 10:40:41.980,975.16,Redacted,redacted_supplier
Over500_2026_P04_-_published.xlsx:3405,Over500_2026_P04_-_published.xlsx,3405,2026-07-29,REDACTED,general_procurement,Children's Social Care,Transfer Payment,Allowances for provision care,2026-07-29 10:40:41.980,1209.7,Redacted,redacted_supplier
Over500_2026_P04_-_published.xlsx:3406,Over500_2026_P04_-_published.xlsx,3406,2026-07-29,REDACTED,general_procurement,Children's Social Care,Transfer Payment,Allowances for provision care,2026-07-29 10:40:41.980,636.18,Redacted,redacted_supplier
Over500_2026_P04_-_published.xlsx:3407,Over500_2026_P04_-_published.xlsx,3407,2026-07-29,REDACTED,general_procurement,Children's Social Care,Transfer Payment,Allowances for provision care,2026-07-29 10:40:41.980,559.26,Redacted,redacted_supplier
Over500_2026_P04_-_published.xlsx:3408,Over500_2026_P04_-_published.xlsx,3408,2026-07-29,REDACTED,general_procurement,Children's Social Care,Transfer Payment,Allowances for provision care,2026-07-29 10:40:41.980,559.26,Redacted,redacted_supplier
Over500_2026_P04_-_published.xlsx:3409,Over500_2026_P04_-_published.xlsx,3409,2026-07-29,REDACTED,general_procurement,Children's Social Care,Transfer Payment,Allowances for provision care,2026-07-29 10:40:41.980,1153.05,Redacted,redacted_supplier
Over500_2026_P04_-_published.xlsx:3410,Over500_2026_P04_-_published.xlsx,3410,2026-07-14,REDACTED,general_procurement,Children's Social Care,Transfer Payment,Allowances for provision care,2026-07-14 11:17:43.957,954.38,Redacted,redacted_supplier
Over500_2026_P04_-_published.xlsx:3411,Over500_2026_P04_-_published.xlsx,3411,2026-07-14,REDACTED,general_procurement,Children's Social Care,Transfer Payment,Allowances for provision care,2026-07-14 11:17:43.957,636.18,Redacted,redacted_supplier
Over500_2026_P04_-_published.xlsx:3412,Over500_2026_P04_-_published.xlsx,3412,2026-07-14,REDACTED,general_procurement,Children's Social Care,Transfer Payment,Allowances for provision care,2026-07-14 11:17:43.957,1209.7,Redacted,redacted_supplier
Over500_2026_P04_-_published.xlsx:3413,Over500_2026_P04_-_published.xlsx,3413,2026-07-14,REDACTED,general_procurement,Children's Social Care,Transfer Payment,Allowances for provision care,2026-07-14 11:17:43.957,1467.52,Redacted,redacted_supplier
Over500_2026_P04_-_published.xlsx:3414,Over500_2026_P04_-_published.xlsx,3414,2026-07-14,REDACTED,general_procurement,Children's Social Care,Transfer Payment,Allowances for provision care,2026-07-14 11:17:43.957,916.18,Redacted,redacted_supplier
Over500_2026_P04_-_published.xlsx:3415,Over500_2026_P04_-_published.xlsx,3415,2026-07-14,REDACTED,general_procurement,Children's Social Care,Transfer Payment,Allowances for provision care,2026-07-14 11:17:43.957,636.18,Redacted,redacted_supplier
Over500_2026_P04_-_published.xlsx:3416,Over500_2026_P04_-_published.xlsx,3416,2026-07-14,REDACTED,general_procurement,Children's Social Care,Transfer Payment,Allowances for provision care,2026-07-14 11:17:43.957,916.18,Redacted,redacted_supplier
Over500_2026_P04_-_published.xlsx:3417,Over500_2026_P04_-_published.xlsx,3417,2026-07-14,REDACTED,general_procurement,Children's Social Care,Transfer Payment,Allowances for provision care,2026-07-14 11:17:43.957,636.18,Redacted,redacted_supplier
Over500_2026_P04_-_published.xlsx:3418,Over500_2026_P04_-_published.xlsx,3418,2026-07-14,REDACTED,general_procurement,Children's Social Care,Transfer Payment,Allowances for provision care,2026-07-14 11:17:43.957,954.38,Redacted,redacted_supplier
Over500_2026_P04_-_published.xlsx:3419,Over500_2026_P04_-_published.xlsx,3419,2026-07-14,REDACTED,general_procurement,Children's Social Care,Transfer Payment,Allowances for provision care,2026-07-14 11:17:43.957,916.18,Redacted,redacted_supplier
Over500_2026_P04_-_published.xlsx:3420,Over500_2026_P04_-_published.xlsx,3420,2026-07-14,REDACTED,general_procurement,Children's Social Care,Transfer Payment,Allowances for provision care,2026-07-14 11:17:43.957,916.18,Redacted,redacted_supplier
Over500_2026_P04_-_published.xlsx:3421,Over500_2026_P04_-_published.xlsx,3421,2026-07-14,REDACTED,general_procurement,Children's Social Care,Transfer Payment,Allowances for provision care,2026-07-14 11:17:43.957,636.18,Redacted,redacted_supplier
Over500_2026_P04_-_published.xlsx:3422,Over500_2026_P04_-_published.xlsx,3422,2026-07-14,REDACTED,general_procurement,Children's Social Care,Transfer Payment,Allowances for provision care,2026-07-14 11:17:43.957,559.26,Redacted,redacted_supplier
Over500_2026_P04_-_published.xlsx:3423,Over500_2026_P04_-_published.xlsx,3423,2026-07-14,REDACTED,general_procurement,Children's Social Care,Transfer Payment,Allowances for provision care,2026-07-14 11:17:43.957,785.3,Redacted,redacted_supplier
Over500_2026_P04_-_published.xlsx:3424,Over500_2026_P04_-_published.xlsx,3424,2026-07-29,REDACTED,general_procurement,Children's Social Care,Transfer Payment,Allowances for provision care,2026-07-29 10:40:41.980,954.38,Redacted,redacted_supplier
Over500_2026_P04_-_published.xlsx:3425,Over500_2026_P04_-_published.xlsx,3425,2026-07-29,REDACTED,general_procurement,Children's Social Care,Transfer Payment,Allowances for provision care,2026-07-29 10:40:41.980,636.18,Redacted,redacted_supplier
Over500_2026_P04_-_published.xlsx:3426,Over500_2026_P04_-_published.xlsx,3426,2026-07-29,REDACTED,general_procurement,Children's Social Care,Transfer Payment,Allowances for provision care,2026-07-29 10:40:41.980,954.38,Redacted,redacted_supplier
Over500_2026_P04_-_published.xlsx:3427,Over500_2026_P04_-_published.xlsx,3427,2026-07-29,REDACTED,general_procurement,Children's Social Care,Transfer Payment,Allowances for provision care,2026-07-29 10:40:41.980,916.18,Redacted,redacted_supplier
Over500_2026_P04_-_published.xlsx:3428,Over500_2026_P04_-_published.xlsx,3428,2026-07-14,REDACTED,general_procurement,Children's Social Care,Transfer Payment,Allowances for provision care,2026-07-14 11:17:43.957,1209.7,Redacted,redacted_supplier
Over500_2026_P04_-_published.xlsx:3429,Over500_2026_P04_-_published.xlsx,3429,2026-07-14,REDACTED,general_procurement,Children's Social Care,Transfer Payment,Allowances for provision care,2026-07-14 11:17:43.957,654.41,Redacted,redacted_supplier
Over500_2026_P04_-_published.xlsx:3430,Over500_2026_P04_-_published.xlsx,3430,2026-07-14,REDACTED,general_procurement,Children's Social Care,Transfer Payment,Allowances for provision care,2026-07-14 11:17:43.957,719.05,Redacted,redacted_supplier
Over500_2026_P04_-_published.xlsx:3431,Over500_2026_P04_-_published.xlsx,3431,2026-07-14,REDACTED,general_procurement,Children's Social Care,Transfer Payment,Allowances for provision care,2026-07-14 11:17:43.957,954.38,Redacted,redacted_supplier
Over500_2026_P04_-_published.xlsx:3432,Over500_2026_P04_-_published.xlsx,3432,2026-07-14,REDACTED,general_procurement,Children's Social Care,Transfer Payment,Allowances for provision care,2026-07-14 11:17:43.957,559.26,Redacted,redacted_supplier
Over500_2026_P04_-_published.xlsx:3433,Over500_2026_P04_-_published.xlsx,3433,2026-07-14,REDACTED,general_procurement,Children's Social Care,Transfer Payment,Allowances for provision care,2026-07-14 11:17:43.957,559.26,Redacted,redacted_supplier
Over500_2026_P04_-_published.xlsx:3434,Over500_2026_P04_-_published.xlsx,3434,2026-07-14,REDACTED,general_procurement,Children's Social Care,Transfer Payment,Allowances for provision care,2026-07-14 11:17:43.957,559.26,Redacted,redacted_supplier
Over500_2026_P04_-_published.xlsx:3435,Over500_2026_P04_-_published.xlsx,3435,2026-07-14,REDACTED,general_procurement,Children's Social Care,Transfer Payment,Allowances for provision care,2026-07-14 11:17:43.957,705.21,Redacted,redacted_supplier
Over500_2026_P04_-_published.xlsx:3436,Over500_2026_P04_-_published.xlsx,3436,2026-07-14,REDACTED,general_procurement,Children's Social Care,Transfer Payment,Allowances for provision care,2026-07-14 11:17:43.957,559.26,Redacted,redacted_supplier
Over500_2026_P04_-_published.xlsx:3437,Over500_2026_P04_-_published.xlsx,3437,2026-07-29,REDACTED,general_procurement,Children's Social Care,Transfer Payment,Allowances for provision care,2026-07-29 10:40:41.980,636.18,Redacted,redacted_supplier
Over500_2026_P04_-_published.xlsx:3438,Over500_2026_P04_-_published.xlsx,3438,2026-07-29,REDACTED,general_procurement,Children's Social Care,Transfer Payment,Allowances for provision care,2026-07-29 10:40:41.980,975.16,Redacted,redacted_supplier
Over500_2026_P04_-_published.xlsx:3439,Over500_2026_P04_-_published.xlsx,3439,2026-07-29,REDACTED,general_procurement,Children's Social Care,Transfer Payment,Allowances for provision care,2026-07-29 10:40:41.980,954.38,Redacted,redacted_supplier
Over500_2026_P04_-_published.xlsx:3440,Over500_2026_P04_-_published.xlsx,3440,2026-07-29,REDACTED,general_procurement,Children's Social Care,Transfer Payment,Allowances for provision care,2026-07-29 10:40:41.980,975.16,Redacted,redacted_supplier
Over500_2026_P04_-_published.xlsx:3441,Over500_2026_P04_-_published.xlsx,3441,2026-07-29,REDACTED,general_procurement,Children's Social Care,Transfer Payment,Allowances for provision care,2026-07-29 10:40:41.980,1209.7,Redacted,redacted_supplier
Over500_2026_P04_-_published.xlsx:3442,Over500_2026_P04_-_published.xlsx,3442,2026-07-29,REDACTED,general_procurement,Children's Social Care,Transfer Payment,Allowances for provision care,2026-07-29 10:40:41.980,975.16,Redacted,redacted_supplier
Over500_2026_P04_-_published.xlsx:3443,Over500_2026_P04_-_published.xlsx,3443,2026-07-29,REDACTED,general_procurement,Children's Social Care,Transfer Payment,Allowances for provision care,2026-07-29 10:40:41.980,975.16,Redacted,redacted_supplier
Over500_2026_P04_-_published.xlsx:3444,Over500_2026_P04_-_published.xlsx,3444,2026-07-29,REDACTED,general_procurement,Children's Social Care,Transfer Payment,Allowances for provision care,2026-07-29 10:40:41.980,975.16,Redacted,redacted_supplier
Over500_2026_P04_-_published.xlsx:3445,Over500_2026_P04_-_published.xlsx,3445,2026-07-29,REDACTED,general_procurement,Children's Social Care,Transfer Payment,Allowances for provision care,2026-07-29 10:40:41.980,916.18,Redacted,redacted_supplier
Over500_2026_P04_-_published.xlsx:3446,Over500_2026_P04_-_published.xlsx,3446,2026-07-29,REDACTED,general_procurement,Children's Social Care,Transfer Payment,Allowances for provision care,2026-07-29 10:40:41.980,975.16,Redacted,redacted_supplier
Over500_2026_P04_-_published.xlsx:3447,Over500_2026_P04_-_published.xlsx,3447,2026-07-29,REDACTED,general_procurement,Children's Social Care,Transfer Payment,Allowances for provision care,2026-07-29 10:40:41.980,1467.52,Redacted,redacted_supplier
Over500_2026_P04_-_published.xlsx:3448,Over500_2026_P04_-_published.xlsx,3448,2026-07-29,REDACTED,general_procurement,Children's Social Care,Transfer Payment,Allowances for provision care,2026-07-29 10:40:41.980,1467.52,Redacted,redacted_supplier
Over500_2026_P04_-_published.xlsx:3449,Over500_2026_P04_-_published.xlsx,3449,2026-07-29,REDACTED,general_procurement,Children's Social Care,Transfer Payment,Allowances for provision care,2026-07-29 10:40:41.980,1209.7,Redacted,redacted_supplier
Over500_2026_P04_-_published.xlsx:3450,Over500_2026_P04_-_published.xlsx,3450,2026-07-29,REDACTED,general_procurement,Children's Social Care,Transfer Payment,Allowances for provision care,2026-07-29 10:40:41.980,1209.7,Redacted,redacted_supplier
Over500_2026_P04_-_published.xlsx:3451,Over500_2026_P04_-_published.xlsx,3451,2026-07-29,REDACTED,general_procurement,Children's Social Care,Transfer Payment,Allowances for provision care,2026-07-29 10:40:41.980,559.26,Redacted,redacted_supplier
Over500_2026_P04_-_published.xlsx:3452,Over500_2026_P04_-_published.xlsx,3452,2026-07-29,REDACTED,general_procurement,Children's Social Care,Transfer Payment,Allowances for provision care,2026-07-29 10:40:41.980,975.16,Redacted,redacted_supplier
Over500_2026_P04_-_published.xlsx:3453,Over500_2026_P04_-_published.xlsx,3453,2026-07-14,REDACTED,general_procurement,Children's Social Care,Transfer Payment,Allowances for provision care,2026-07-14 11:17:43.957,916.18,Redacted,redacted_supplier
Over500_2026_P04_-_published.xlsx:3454,Over500_2026_P04_-_published.xlsx,3454,2026-07-14,REDACTED,general_procurement,Children's Social Care,Transfer Payment,Allowances for provision care,2026-07-14 11:17:43.957,636.18,Redacted,redacted_supplier
Over500_2026_P04_-_published.xlsx:3485,Over500_2026_P04_-_published.xlsx,3485,2026-07-14,REDACTED,general_procurement,Children's Social Care,Transfer Payment,Allowances for provision care,2026-07-14 11:17:43.957,1209.7,Redacted,redacted_supplier
Over500_2026_P04_-_published.xlsx:3486,Over500_2026_P04_-_published.xlsx,3486,2026-07-14,REDACTED,general_procurement,Children's Social Care,Transfer Payment,Allowances for provision care,2026-07-14 11:17:43.957,654.41,Redacted,redacted_supplier
Over500_2026_P04_-_published.xlsx:3487,Over500_2026_P04_-_published.xlsx,3487,2026-07-14,REDACTED,general_procurement,Children's Social Care,Transfer Payment,Allowances for provision care,2026-07-14 11:17:43.957,559.26,Redacted,redacted_supplier
Over500_2026_P04_-_published.xlsx:3488,Over500_2026_P04_-_published.xlsx,3488,2026-07-14,REDACTED,general_procurement,Children's Social Care,Transfer Payment,Allowances for provision care,2026-07-14 11:17:43.957,636.18,Redacted,redacted_supplier
Over500_2026_P04_-_published.xlsx:3489,Over500_2026_P04_-_published.xlsx,3489,2026-07-14,REDACTED,general_procurement,Children's Social Care,Transfer Payment,Allowances for provision care,2026-07-14 11:17:43.957,636.18,Redacted,redacted_supplier
Over500_2026_P04_-_published.xlsx:3490,Over500_2026_P04_-_published.xlsx,3490,2026-07-14,REDACTED,general_procurement,Children's Social Care,Transfer Payment,Allowances for provision care,2026-07-14 11:17:43.957,636.18,Redacted,redacted_supplier
Over500_2026_P04_-_published.xlsx:3491,Over500_2026_P04_-_published.xlsx,3491,2026-07-14,REDACTED,general_procurement,Children's Social Care,Transfer Payment,Allowances for provision care,2026-07-14 11:17:43.957,636.18,Redacted,redacted_supplier
Over500_2026_P04_-_published.xlsx:3492,Over500_2026_P04_-_published.xlsx,3492,2026-07-14,REDACTED,general_procurement,Children's Social Care,Transfer Payment,Allowances for provision care,2026-07-14 11:17:43.957,636.18,Redacted,redacted_supplier
Over500_2026_P04_-_published.xlsx:3493,Over500_2026_P04_-_published.xlsx,3493,2026-07-14,REDACTED,general_procurement,Children's Social Care,Transfer Payment,Allowances for provision care,2026-07-14 11:17:43.957,559.26,Redacted,redacted_supplier
Over500_2026_P04_-_published.xlsx:3494,Over500_2026_P04_-_published.xlsx,3494,2026-07-14,REDACTED,general_procurement,Children's Social Care,Transfer Payment,Allowances for provision care,2026-07-14 11:17:43.957,636.18,Redacted,redacted_supplier
Over500_2026_P04_-_published.xlsx:3495,Over500_2026_P04_-_published.xlsx,3495,2026-07-14,REDACTED,general_procurement,Children's Social Care,Transfer Payment,Allowances for provision care,2026-07-14 11:17:43.957,916.18,Redacted,redacted_supplier
Over500_2026_P04_-_published.xlsx:3496,Over500_2026_P04_-_published.xlsx,3496,2026-07-14,REDACTED,general_procurement,Children's Social Care,Transfer Payment,Allowances for provision care,2026-07-14 11:17:43.957,916.18,Redacted,redacted_supplier
Over500_2026_P04_-_published.xlsx:3497,Over500_2026_P04_-_published.xlsx,3497,2026-07-29,REDACTED,general_procurement,Children's Social Care,Transfer Payment,Allowances for provision care,2026-07-29 10:40:41.980,916.18,Redacted,redacted_supplier
Over500_2026_P04_-_published.xlsx:3498,Over500_2026_P04_-_published.xlsx,3498,2026-07-29,REDACTED,general_procurement,Children's Social Care,Transfer Payment,Allowances for provision care,2026-07-29 10:40:41.980,636.18,Redacted,redacted_supplier
Over500_2026_P04_-_published.xlsx:3499,Over500_2026_P04_-_published.xlsx,3499,2026-07-29,REDACTED,general_procurement,Children's Social Care,Transfer Payment,Allowances for provision care,2026-07-29 10:40:41.980,916.18,Redacted,redacted_supplier
Over500_2026_P04_-_published.xlsx:3500,Over500_2026_P04_-_published.xlsx,3500,2026-07-29,REDACTED,general_procurement,Children's Social Care,Transfer Payment,Allowances for provision care,2026-07-29 10:40:41.980,636.18,Redacted,redacted_supplier
Over500_2026_P04_-_published.xlsx:3501,Over500_2026_P04_-_published.xlsx,3501,2026-07-29,REDACTED,general_procurement,Children's Social Care,Transfer Payment,Allowances for provision care,2026-07-29 10:40:41.980,636.18,Redacted,redacted_supplier
Over500_2026_P04_-_published.xlsx:3502,Over500_2026_P04_-_published.xlsx,3502,2026-07-29,REDACTED,general_procurement,Children's Social Care,Transfer Payment,Allowances for provision care,2026-07-29 10:40:41.980,636.18,Redacted,redacted_supplier
Over500_2026_P04_-_published.xlsx:3503,Over500_2026_P04_-_published.xlsx,3503,2026-07-29,REDACTED,general_procurement,Children's Social Care,Transfer Payment,Allowances for provision care,2026-07-29 10:40:41.980,636.18,Redacted,redacted_supplier
Over500_2026_P04_-_published.xlsx:3504,Over500_2026_P04_-_published.xlsx,3504,2026-07-29,REDACTED,general_procurement,Children's Social Care,Transfer Payment,Allowances for provision care,2026-07-29 10:40:41.980,636.18,Redacted,redacted_supplier
Over500_2026_P04_-_published.xlsx:3505,Over500_2026_P04_-_published.xlsx,3505,2026-07-29,REDACTED,general_procurement,Children's Social Care,Transfer Payment,Allowances for provision care,2026-07-29 10:40:41.980,916.18,Redacted,redacted_supplier
Over500_2026_P04_-_published.xlsx:3506,Over500_2026_P04_-_published.xlsx,3506,2026-07-29,REDACTED,general_procurement,Children's Social Care,Transfer Payment,Allowances for provision care,2026-07-29 10:40:41.980,636.18,Redacted,redacted_supplier
Over500_2026_P04_-_published.xlsx:3507,Over500_2026_P04_-_published.xlsx,3507,2026-07-29,REDACTED,general_procurement,Children's Social Care,Transfer Payment,Allowances for provision care,2026-07-29 10:40:41.980,2975.16,Redacted,redacted_supplier
Over500_2026_P04_-_published.xlsx:3508,Over500_2026_P04_-_published.xlsx,3508,2026-07-29,REDACTED,general_procurement,Children's Social Care,Transfer Payment,Allowances for provision care,2026-07-29 10:40:41.980,636.18,Redacted,redacted_supplier
Over500_2026_P04_-_published.xlsx:3509,Over500_2026_P04_-_published.xlsx,3509,2026-07-29,REDACTED,general_procurement,Children's Social Care,Transfer Payment,Allowances for provision care,2026-07-29 10:40:41.980,636.18,Redacted,redacted_supplier
Over500_2026_P04_-_published.xlsx:3510,Over500_2026_P04_-_published.xlsx,3510,2026-07-29,REDACTED,general_procurement,Children's Social Care,Transfer Payment,Allowances for provision care,2026-07-29 10:40:41.980,916.18,Redacted,redacted_supplier
Over500_2026_P04_-_published.xlsx:3511,Over500_2026_P04_-_published.xlsx,3511,2026-07-14,REDACTED,general_procurement,Children's Social Care,Transfer Payment,Allowances for provision care,2026-07-14 11:17:43.957,636.18,Redacted,redacted_supplier
Over500_2026_P04_-_published.xlsx:3512,Over500_2026_P04_-_published.xlsx,3512,2026-07-14,REDACTED,general_procurement,Children's Social Care,Transfer Payment,Allowances for provision care,2026-07-14 11:17:43.957,589.6,Redacted,redacted_supplier
Over500_2026_P04_-_published.xlsx:3513,Over500_2026_P04_-_published.xlsx,3513,2026-07-29,REDACTED,general_procurement,Children's Social Care,Transfer Payment,Allowances for provision care,2026-07-29 10:40:41.980,636.18,Redacted,redacted_supplier
Over500_2026_P04_-_published.xlsx:3514,Over500_2026_P04_-_published.xlsx,3514,2026-07-29,REDACTED,general_procurement,Children's Social Care,Transfer Payment,Allowances for provision care,2026-07-29 10:40:41.980,636.18,Redacted,redacted_supplier
Over500_2026_P04_-_published.xlsx:3515,Over500_2026_P04_-_published.xlsx,3515,2026-07-29,REDACTED,general_procurement,Children's Social Care,Transfer Payment,Allowances for provision care,2026-07-29 10:40:41.980,1209.7,Redacted,redacted_supplier
Over500_2026_P04_-_published.xlsx:3516,Over500_2026_P04_-_published.xlsx,3516,2026-07-29,REDACTED,general_procurement,Children's Social Care,Transfer Payment,Allowances for provision care,2026-07-29 10:40:41.980,636.18,Redacted,redacted_supplier
Over500_2026_P04_-_published.xlsx:3517,Over500_2026_P04_-_published.xlsx,3517,2026-07-29,REDACTED,general_procurement,Children's Social Care,Transfer Payment,Allowances for provision care,2026-07-29 10:40:41.980,916.18,Redacted,redacted_supplier
Over500_2026_P04_-_published.xlsx:3518,Over500_2026_P04_-_published.xlsx,3518,2026-07-29,REDACTED,general_procurement,Children's Social Care,Transfer Payment,Allowances for provision care,2026-07-29 10:40:41.980,559.26,Redacted,redacted_supplier
Over500_2026_P04_-_published.xlsx:3519,Over500_2026_P04_-_published.xlsx,3519,2026-07-29,REDACTED,general_procurement,Children's Social Care,Transfer Payment,Allowances for provision care,2026-07-29 10:40:41.980,636.18,Redacted,redacted_supplier
Over500_2026_P04_-_published.xlsx:3520,Over500_2026_P04_-_published.xlsx,3520,2026-07-29,REDACTED,general_procurement,Children's Social Care,Transfer Payment,Allowances for provision care,2026-07-29 10:40:41.980,636.18,Redacted,redacted_supplier
Over500_2026_P04_-_published.xlsx:3521,Over500_2026_P04_-_published.xlsx,3521,2026-07-29,REDACTED,general_procurement,Children's Social Care,Transfer Payment,Allowances for provision care,2026-07-29 10:40:41.980,559.26,Redacted,redacted_supplier
Over500_2026_P04_-_published.xlsx:3522,Over500_2026_P04_-_published.xlsx,3522,2026-07-29,REDACTED,general_procurement,Children's Social Care,Transfer Payment,Allowances for provision care,2026-07-29 10:40:41.980,559.26,Redacted,redacted_supplier
Over500_2026_P04_-_published.xlsx:3523,Over500_2026_P04_-_published.xlsx,3523,2026-07-29,REDACTED,general_procurement,Children's Social Care,Transfer Payment,Allowances for provision care,2026-07-29 10:40:41.980,954.38,Redacted,redacted_supplier
Over500_2026_P04_-_published.xlsx:3524,Over500_2026_P04_-_published.xlsx,3524,2026-07-29,REDACTED,general_procurement,Children's Social Care,Transfer Payment,Allowances for provision care,2026-07-29 10:40:41.980,636.18,Redacted,redacted_supplier
Over500_2026_P04_-_published.xlsx:3525,Over500_2026_P04_-_published.xlsx,3525,2026-07-14,REDACTED,general_procurement,Children's Social Care,Transfer Payment,Allowances for provision care,2026-07-14 11:17:43.957,589.6,Redacted,redacted_supplier
Over500_2026_P04_-_published.xlsx:3526,Over500_2026_P04_-_published.xlsx,3526,2026-07-14,REDACTED,general_procurement,Children's Social Care,Transfer Payment,Allowances for provision care,2026-07-14 11:17:43.957,916.18,Redacted,redacted_supplier
Over500_2026_P04_-_published.xlsx:3527,Over500_2026_P04_-_published.xlsx,3527,2026-07-14,REDACTED,general_procurement,Children's Social Care,Transfer Payment,Allowances for provision care,2026-07-14 11:17:43.957,559.25,Redacted,redacted_supplier
Over500_2026_P04_-_published.xlsx:3528,Over500_2026_P04_-_published.xlsx,3528,2026-07-14,REDACTED,general_procurement,Children's Social Care,Transfer Payment,Allowances for provision care,2026-07-14 11:17:43.957,559.25,Redacted,redacted_supplier
Over500_2026_P04_-_published.xlsx:3529,Over500_2026_P04_-_published.xlsx,3529,2026-07-14,REDACTED,general_procurement,Children's Social Care,Transfer Payment,Allowances for provision care,2026-07-14 11:17:43.957,595.22,Redacted,redacted_supplier
Over500_2026_P04_-_published.xlsx:3530,Over500_2026_P04_-_published.xlsx,3530,2026-07-29,REDACTED,general_procurement,Children's Social Care,Transfer Payment,Allowances for provision care,2026-07-29 10:40:41.980,554.82,Redacted,redacted_supplier
Over500_2026_P04_-_published.xlsx:3531,Over500_2026_P04_-_published.xlsx,3531,2026-07-14,REDACTED,general_procurement,Children's Social Care,Transfer Payment,Allowances for provision care,2026-07-14 11:17:43.957,1209.7,Redacted,redacted_supplier
Over500_2026_P04_-_published.xlsx:3532,Over500_2026_P04_-_published.xlsx,3532,2026-07-14,REDACTED,general_procurement,Children's Social Care,Transfer Payment,Allowances for provision care,2026-07-14 11:17:43.957,636.18,Redacted,redacted_supplier
Over500_2026_P04_-_published.xlsx:3533,Over500_2026_P04_-_published.xlsx,3533,2026-07-14,REDACTED,general_procurement,Children's Social Care,Transfer Payment,Allowances for provision care,2026-07-14 11:17:43.957,916.18,Redacted,redacted_supplier
Over500_2026_P04_-_published.xlsx:3534,Over500_2026_P04_-_published.xlsx,3534,2026-07-14,REDACTED,general_procurement,Children's Social Care,Transfer Payment,Allowances for provision care,2026-07-14 11:17:43.957,636.18,Redacted,redacted_supplier
Over500_2026_P04_-_published.xlsx:3535,Over500_2026_P04_-_published.xlsx,3535,2026-07-14,REDACTED,general_procurement,Children's Social Care,Transfer Payment,Allowances for provision care,2026-07-14 11:17:43.957,559.26,Redacted,redacted_supplier
Over500_2026_P04_-_published.xlsx:3536,Over500_2026_P04_-_published.xlsx,3536,2026-07-14,REDACTED,general_procurement,Children's Social Care,Transfer Payment,Allowances for provision care,2026-07-14 11:17:43.957,954.38,Redacted,redacted_supplier
Over500_2026_P04_-_published.xlsx:3537,Over500_2026_P04_-_published.xlsx,3537,2026-07-14,REDACTED,general_procurement,Children's Social Care,Transfer Payment,Allowances for provision care,2026-07-14 11:17:43.957,636.18,Redacted,redacted_supplier
Over500_2026_P04_-_published.xlsx:3538,Over500_2026_P04_-_published.xlsx,3538,2026-07-14,REDACTED,general_procurement,Children's Social Care,Transfer Payment,Allowances for provision care,2026-07-14 11:17:43.957,2975.16,Redacted,redacted_supplier
Over500_2026_P04_-_published.xlsx:3539,Over500_2026_P04_-_published.xlsx,3539,2026-07-14,REDACTED,general_procurement,Children's Social Care,Transfer Payment,Allowances for provision care,2026-07-14 11:17:43.957,916.18,Redacted,redacted_supplier
Over500_2026_P04_-_published.xlsx:3540,Over500_2026_P04_-_published.xlsx,3540,2026-07-14,REDACTED,general_procurement,Children's Social Care,Transfer Payment,Allowances for provision care,2026-07-14 11:17:43.957,636.18,Redacted,redacted_supplier
Over500_2026_P04_-_published.xlsx:3541,Over500_2026_P04_-_published.xlsx,3541,2026-07-29,REDACTED,general_procurement,Children's Social Care,Transfer Payment,Allowances for provision care,2026-07-29 10:40:41.980,1209.7,Redacted,redacted_supplier
Over500_2026_P04_-_published.xlsx:3542,Over500_2026_P04_-_published.xlsx,3542,2026-07-29,REDACTED,general_procurement,Children's Social Care,Transfer Payment,Allowances for provision care,2026-07-29 10:40:41.980,1467.52,Redacted,redacted_supplier
Over500_2026_P04_-_published.xlsx:3543,Over500_2026_P04_-_published.xlsx,3543,2026-07-29,REDACTED,general_procurement,Children's Social Care,Transfer Payment,Allowances for provision care,2026-07-29 10:40:41.980,559.26,Redacted,redacted_supplier
Over500_2026_P04_-_published.xlsx:3544,Over500_2026_P04_-_published.xlsx,3544,2026-07-29,REDACTED,general_procurement,Children's Social Care,Transfer Payment,Allowances for provision care,2026-07-29 10:40:41.980,916.18,Redacted,redacted_supplier
Over500_2026_P04_-_published.xlsx:3545,Over500_2026_P04_-_published.xlsx,3545,2026-07-29,REDACTED,general_procurement,Children's Social Care,Transfer Payment,Allowances for provision care,2026-07-29 10:40:41.980,916.18,Redacted,redacted_supplier
Over500_2026_P04_-_published.xlsx:3546,Over500_2026_P04_-_published.xlsx,3546,2026-07-29,REDACTED,general_procurement,Children's Social Care,Transfer Payment,Allowances for provision care,2026-07-29 10:40:41.980,636.18,Redacted,redacted_supplier
Over500_2026_P04_-_published.xlsx:3547,Over500_2026_P04_-_published.xlsx,3547,2026-07-29,REDACTED,general_procurement,Children's Social Care,Transfer Payment,Allowances for provision care,2026-07-29 10:40:41.980,559.26,Redacted,redacted_supplier
Over500_2026_P04_-_published.xlsx:3548,Over500_2026_P04_-_published.xlsx,3548,2026-07-29,REDACTED,general_procurement,Children's Social Care,Transfer Payment,Allowances for provision care,2026-07-29 10:40:41.980,636.18,Redacted,redacted_supplier
Over500_2026_P04_-_published.xlsx:3549,Over500_2026_P04_-_published.xlsx,3549,2026-07-29,REDACTED,general_procurement,Children's Social Care,Transfer Payment,Allowances for provision care,2026-07-29 10:40:41.980,636.18,Redacted,redacted_supplier
Over500_2026_P04_-_published.xlsx:3550,Over500_2026_P04_-_published.xlsx,3550,2026-07-29,REDACTED,general_procurement,Children's Social Care,Transfer Payment,Allowances for provision care,2026-07-29 10:40:41.980,916.18,Redacted,redacted_supplier
Over500_2026_P04_-_published.xlsx:3551,Over500_2026_P04_-_published.xlsx,3551,2026-07-14,REDACTED,general_procurement,Children's Social Care,Transfer Payment,Allowances for provision care,2026-07-14 11:17:43.957,559.27,Redacted,redacted_supplier
Over500_2026_P04_-_published.xlsx:3581,Over500_2026_P04_-_published.xlsx,3581,2026-07-14,REDACTED,general_procurement,Children's Social Care,Transfer Payment,Allowances for provision care,2026-07-14 11:17:43.957,916.75,Redacted,redacted_supplier
Over500_2026_P04_-_published.xlsx:3582,Over500_2026_P04_-_published.xlsx,3582,2026-07-14,REDACTED,general_procurement,Children's Social Care,Transfer Payment,Allowances for provision care,2026-07-14 11:17:43.957,636.19,Redacted,redacted_supplier
Over500_2026_P04_-_published.xlsx:3583,Over500_2026_P04_-_published.xlsx,3583,2026-07-14,REDACTED,general_procurement,Children's Social Care,Transfer Payment,Allowances for provision care,2026-07-14 11:17:43.957,1192.33,Redacted,redacted_supplier
Over500_2026_P04_-_published.xlsx:3584,Over500_2026_P04_-_published.xlsx,3584,2026-07-14,REDACTED,general_procurement,Children's Social Care,Transfer Payment,Allowances for provision care,2026-07-14 11:17:43.957,517.69,Redacted,redacted_supplier
Over500_2026_P04_-_published.xlsx:3585,Over500_2026_P04_-_published.xlsx,3585,2026-07-14,REDACTED,general_procurement,Children's Social Care,Transfer Payment,Allowances for provision care,2026-07-14 11:17:43.957,636.18,Redacted,redacted_supplier
Over500_2026_P04_-_published.xlsx:3586,Over500_2026_P04_-_published.xlsx,3586,2026-07-14,REDACTED,general_procurement,Children's Social Care,Transfer Payment,Allowances for provision care,2026-07-14 11:17:43.957,916.18,Redacted,redacted_supplier
Over500_2026_P04_-_published.xlsx:3587,Over500_2026_P04_-_published.xlsx,3587,2026-07-14,REDACTED,general_procurement,Children's Social Care,Transfer Payment,Allowances for provision care,2026-07-14 11:17:43.957,636.18,Redacted,redacted_supplier
Over500_2026_P04_-_published.xlsx:3588,Over500_2026_P04_-_published.xlsx,3588,2026-07-14,REDACTED,general_procurement,Children's Social Care,Transfer Payment,Allowances for provision care,2026-07-14 11:17:43.957,636.18,Redacted,redacted_supplier
Over500_2026_P04_-_published.xlsx:3589,Over500_2026_P04_-_published.xlsx,3589,2026-07-29,REDACTED,general_procurement,Children's Social Care,Transfer Payment,Allowances for provision care,2026-07-29 10:40:41.980,636.18,Redacted,redacted_supplier
Over500_2026_P04_-_published.xlsx:3590,Over500_2026_P04_-_published.xlsx,3590,2026-07-29,REDACTED,general_procurement,Children's Social Care,Transfer Payment,Allowances for provision care,2026-07-29 10:40:41.980,517.69,Redacted,redacted_supplier
Over500_2026_P04_-_published.xlsx:3591,Over500_2026_P04_-_published.xlsx,3591,2026-07-29,REDACTED,general_procurement,Children's Social Care,Transfer Payment,Allowances for provision care,2026-07-29 10:40:41.980,589.6,Redacted,redacted_supplier
Over500_2026_P04_-_published.xlsx:3592,Over500_2026_P04_-_published.xlsx,3592,2026-07-29,REDACTED,general_procurement,Children's Social Care,Transfer Payment,Allowances for provision care,2026-07-29 10:40:41.980,589.6,Redacted,redacted_supplier
Over500_2026_P04_-_published.xlsx:3593,Over500_2026_P04_-_published.xlsx,3593,2026-07-29,REDACTED,general_procurement,Children's Social Care,Transfer Payment,Allowances for provision care,2026-07-29 10:40:41.980,1192.33,Redacted,redacted_supplier
Over500_2026_P04_-_published.xlsx:3594,Over500_2026_P04_-_published.xlsx,3594,2026-07-29,REDACTED,general_procurement,Children's Social Care,Transfer Payment,Allowances for provision care,2026-07-29 10:40:41.980,916.18,Redacted,redacted_supplier
Over500_2026_P04_-_published.xlsx:3595,Over500_2026_P04_-_published.xlsx,3595,2026-07-29,REDACTED,general_procurement,Children's Social Care,Transfer Payment,Allowances for provision care,2026-07-29 10:40:41.980,636.18,Redacted,redacted_supplier
Over500_2026_P04_-_published.xlsx:3596,Over500_2026_P04_-_published.xlsx,3596,2026-07-29,REDACTED,general_procurement,Children's Social Care,Transfer Payment,Allowances for provision care,2026-07-29 10:40:41.980,916.18,Redacted,redacted_supplier
Over500_2026_P04_-_published.xlsx:3597,Over500_2026_P04_-_published.xlsx,3597,2026-07-29,REDACTED,general_procurement,Children's Social Care,Transfer Payment,Allowances for provision care,2026-07-29 10:40:41.980,587.09,Redacted,redacted_supplier
Over500_2026_P04_-_published.xlsx:3598,Over500_2026_P04_-_published.xlsx,3598,2026-07-14,REDACTED,general_procurement,Children's Social Care,Transfer Payment,Allowances for provision care,2026-07-14 11:17:43.957,517.69,Redacted,redacted_supplier
Over500_2026_P04_-_published.xlsx:3599,Over500_2026_P04_-_published.xlsx,3599,2026-07-14,REDACTED,general_procurement,Children's Social Care,Transfer Payment,Allowances for provision care,2026-07-14 11:17:43.957,636.18,Redacted,redacted_supplier
Over500_2026_P04_-_published.xlsx:3600,Over500_2026_P04_-_published.xlsx,3600,2026-07-29,REDACTED,general_procurement,Children's Social Care,Transfer Payment,Allowances for provision care,2026-07-29 10:40:41.980,916.18,Redacted,redacted_supplier
Over500_2026_P04_-_published.xlsx:3601,Over500_2026_P04_-_published.xlsx,3601,2026-07-29,REDACTED,general_procurement,Children's Social Care,Transfer Payment,Allowances for provision care,2026-07-29 10:40:41.980,559.27,Redacted,redacted_supplier
Over500_2026_P04_-_published.xlsx:3602,Over500_2026_P04_-_published.xlsx,3602,2026-07-29,REDACTED,general_procurement,Children's Social Care,Transfer Payment,Allowances for provision care,2026-07-29 10:40:41.980,559.27,Redacted,redacted_supplier
Over500_2026_P04_-_published.xlsx:3603,Over500_2026_P04_-_published.xlsx,3603,2026-07-29,REDACTED,general_procurement,Children's Social Care,Transfer Payment,Allowances for provision care,2026-07-29 10:40:41.980,916.18,Redacted,redacted_supplier
Over500_2026_P04_-_published.xlsx:3604,Over500_2026_P04_-_published.xlsx,3604,2026-07-29,REDACTED,general_procurement,Children's Social Care,Transfer Payment,Allowances for provision care,2026-07-29 10:40:41.980,559.25,Redacted,redacted_supplier
Over500_2026_P04_-_published.xlsx:3605,Over500_2026_P04_-_published.xlsx,3605,2026-07-29,REDACTED,general_procurement,Children's Social Care,Transfer Payment,Allowances for provision care,2026-07-29 10:40:41.980,636.18,Redacted,redacted_supplier
Over500_2026_P04_-_published.xlsx:3606,Over500_2026_P04_-_published.xlsx,3606,2026-07-29,REDACTED,general_procurement,Children's Social Care,Transfer Payment,Allowances for provision care,2026-07-29 10:40:41.980,636.18,Redacted,redacted_supplier
Over500_2026_P04_-_published.xlsx:3607,Over500_2026_P04_-_published.xlsx,3607,2026-07-29,REDACTED,general_procurement,Children's Social Care,Transfer Payment,Allowances for provision care,2026-07-29 10:40:41.980,559.25,Redacted,redacted_supplier
Over500_2026_P04_-_published.xlsx:3608,Over500_2026_P04_-_published.xlsx,3608,2026-07-29,REDACTED,general_procurement,Children's Social Care,Transfer Payment,Allowances for provision care,2026-07-29 10:40:41.980,636.18,Redacted,redacted_supplier
Over500_2026_P04_-_published.xlsx:3609,Over500_2026_P04_-_published.xlsx,3609,2026-07-29,REDACTED,general_procurement,Children's Social Care,Transfer Payment,Allowances for provision care,2026-07-29 10:40:41.980,559.25,Redacted,redacted_supplier
Over500_2026_P04_-_published.xlsx:3610,Over500_2026_P04_-_published.xlsx,3610,2026-07-29,REDACTED,general_procurement,Children's Social Care,Transfer Payment,Allowances for provision care,2026-07-29 10:40:41.980,595.22,Redacted,redacted_supplier
Over500_2026_P04_-_published.xlsx:3611,Over500_2026_P04_-_published.xlsx,3611,2026-07-14,REDACTED,general_procurement,Children's Social Care,Transfer Payment,Allowances for provision care,2026-07-14 11:17:43.957,532.08,Redacted,redacted_supplier
Over500_2026_P04_-_published.xlsx:3612,Over500_2026_P04_-_published.xlsx,3612,2026-07-14,REDACTED,general_procurement,Children's Social Care,Transfer Payment,Allowances for provision care,2026-07-14 11:17:43.957,1266.63,Redacted,redacted_supplier
Over500_2026_P04_-_published.xlsx:3613,Over500_2026_P04_-_published.xlsx,3613,2026-07-14,REDACTED,general_procurement,Children's Social Care,Transfer Payment,Allowances for provision care,2026-07-14 11:17:43.957,559.25,Redacted,redacted_supplier
Over500_2026_P04_-_published.xlsx:3614,Over500_2026_P04_-_published.xlsx,3614,2026-07-29,REDACTED,general_procurement,Children's Social Care,Transfer Payment,Allowances for provision care,2026-07-29 10:40:41.980,559.25,Redacted,redacted_supplier
Over500_2026_P04_-_published.xlsx:3615,Over500_2026_P04_-_published.xlsx,3615,2026-07-14,REDACTED,general_procurement,Children's Social Care,Transfer Payment,Allowances for provision care,2026-07-14 11:17:43.957,636.19,Redacted,redacted_supplier
Over500_2026_P04_-_published.xlsx:3616,Over500_2026_P04_-_published.xlsx,3616,2026-07-14,REDACTED,general_procurement,Children's Social Care,Transfer Payment,Allowances for provision care,2026-07-14 11:17:43.957,543.3,Redacted,redacted_supplier
Over500_2026_P04_-_published.xlsx:3617,Over500_2026_P04_-_published.xlsx,3617,2026-07-14,REDACTED,general_procurement,Children's Social Care,Transfer Payment,Allowances for provision care,2026-07-14 11:17:43.957,636.18,Redacted,redacted_supplier
Over500_2026_P04_-_published.xlsx:3618,Over500_2026_P04_-_published.xlsx,3618,2026-07-14,REDACTED,general_procurement,Children's Social Care,Transfer Payment,Allowances for provision care,2026-07-14 11:17:43.957,559.27,Redacted,redacted_supplier
Over500_2026_P04_-_published.xlsx:3619,Over500_2026_P04_-_published.xlsx,3619,2026-07-14,REDACTED,general_procurement,Children's Social Care,Transfer Payment,Allowances for provision care,2026-07-14 11:17:43.957,916.18,Redacted,redacted_supplier
Over500_2026_P04_-_published.xlsx:3620,Over500_2026_P04_-_published.xlsx,3620,2026-07-14,REDACTED,general_procurement,Children's Social Care,Transfer Payment,Allowances for provision care,2026-07-14 11:17:43.957,559.25,Redacted,redacted_supplier
Over500_2026_P04_-_published.xlsx:3621,Over500_2026_P04_-_published.xlsx,3621,2026-07-14,REDACTED,general_procurement,Children's Social Care,Transfer Payment,Allowances for provision care,2026-07-14 11:17:43.957,587.09,Redacted,redacted_supplier
Over500_2026_P04_-_published.xlsx:3622,Over500_2026_P04_-_published.xlsx,3622,2026-07-29,REDACTED,general_procurement,Children's Social Care,Transfer Payment,Allowances for provision care,2026-07-29 10:40:41.980,554.86,Redacted,redacted_supplier
Over500_2026_P04_-_published.xlsx:3623,Over500_2026_P04_-_published.xlsx,3623,2026-07-29,REDACTED,general_procurement,Children's Social Care,Transfer Payment,Allowances for provision care,2026-07-29 10:40:41.980,636.19,Redacted,redacted_supplier
Over500_2026_P04_-_published.xlsx:3624,Over500_2026_P04_-_published.xlsx,3624,2026-07-29,REDACTED,general_procurement,Children's Social Care,Transfer Payment,Allowances for provision care,2026-07-29 10:40:41.980,517.69,Redacted,redacted_supplier
Over500_2026_P04_-_published.xlsx:3625,Over500_2026_P04_-_published.xlsx,3625,2026-07-29,REDACTED,general_procurement,Children's Social Care,Transfer Payment,Allowances for provision care,2026-07-29 10:40:41.980,636.19,Redacted,redacted_supplier
Over500_2026_P04_-_published.xlsx:3626,Over500_2026_P04_-_published.xlsx,3626,2026-07-29,REDACTED,general_procurement,Children's Social Care,Transfer Payment,Allowances for provision care,2026-07-29 10:40:41.980,636.18,Redacted,redacted_supplier
Over500_2026_P04_-_published.xlsx:3646,Over500_2026_P04_-_published.xlsx,3646,2026-07-30,REDACTED,general_procurement,Children's Social Care,Transfer Payment,Allowances for provision care,2026-07-30 09:27:32.517,3571.0,Redacted,redacted_supplier
Over500_2026_P04_-_published.xlsx:3647,Over500_2026_P04_-_published.xlsx,3647,2026-07-14,REDACTED,general_procurement,Children's Social Care,Transfer Payment,Allowances for provision care,2026-07-14 11:17:43.957,533.0,Redacted,redacted_supplier
Over500_2026_P04_-_published.xlsx:3648,Over500_2026_P04_-_published.xlsx,3648,2026-07-29,REDACTED,general_procurement,Children's Social Care,Transfer Payment,Allowances for provision care,2026-07-29 10:40:41.980,594.26,Redacted,redacted_supplier
Over500_2026_P04_-_published.xlsx:3649,Over500_2026_P04_-_published.xlsx,3649,2026-07-14,REDACTED,general_procurement,Children's Social Care,Transfer Payment,Allowances for provision care,2026-07-14 11:17:43.957,749.87,Redacted,redacted_supplier
Over500_2026_P04_-_published.xlsx:3650,Over500_2026_P04_-_published.xlsx,3650,2026-07-14,REDACTED,general_procurement,Children's Social Care,Transfer Payment,Allowances for provision care,2026-07-14 11:17:43.957,850.74,Redacted,redacted_supplier
Over500_2026_P04_-_published.xlsx:3651,Over500_2026_P04_-_published.xlsx,3651,2026-07-29,REDACTED,general_procurement,Children's Social Care,Transfer Payment,Allowances for provision care,2026-07-29 10:40:41.980,613.53,Redacted,redacted_supplier
Over500_2026_P04_-_published.xlsx:3652,Over500_2026_P04_-_published.xlsx,3652,2026-07-29,REDACTED,general_procurement,Children's Social Care,Transfer Payment,Allowances for provision care,2026-07-29 10:40:41.980,916.18,Redacted,redacted_supplier
Over500_2026_P04_-_published.xlsx:3653,Over500_2026_P04_-_published.xlsx,3653,2026-07-29,REDACTED,general_procurement,Children's Social Care,Transfer Payment,Allowances for provision care,2026-07-29 10:40:41.980,559.27,Redacted,redacted_supplier
Over500_2026_P04_-_published.xlsx:3654,Over500_2026_P04_-_published.xlsx,3654,2026-07-29,REDACTED,general_procurement,Children's Social Care,Transfer Payment,Allowances for provision care,2026-07-29 10:40:41.980,916.18,Redacted,redacted_supplier
Over500_2026_P04_-_published.xlsx:3655,Over500_2026_P04_-_published.xlsx,3655,2026-07-29,REDACTED,general_procurement,Children's Social Care,Transfer Payment,Allowances for provision care,2026-07-29 10:40:41.980,636.18,Redacted,redacted_supplier
Over500_2026_P04_-_published.xlsx:3656,Over500_2026_P04_-_published.xlsx,3656,2026-07-14,REDACTED,general_procurement,Children's Social Care,Transfer Payment,Allowances for provision care,2026-07-14 11:17:43.957,916.18,Redacted,redacted_supplier
Over500_2026_P04_-_published.xlsx:3657,Over500_2026_P04_-_published.xlsx,3657,2026-07-29,REDACTED,general_procurement,Children's Social Care,Transfer Payment,Allowances for provision care,2026-07-29 10:40:41.980,636.18,Redacted,redacted_supplier
Over500_2026_P04_-_published.xlsx:3658,Over500_2026_P04_-_published.xlsx,3658,2026-07-14,REDACTED,general_procurement,Children's Social Care,Transfer Payment,Allowances for provision care,2026-07-14 11:17:43.957,898.81,Redacted,redacted_supplier
Over500_2026_P04_-_published.xlsx:3659,Over500_2026_P04_-_published.xlsx,3659,2026-07-14,REDACTED,general_procurement,Children's Social Care,Transfer Payment,Allowances for provision care,2026-07-14 11:17:43.957,975.1,Redacted,redacted_supplier
Over500_2026_P04_-_published.xlsx:3660,Over500_2026_P04_-_published.xlsx,3660,2026-07-29,REDACTED,general_procurement,Children's Social Care,Transfer Payment,Allowances for provision care,2026-07-29 10:40:41.980,1266.63,Redacted,redacted_supplier
Over500_2026_P04_-_published.xlsx:3661,Over500_2026_P04_-_published.xlsx,3661,2026-07-29,REDACTED,general_procurement,Children's Social Care,Transfer Payment,Allowances for provision care,2026-07-29 10:40:41.980,975.1,Redacted,redacted_supplier
Over500_2026_P04_-_published.xlsx:3664,Over500_2026_P04_-_published.xlsx,3664,2026-07-14,REDACTED,general_procurement,Children's Social Care,Transfer Payment,Allowances for provision care,2026-07-14 11:17:43.957,682.52,Redacted,redacted_supplier
Over500_2026_P04_-_published.xlsx:3665,Over500_2026_P04_-_published.xlsx,3665,2026-07-29,REDACTED,general_procurement,Children's Social Care,Transfer Payment,Allowances for provision care,2026-07-29 10:40:41.980,653.24,Redacted,redacted_supplier
Over500_2026_P04_-_published.xlsx:3666,Over500_2026_P04_-_published.xlsx,3666,2026-07-14,REDACTED,general_procurement,Children's Social Care,Transfer Payment,Allowances for provision care,2026-07-14 11:17:43.957,594.26,Redacted,redacted_supplier
Over500_2026_P04_-_published.xlsx:3667,Over500_2026_P04_-_published.xlsx,3667,2026-07-14,REDACTED,general_procurement,Children's Social Care,Transfer Payment,Allowances for provision care,2026-07-14 11:17:43.957,653.24,Redacted,redacted_supplier
Over500_2026_P04_-_published.xlsx:3668,Over500_2026_P04_-_published.xlsx,3668,2026-07-29,REDACTED,general_procurement,Children's Social Care,Transfer Payment,Allowances for provision care,2026-07-29 10:40:41.980,800.26,Redacted,redacted_supplier
Over500_2026_P04_-_published.xlsx:3669,Over500_2026_P04_-_published.xlsx,3669,2026-07-14,REDACTED,general_procurement,Children's Social Care,Transfer Payment,Allowances for provision care,2026-07-14 11:17:43.957,916.18,Redacted,redacted_supplier
Over500_2026_P04_-_published.xlsx:3670,Over500_2026_P04_-_published.xlsx,3670,2026-07-14,REDACTED,general_procurement,Children's Social Care,Transfer Payment,Allowances for provision care,2026-07-14 11:17:43.957,916.18,Redacted,redacted_supplier
Over500_2026_P04_-_published.xlsx:3671,Over500_2026_P04_-_published.xlsx,3671,2026-07-29,REDACTED,general_procurement,Children's Social Care,Transfer Payment,Allowances for provision care,2026-07-29 10:40:41.980,513.62,Redacted,redacted_supplier
Over500_2026_P04_-_published.xlsx:3717,Over500_2026_P04_-_published.xlsx,3717,2026-07-29,REDACTED,general_procurement,Children's Social Care,Transfer Payment,Allowances for provision care,2026-07-29 10:40:41.980,682.52,Redacted,redacted_supplier
Over500_2026_P04_-_published.xlsx:3817,Over500_2026_P04_-_published.xlsx,3817,2026-07-14,REDACTED,general_procurement,Children's Social Care,Transfer Payment,Allowances for provision care,2026-07-14 11:17:43.957,626.89,Redacted,redacted_supplier
Over500_2026_P04_-_published.xlsx:3818,Over500_2026_P04_-_published.xlsx,3818,2026-07-14,REDACTED,general_procurement,Children's Social Care,Transfer Payment,Allowances for provision care,2026-07-14 11:17:43.957,642.03,Redacted,redacted_supplier
Over500_2026_P04_-_published.xlsx:3819,Over500_2026_P04_-_published.xlsx,3819,2026-07-14,REDACTED,general_procurement,Children's Social Care,Transfer Payment,Allowances for provision care,2026-07-14 11:17:43.957,1209.7,Redacted,redacted_supplier
Over500_2026_P04_-_published.xlsx:3820,Over500_2026_P04_-_published.xlsx,3820,2026-07-14,REDACTED,general_procurement,Children's Social Care,Transfer Payment,Allowances for provision care,2026-07-14 11:17:43.957,636.18,Redacted,redacted_supplier
Over500_2026_P04_-_published.xlsx:3821,Over500_2026_P04_-_published.xlsx,3821,2026-07-14,REDACTED,general_procurement,Children's Social Care,Transfer Payment,Allowances for provision care,2026-07-14 11:17:43.957,1000.0,Redacted,redacted_supplier
Over500_2026_P04_-_published.xlsx:3822,Over500_2026_P04_-_published.xlsx,3822,2026-07-14,REDACTED,general_procurement,Children's Social Care,Transfer Payment,Allowances for provision care,2026-07-14 11:17:43.957,975.16,Redacted,redacted_supplier
Over500_2026_P04_-_published.xlsx:3823,Over500_2026_P04_-_published.xlsx,3823,2026-07-14,REDACTED,general_procurement,Children's Social Care,Transfer Payment,Allowances for provision care,2026-07-14 11:17:43.957,626.89,Redacted,redacted_supplier
Over500_2026_P04_-_published.xlsx:3824,Over500_2026_P04_-_published.xlsx,3824,2026-07-14,REDACTED,general_procurement,Children's Social Care,Transfer Payment,Allowances for provision care,2026-07-14 11:17:43.957,975.16,Redacted,redacted_supplier
Over500_2026_P04_-_published.xlsx:3825,Over500_2026_P04_-_published.xlsx,3825,2026-07-14,REDACTED,general_procurement,Children's Social Care,Transfer Payment,Allowances for provision care,2026-07-14 11:17:43.957,719.05,Redacted,redacted_supplier
Over500_2026_P04_-_published.xlsx:3826,Over500_2026_P04_-_published.xlsx,3826,2026-07-14,REDACTED,general_procurement,Children's Social Care,Transfer Payment,Allowances for provision care,2026-07-14 11:17:43.957,916.18,Redacted,redacted_supplier
Over500_2026_P04_-_published.xlsx:3827,Over500_2026_P04_-_published.xlsx,3827,2026-07-14,REDACTED,general_procurement,Children's Social Care,Transfer Payment,Allowances for provision care,2026-07-14 11:17:43.957,559.26,Redacted,redacted_supplier
Over500_2026_P04_-_published.xlsx:3828,Over500_2026_P04_-_published.xlsx,3828,2026-07-14,REDACTED,general_procurement,Children's Social Care,Transfer Payment,Allowances for provision care,2026-07-14 11:17:43.957,636.18,Redacted,redacted_supplier
Over500_2026_P04_-_published.xlsx:3829,Over500_2026_P04_-_published.xlsx,3829,2026-07-14,REDACTED,general_procurement,Children's Social Care,Transfer Payment,Allowances for provision care,2026-07-14 11:17:43.957,1467.52,Redacted,redacted_supplier
Over500_2026_P04_-_published.xlsx:3831,Over500_2026_P04_-_published.xlsx,3831,2026-07-29,REDACTED,general_procurement,Children's Social Care,Transfer Payment,Allowances for provision care,2026-07-29 10:40:41.980,636.18,Redacted,redacted_supplier
Over500_2026_P04_-_published.xlsx:3832,Over500_2026_P04_-_published.xlsx,3832,2026-07-29,REDACTED,general_procurement,Children's Social Care,Transfer Payment,Allowances for provision care,2026-07-29 10:40:41.980,559.26,Redacted,redacted_supplier
Over500_2026_P04_-_published.xlsx:3833,Over500_2026_P04_-_published.xlsx,3833,2026-07-29,REDACTED,general_procurement,Children's Social Care,Transfer Payment,Allowances for provision care,2026-07-29 10:40:41.980,636.18,Redacted,redacted_supplier
Over500_2026_P04_-_published.xlsx:3834,Over500_2026_P04_-_published.xlsx,3834,2026-07-29,REDACTED,general_procurement,Children's Social Care,Transfer Payment,Allowances for provision care,2026-07-29 10:40:41.980,975.16,Redacted,redacted_supplier
Over500_2026_P04_-_published.xlsx:3835,Over500_2026_P04_-_published.xlsx,3835,2026-07-29,REDACTED,general_procurement,Children's Social Care,Transfer Payment,Allowances for provision care,2026-07-29 10:40:41.980,1467.52,Redacted,redacted_supplier
Over500_2026_P04_-_published.xlsx:3836,Over500_2026_P04_-_published.xlsx,3836,2026-07-29,REDACTED,general_procurement,Children's Social Care,Transfer Payment,Allowances for provision care,2026-07-29 10:40:41.980,916.18,Redacted,redacted_supplier
Over500_2026_P04_-_published.xlsx:3837,Over500_2026_P04_-_published.xlsx,3837,2026-07-29,REDACTED,general_procurement,Children's Social Care,Transfer Payment,Allowances for provision care,2026-07-29 10:40:41.980,559.26,Redacted,redacted_supplier
Over500_2026_P04_-_published.xlsx:3838,Over500_2026_P04_-_published.xlsx,3838,2026-07-29,REDACTED,general_procurement,Children's Social Care,Transfer Payment,Allowances for provision care,2026-07-29 10:40:41.980,916.18,Redacted,redacted_supplier
Over500_2026_P04_-_published.xlsx:3839,Over500_2026_P04_-_published.xlsx,3839,2026-07-29,REDACTED,general_procurement,Children's Social Care,Transfer Payment,Allowances for provision care,2026-07-29 10:40:41.980,916.18,Redacted,redacted_supplier
Over500_2026_P04_-_published.xlsx:3840,Over500_2026_P04_-_published.xlsx,3840,2026-07-29,REDACTED,general_procurement,Children's Social Care,Transfer Payment,Allowances for provision care,2026-07-29 10:40:41.980,636.18,Redacted,redacted_supplier
Over500_2026_P04_-_published.xlsx:3841,Over500_2026_P04_-_published.xlsx,3841,2026-07-29,REDACTED,general_procurement,Children's Social Care,Transfer Payment,Allowances for provision care,2026-07-29 10:40:41.980,517.93,Redacted,redacted_supplier
Over500_2026_P04_-_published.xlsx:3842,Over500_2026_P04_-_published.xlsx,3842,2026-07-29,REDACTED,general_procurement,Children's Social Care,Transfer Payment,Allowances for provision care,2026-07-29 10:40:41.980,636.18,Redacted,redacted_supplier
Over500_2026_P04_-_published.xlsx:3843,Over500_2026_P04_-_published.xlsx,3843,2026-07-29,REDACTED,general_procurement,Children's Social Care,Transfer Payment,Allowances for provision care,2026-07-29 10:40:41.980,559.26,Redacted,redacted_supplier
Over500_2026_P04_-_published.xlsx:3844,Over500_2026_P04_-_published.xlsx,3844,2026-07-29,REDACTED,general_procurement,Children's Social Care,Transfer Payment,Allowances for provision care,2026-07-29 10:40:41.980,559.26,Redacted,redacted_supplier
Over500_2026_P04_-_published.xlsx:3845,Over500_2026_P04_-_published.xlsx,3845,2026-07-29,REDACTED,general_procurement,Children's Social Care,Transfer Payment,Allowances for provision care,2026-07-29 10:40:41.980,954.38,Redacted,redacted_supplier
Over500_2026_P04_-_published.xlsx:3846,Over500_2026_P04_-_published.xlsx,3846,2026-07-29,REDACTED,general_procurement,Children's Social Care,Transfer Payment,Allowances for provision care,2026-07-29 10:40:41.980,559.26,Redacted,redacted_supplier
Over500_2026_P04_-_published.xlsx:3847,Over500_2026_P04_-_published.xlsx,3847,2026-07-29,REDACTED,general_procurement,Children's Social Care,Transfer Payment,Allowances for provision care,2026-07-29 10:40:41.980,559.26,Redacted,redacted_supplier
Over500_2026_P04_-_published.xlsx:3848,Over500_2026_P04_-_published.xlsx,3848,2026-07-14,REDACTED,general_procurement,Children's Social Care,Transfer Payment,Allowances for provision care,2026-07-14 11:17:43.957,954.38,Redacted,redacted_supplier
Over500_2026_P04_-_published.xlsx:3849,Over500_2026_P04_-_published.xlsx,3849,2026-07-14,REDACTED,general_procurement,Children's Social Care,Transfer Payment,Allowances for provision care,2026-07-14 11:17:43.957,916.18,Redacted,redacted_supplier
Over500_2026_P04_-_published.xlsx:3850,Over500_2026_P04_-_published.xlsx,3850,2026-07-14,REDACTED,general_procurement,Children's Social Care,Transfer Payment,Allowances for provision care,2026-07-14 11:17:43.957,636.18,Redacted,redacted_supplier
Over500_2026_P04_-_published.xlsx:3851,Over500_2026_P04_-_published.xlsx,3851,2026-07-14,REDACTED,general_procurement,Children's Social Care,Transfer Payment,Allowances for provision care,2026-07-14 11:17:43.957,636.18,Redacted,redacted_supplier
Over500_2026_P04_-_published.xlsx:3852,Over500_2026_P04_-_published.xlsx,3852,2026-07-14,REDACTED,general_procurement,Children's Social Care,Transfer Payment,Allowances for provision care,2026-07-14 11:17:43.957,636.18,Redacted,redacted_supplier
Over500_2026_P04_-_published.xlsx:3853,Over500_2026_P04_-_published.xlsx,3853,2026-07-14,REDACTED,general_procurement,Children's Social Care,Transfer Payment,Allowances for provision care,2026-07-14 11:17:43.957,636.18,Redacted,redacted_supplier
Over500_2026_P04_-_published.xlsx:3854,Over500_2026_P04_-_published.xlsx,3854,2026-07-14,REDACTED,general_procurement,Children's Social Care,Transfer Payment,Allowances for provision care,2026-07-14 11:17:43.957,559.26,Redacted,redacted_supplier
Over500_2026_P04_-_published.xlsx:3855,Over500_2026_P04_-_published.xlsx,3855,2026-07-14,REDACTED,general_procurement,Children's Social Care,Transfer Payment,Allowances for provision care,2026-07-14 11:17:43.957,636.18,Redacted,redacted_supplier
Over500_2026_P04_-_published.xlsx:3856,Over500_2026_P04_-_published.xlsx,3856,2026-07-14,REDACTED,general_procurement,Children's Social Care,Transfer Payment,Allowances for provision care,2026-07-14 11:17:43.957,559.26,Redacted,redacted_supplier
Over500_2026_P04_-_published.xlsx:3857,Over500_2026_P04_-_published.xlsx,3857,2026-07-14,REDACTED,general_procurement,Children's Social Care,Transfer Payment,Allowances for provision care,2026-07-14 11:17:43.957,954.38,Redacted,redacted_supplier
Over500_2026_P04_-_published.xlsx:3858,Over500_2026_P04_-_published.xlsx,3858,2026-07-14,REDACTED,general_procurement,Children's Social Care,Transfer Payment,Allowances for provision care,2026-07-14 11:17:43.957,636.18,Redacted,redacted_supplier
Over500_2026_P04_-_published.xlsx:3859,Over500_2026_P04_-_published.xlsx,3859,2026-07-14,REDACTED,general_procurement,Children's Social Care,Transfer Payment,Allowances for provision care,2026-07-14 11:17:43.957,636.18,Redacted,redacted_supplier
Over500_2026_P04_-_published.xlsx:3860,Over500_2026_P04_-_published.xlsx,3860,2026-07-29,REDACTED,general_procurement,Children's Social Care,Transfer Payment,Allowances for provision care,2026-07-29 10:40:41.980,636.18,Redacted,redacted_supplier
Over500_2026_P04_-_published.xlsx:3861,Over500_2026_P04_-_published.xlsx,3861,2026-07-29,REDACTED,general_procurement,Children's Social Care,Transfer Payment,Allowances for provision care,2026-07-29 10:40:41.980,636.18,Redacted,redacted_supplier
Over500_2026_P04_-_published.xlsx:3862,Over500_2026_P04_-_published.xlsx,3862,2026-07-29,REDACTED,general_procurement,Children's Social Care,Transfer Payment,Allowances for provision care,2026-07-29 10:40:41.980,1209.7,Redacted,redacted_supplier
Over500_2026_P04_-_published.xlsx:3863,Over500_2026_P04_-_published.xlsx,3863,2026-07-29,REDACTED,general_procurement,Children's Social Care,Transfer Payment,Allowances for provision care,2026-07-29 10:40:41.980,916.18,Redacted,redacted_supplier
Over500_2026_P04_-_published.xlsx:3864,Over500_2026_P04_-_published.xlsx,3864,2026-07-29,REDACTED,general_procurement,Children's Social Care,Transfer Payment,Allowances for provision care,2026-07-29 10:40:41.980,636.18,Redacted,redacted_supplier
Over500_2026_P04_-_published.xlsx:3865,Over500_2026_P04_-_published.xlsx,3865,2026-07-29,REDACTED,general_procurement,Children's Social Care,Transfer Payment,Allowances for provision care,2026-07-29 10:40:41.980,954.38,Redacted,redacted_supplier
Over500_2026_P04_-_published.xlsx:3866,Over500_2026_P04_-_published.xlsx,3866,2026-07-29,REDACTED,general_procurement,Children's Social Care,Transfer Payment,Allowances for provision care,2026-07-29 10:40:41.980,954.38,Redacted,redacted_supplier
Over500_2026_P04_-_published.xlsx:3867,Over500_2026_P04_-_published.xlsx,3867,2026-07-29,REDACTED,general_procurement,Children's Social Care,Transfer Payment,Allowances for provision care,2026-07-29 10:40:41.980,916.18,Redacted,redacted_supplier
Over500_2026_P04_-_published.xlsx:3868,Over500_2026_P04_-_published.xlsx,3868,2026-07-29,REDACTED,general_procurement,Children's Social Care,Transfer Payment,Allowances for provision care,2026-07-29 10:40:41.980,636.18,Redacted,redacted_supplier
Over500_2026_P04_-_published.xlsx:3869,Over500_2026_P04_-_published.xlsx,3869,2026-07-29,REDACTED,general_procurement,Children's Social Care,Transfer Payment,Allowances for provision care,2026-07-29 10:40:41.980,559.26,Redacted,redacted_supplier
Over500_2026_P04_-_published.xlsx:3870,Over500_2026_P04_-_published.xlsx,3870,2026-07-29,REDACTED,general_procurement,Children's Social Care,Transfer Payment,Allowances for provision care,2026-07-29 10:40:41.980,916.18,Redacted,redacted_supplier
Over500_2026_P04_-_published.xlsx:3871,Over500_2026_P04_-_published.xlsx,3871,2026-07-29,REDACTED,general_procurement,Children's Social Care,Transfer Payment,Allowances for provision care,2026-07-29 10:40:41.980,916.18,Redacted,redacted_supplier
Over500_2026_P04_-_published.xlsx:3872,Over500_2026_P04_-_published.xlsx,3872,2026-07-14,REDACTED,general_procurement,Children's Social Care,Transfer Payment,Allowances for provision care,2026-07-14 11:17:43.957,517.69,Redacted,redacted_supplier
Over500_2026_P04_-_published.xlsx:3873,Over500_2026_P04_-_published.xlsx,3873,2026-07-14,REDACTED,general_procurement,Children's Social Care,Transfer Payment,Allowances for provision care,2026-07-14 11:17:43.957,554.82,Redacted,redacted_supplier
Over500_2026_P04_-_published.xlsx:3874,Over500_2026_P04_-_published.xlsx,3874,2026-07-14,REDACTED,general_procurement,Children's Social Care,Transfer Payment,Allowances for provision care,2026-07-14 11:17:43.957,554.86,Redacted,redacted_supplier
Over500_2026_P04_-_published.xlsx:3875,Over500_2026_P04_-_published.xlsx,3875,2026-07-14,REDACTED,general_procurement,Children's Social Care,Transfer Payment,Allowances for provision care,2026-07-14 11:17:43.957,636.19,Redacted,redacted_supplier
Over500_2026_P04_-_published.xlsx:3876,Over500_2026_P04_-_published.xlsx,3876,2026-07-14,REDACTED,general_procurement,Children's Social Care,Transfer Payment,Allowances for provision care,2026-07-14 11:17:43.957,1192.33,Redacted,redacted_supplier
Over500_2026_P04_-_published.xlsx:3877,Over500_2026_P04_-_published.xlsx,3877,2026-07-14,REDACTED,general_procurement,Children's Social Care,Transfer Payment,Allowances for provision care,2026-07-14 11:17:43.957,589.6,Redacted,redacted_supplier
Over500_2026_P04_-_published.xlsx:3878,Over500_2026_P04_-_published.xlsx,3878,2026-07-14,REDACTED,general_procurement,Children's Social Care,Transfer Payment,Allowances for provision care,2026-07-14 11:17:43.957,916.18,Redacted,redacted_supplier
Over500_2026_P04_-_published.xlsx:3879,Over500_2026_P04_-_published.xlsx,3879,2026-07-14,REDACTED,general_procurement,Children's Social Care,Transfer Payment,Allowances for provision care,2026-07-14 11:17:43.957,636.18,Redacted,redacted_supplier
Over500_2026_P04_-_published.xlsx:3880,Over500_2026_P04_-_published.xlsx,3880,2026-07-14,REDACTED,general_procurement,Children's Social Care,Transfer Payment,Allowances for provision care,2026-07-14 11:17:43.957,636.18,Redacted,redacted_supplier
Over500_2026_P04_-_published.xlsx:3881,Over500_2026_P04_-_published.xlsx,3881,2026-07-14,REDACTED,general_procurement,Children's Social Care,Transfer Payment,Allowances for provision care,2026-07-14 11:17:43.957,636.18,Redacted,redacted_supplier
Over500_2026_P04_-_published.xlsx:3882,Over500_2026_P04_-_published.xlsx,3882,2026-07-14,REDACTED,general_procurement,Children's Social Care,Transfer Payment,Allowances for provision care,2026-07-14 11:17:43.957,559.25,Redacted,redacted_supplier
Over500_2026_P04_-_published.xlsx:3883,Over500_2026_P04_-_published.xlsx,3883,2026-07-29,REDACTED,general_procurement,Children's Social Care,Transfer Payment,Allowances for provision care,2026-07-29 10:40:41.980,916.75,Redacted,redacted_supplier
Over500_2026_P04_-_published.xlsx:3884,Over500_2026_P04_-_published.xlsx,3884,2026-07-29,REDACTED,general_procurement,Children's Social Care,Transfer Payment,Allowances for provision care,2026-07-29 10:40:41.980,636.19,Redacted,redacted_supplier
Over500_2026_P04_-_published.xlsx:3885,Over500_2026_P04_-_published.xlsx,3885,2026-07-29,REDACTED,general_procurement,Children's Social Care,Transfer Payment,Allowances for provision care,2026-07-29 10:40:41.980,1192.33,Redacted,redacted_supplier
Over500_2026_P04_-_published.xlsx:3886,Over500_2026_P04_-_published.xlsx,3886,2026-07-29,REDACTED,general_procurement,Children's Social Care,Transfer Payment,Allowances for provision care,2026-07-29 10:40:41.980,589.6,Redacted,redacted_supplier
Over500_2026_P04_-_published.xlsx:3887,Over500_2026_P04_-_published.xlsx,3887,2026-07-29,REDACTED,general_procurement,Children's Social Care,Transfer Payment,Allowances for provision care,2026-07-29 10:40:41.980,543.3,Redacted,redacted_supplier
Over500_2026_P04_-_published.xlsx:3888,Over500_2026_P04_-_published.xlsx,3888,2026-07-29,REDACTED,general_procurement,Children's Social Care,Transfer Payment,Allowances for provision care,2026-07-29 10:40:41.980,636.18,Redacted,redacted_supplier
Over500_2026_P04_-_published.xlsx:3889,Over500_2026_P04_-_published.xlsx,3889,2026-07-29,REDACTED,general_procurement,Children's Social Care,Transfer Payment,Allowances for provision care,2026-07-29 10:40:41.980,559.25,Redacted,redacted_supplier
Over500_2026_P04_-_published.xlsx:3890,Over500_2026_P04_-_published.xlsx,3890,2026-07-29,REDACTED,general_procurement,Children's Social Care,Transfer Payment,Allowances for provision care,2026-07-29 10:40:41.980,517.69,Redacted,redacted_supplier
Over500_2026_P04_-_published.xlsx:3891,Over500_2026_P04_-_published.xlsx,3891,2026-07-29,REDACTED,general_procurement,Children's Social Care,Transfer Payment,Allowances for provision care,2026-07-29 10:40:41.980,532.08,Redacted,redacted_supplier
Over500_2026_P04_-_published.xlsx:3892,Over500_2026_P04_-_published.xlsx,3892,2026-07-14,REDACTED,general_procurement,Children's Social Care,Transfer Payment,Allowances for provision care,2026-07-14 11:17:43.957,559.27,Redacted,redacted_supplier
Over500_2026_P04_-_published.xlsx:3893,Over500_2026_P04_-_published.xlsx,3893,2026-07-29,REDACTED,general_procurement,Children's Social Care,Transfer Payment,Allowances for provision care,2026-07-29 10:40:41.980,898.81,Redacted,redacted_supplier
Over500_2026_P04_-_published.xlsx:3895,Over500_2026_P04_-_published.xlsx,3895,2026-07-29,REDACTED,general_procurement,Children's Social Care,Transfer Payment,Allowances for provision care,2026-07-29 10:40:41.980,533.0,Redacted,redacted_supplier
Over500_2026_P04_-_published.xlsx:3896,Over500_2026_P04_-_published.xlsx,3896,2026-07-28,REDACTED,general_procurement,Children's Social Care,Transfer Payment,Allowances for provision care,2026-07-28 11:51:44.037,1366.81,Redacted,redacted_supplier
Over500_2026_P04_-_published.xlsx:3898,Over500_2026_P04_-_published.xlsx,3898,2026-07-29,REDACTED,general_procurement,Children's Social Care,Transfer Payment,Allowances for provision care,2026-07-29 08:43:24.233,1400.0,Redacted,redacted_supplier
Over500_2026_P04_-_published.xlsx:3899,Over500_2026_P04_-_published.xlsx,3899,2026-07-03,REDACTED,premises_non_procurement,"Finance, Property & Procurement",Transfer Payment,Rent Rebates,2026-07-03 15:57:09.187,2677.61,Redacted,redacted_supplier
Over500_2026_P04_-_published.xlsx:3900,Over500_2026_P04_-_published.xlsx,3900,2026-07-03,REDACTED,premises_non_procurement,"Finance, Property & Procurement",Transfer Payment,Rent Rebates,2026-07-03 15:57:09.187,1235.82,Redacted,redacted_supplier
Over500_2026_P04_-_published.xlsx:3901,Over500_2026_P04_-_published.xlsx,3901,2026-07-10,REDACTED,premises_non_procurement,"Finance, Property & Procurement",Transfer Payment,Rent Rebates,2026-07-10 13:53:24.900,566.6,Redacted,redacted_supplier
Over500_2026_P04_-_published.xlsx:3902,Over500_2026_P04_-_published.xlsx,3902,2026-07-10,REDACTED,premises_non_procurement,"Finance, Property & Procurement",Transfer Payment,Rent Rebates,2026-07-10 13:53:24.900,1256.53,Redacted,redacted_supplier
Over500_2026_P04_-_published.xlsx:3903,Over500_2026_P04_-_published.xlsx,3903,2026-07-10,REDACTED,premises_non_procurement,"Finance, Property & Procurement",Transfer Payment,Rent Rebates,2026-07-10 13:53:24.900,551.61,Redacted,redacted_supplier
Over500_2026_P04_-_published.xlsx:3904,Over500_2026_P04_-_published.xlsx,3904,2026-07-10,REDACTED,premises_non_procurement,"Finance, Property & Procurement",Transfer Payment,Rent Rebates,2026-07-10 13:53:24.900,598.95,Redacted,redacted_supplier
Over500_2026_P04_-_published.xlsx:3905,Over500_2026_P04_-_published.xlsx,3905,2026-07-10,REDACTED,premises_non_procurement,"Finance, Property & Procurement",Transfer Payment,Rent Rebates,2026-07-10 13:53:24.900,559.06,Redacted,redacted_supplier
Over500_2026_P04_-_published.xlsx:3906,Over500_2026_P04_-_published.xlsx,3906,2026-07-27,REDACTED,premises_non_procurement,"Finance, Property & Procurement",Transfer Payment,Rent Rebates,2026-07-27 17:08:39.497,552.32,Redacted,redacted_supplier
Over500_2026_P04_-_published.xlsx:3907,Over500_2026_P04_-_published.xlsx,3907,2026-07-27,REDACTED,premises_non_procurement,"Finance, Property & Procurement",Transfer Payment,Rent Rebates,2026-07-27 17:08:39.497,1307.05,Redacted,redacted_supplier
Over500_2026_P04_-_published.xlsx:3908,Over500_2026_P04_-_published.xlsx,3908,2026-07-31,REDACTED,premises_non_procurement,"Finance, Property & Procurement",Transfer Payment,Rent Rebates,2026-07-31 14:37:16.713,2275.08,Redacted,redacted_supplier
Over500_2026_P04_-_published.xlsx:3909,Over500_2026_P04_-_published.xlsx,3909,2026-07-15,REDACTED,general_procurement,Adult Social Care,Transfer Payment,Direct Payment,2026-07-15 10:33:10.383,3799.76,Redacted,redacted_supplier
Over500_2026_P04_-_published.xlsx:3910,Over500_2026_P04_-_published.xlsx,3910,2026-07-15,REDACTED,general_procurement,Adult Social Care,Transfer Payment,Direct Payment,2026-07-15 10:33:10.383,1722.0,Redacted,redacted_supplier
Over500_2026_P04_-_published.xlsx:3911,Over500_2026_P04_-_published.xlsx,3911,2026-07-15,REDACTED,general_procurement,Adult Social Care,Transfer Payment,Direct Payment,2026-07-15 10:33:10.383,2810.44,Redacted,redacted_supplier
Over500_2026_P04_-_published.xlsx:3912,Over500_2026_P04_-_published.xlsx,3912,2026-07-15,REDACTED,general_procurement,Adult Social Care,Transfer Payment,Direct Payment,2026-07-15 10:33:10.383,2759.84,Redacted,redacted_supplier
Over500_2026_P04_-_published.xlsx:3913,Over500_2026_P04_-_published.xlsx,3913,2026-07-15,REDACTED,general_procurement,Adult Social Care,Transfer Payment,Direct Payment,2026-07-15 10:33:10.383,720.64,Redacted,redacted_supplier
Over500_2026_P04_-_published.xlsx:3914,Over500_2026_P04_-_published.xlsx,3914,2026-07-15,REDACTED,general_procurement,Adult Social Care,Transfer Payment,Direct Payment,2026-07-15 10:33:10.383,1721.88,Redacted,redacted_supplier
Over500_2026_P04_-_published.xlsx:3915,Over500_2026_P04_-_published.xlsx,3915,2026-07-15,REDACTED,general_procurement,Adult Social Care,Transfer Payment,Direct Payment,2026-07-15 10:33:10.383,1392.0,Redacted,redacted_supplier
Over500_2026_P04_-_published.xlsx:3916,Over500_2026_P04_-_published.xlsx,3916,2026-07-15,REDACTED,general_procurement,Adult Social Care,Transfer Payment,Direct Payment,2026-07-15 10:33:10.383,2992.6,Redacted,redacted_supplier
Over500_2026_P04_-_published.xlsx:3917,Over500_2026_P04_-_published.xlsx,3917,2026-07-15,REDACTED,general_procurement,Adult Social Care,Transfer Payment,Direct Payment,2026-07-15 10:33:10.383,4339.76,Redacted,redacted_supplier
Over500_2026_P04_-_published.xlsx:3918,Over500_2026_P04_-_published.xlsx,3918,2026-07-15,REDACTED,general_procurement,Adult Social Care,Transfer Payment,Direct Payment,2026-07-15 10:33:10.383,7294.4,Redacted,redacted_supplier
Over500_2026_P04_-_published.xlsx:3919,Over500_2026_P04_-_published.xlsx,3919,2026-07-15,REDACTED,general_procurement,Adult Social Care,Transfer Payment,Direct Payment,2026-07-15 10:33:10.383,2586.84,Redacted,redacted_supplier
Over500_2026_P04_-_published.xlsx:3920,Over500_2026_P04_-_published.xlsx,3920,2026-07-15,REDACTED,general_procurement,Adult Social Care,Transfer Payment,Direct Payment,2026-07-15 10:33:10.383,967.76,Redacted,redacted_supplier
Over500_2026_P04_-_published.xlsx:3922,Over500_2026_P04_-_published.xlsx,3922,2026-07-31,REDACTED,premises_non_procurement,"Finance, Property & Procurement",Transfer Payment,Rent Rebates,2026-07-31 14:37:16.713,2904.71,Redacted,redacted_supplier
Over500_2026_P04_-_published.xlsx:3923,Over500_2026_P04_-_published.xlsx,3923,2026-07-15,REDACTED,general_procurement,Adult Social Care,Transfer Payment,Direct Payment,2026-07-15 10:33:10.383,2448.44,Redacted,redacted_supplier
Over500_2026_P04_-_published.xlsx:3924,Over500_2026_P04_-_published.xlsx,3924,2026-07-15,REDACTED,general_procurement,Adult Social Care,Transfer Payment,Direct Payment,2026-07-15 10:33:10.383,756.84,Redacted,redacted_supplier
Over500_2026_P04_-_published.xlsx:3925,Over500_2026_P04_-_published.xlsx,3925,2026-07-15,REDACTED,general_procurement,Adult Social Care,Transfer Payment,Direct Payment,2026-07-15 10:33:10.383,1770.0,Redacted,redacted_supplier
Over500_2026_P04_-_published.xlsx:3926,Over500_2026_P04_-_published.xlsx,3926,2026-07-15,REDACTED,general_procurement,Adult Social Care,Transfer Payment,Direct Payment,2026-07-15 10:33:10.383,3276.76,Redacted,redacted_supplier
Over500_2026_P04_-_published.xlsx:3927,Over500_2026_P04_-_published.xlsx,3927,2026-07-15,REDACTED,general_procurement,Adult Social Care,Transfer Payment,Direct Payment,2026-07-15 10:33:10.383,1915.92,Redacted,redacted_supplier
Over500_2026_P04_-_published.xlsx:3928,Over500_2026_P04_-_published.xlsx,3928,2026-07-15,REDACTED,general_procurement,Adult Social Care,Transfer Payment,Direct Payment,2026-07-15 10:33:10.383,772.0,Redacted,redacted_supplier
Over500_2026_P04_-_published.xlsx:3929,Over500_2026_P04_-_published.xlsx,3929,2026-07-15,REDACTED,general_procurement,Adult Social Care,Transfer Payment,Direct Payment,2026-07-15 10:33:10.383,11727.86,Redacted,redacted_supplier
Over500_2026_P04_-_published.xlsx:3930,Over500_2026_P04_-_published.xlsx,3930,2026-07-15,REDACTED,general_procurement,Adult Social Care,Transfer Payment,Direct Payment,2026-07-15 10:33:10.383,4433.6,Redacted,redacted_supplier
Over500_2026_P04_-_published.xlsx:3931,Over500_2026_P04_-_published.xlsx,3931,2026-07-15,REDACTED,general_procurement,Adult Social Care,Transfer Payment,Direct Payment,2026-07-15 10:33:10.383,1091.96,Redacted,redacted_supplier
Over500_2026_P04_-_published.xlsx:3932,Over500_2026_P04_-_published.xlsx,3932,2026-07-15,REDACTED,general_procurement,Adult Social Care,Transfer Payment,Direct Payment,2026-07-15 10:33:10.383,2022.36,Redacted,redacted_supplier
Over500_2026_P04_-_published.xlsx:3933,Over500_2026_P04_-_published.xlsx,3933,2026-07-15,REDACTED,general_procurement,Adult Social Care,Transfer Payment,Direct Payment,2026-07-15 10:33:10.383,1099.96,Redacted,redacted_supplier
Over500_2026_P04_-_published.xlsx:3934,Over500_2026_P04_-_published.xlsx,3934,2026-07-15,REDACTED,general_procurement,Adult Social Care,Transfer Payment,Direct Payment,2026-07-15 10:33:10.383,2320.0,Redacted,redacted_supplier
Over500_2026_P04_-_published.xlsx:3935,Over500_2026_P04_-_published.xlsx,3935,2026-07-15,REDACTED,general_procurement,Adult Social Care,Transfer Payment,Direct Payment,2026-07-15 10:33:10.383,4441.68,Redacted,redacted_supplier
Over500_2026_P04_-_published.xlsx:3936,Over500_2026_P04_-_published.xlsx,3936,2026-07-15,REDACTED,general_procurement,Adult Social Care,Transfer Payment,Direct Payment,2026-07-15 10:33:10.383,4928.0,Redacted,redacted_supplier
Over500_2026_P04_-_published.xlsx:3938,Over500_2026_P04_-_published.xlsx,3938,2026-07-08,REDACTED,general_procurement,Adult Social Care,Transfer Payment,Direct Payment,2026-07-08 10:43:22.513,759.0,Redacted,redacted_supplier
Over500_2026_P04_-_published.xlsx:3939,Over500_2026_P04_-_published.xlsx,3939,2026-07-15,REDACTED,general_procurement,Adult Social Care,Transfer Payment,Direct Payment,2026-07-15 10:33:10.383,1278.76,Redacted,redacted_supplier
Over500_2026_P04_-_published.xlsx:3940,Over500_2026_P04_-_published.xlsx,3940,2026-07-15,REDACTED,general_procurement,Adult Social Care,Transfer Payment,Direct Payment,2026-07-15 10:33:10.383,3633.72,Redacted,redacted_supplier
Over500_2026_P04_-_published.xlsx:3941,Over500_2026_P04_-_published.xlsx,3941,2026-07-15,REDACTED,general_procurement,Adult Social Care,Transfer Payment,Direct Payment,2026-07-15 10:33:10.383,1808.48,Redacted,redacted_supplier
Over500_2026_P04_-_published.xlsx:3942,Over500_2026_P04_-_published.xlsx,3942,2026-07-15,REDACTED,general_procurement,Adult Social Care,Transfer Payment,Direct Payment,2026-07-15 10:33:10.383,2100.0,Redacted,redacted_supplier
Over500_2026_P04_-_published.xlsx:3943,Over500_2026_P04_-_published.xlsx,3943,2026-07-15,REDACTED,general_procurement,Adult Social Care,Transfer Payment,Direct Payment,2026-07-15 10:33:10.383,1679.92,Redacted,redacted_supplier
Over500_2026_P04_-_published.xlsx:3944,Over500_2026_P04_-_published.xlsx,3944,2026-07-15,REDACTED,general_procurement,Adult Social Care,Transfer Payment,Direct Payment,2026-07-15 10:33:10.383,1538.48,Redacted,redacted_supplier
Over500_2026_P04_-_published.xlsx:3945,Over500_2026_P04_-_published.xlsx,3945,2026-07-15,REDACTED,general_procurement,Adult Social Care,Transfer Payment,Direct Payment,2026-07-15 10:33:10.383,6783.92,Redacted,redacted_supplier
Over500_2026_P04_-_published.xlsx:3946,Over500_2026_P04_-_published.xlsx,3946,2026-07-15,REDACTED,general_procurement,Adult Social Care,Transfer Payment,Direct Payment,2026-07-15 10:33:10.383,3392.36,Redacted,redacted_supplier
Over500_2026_P04_-_published.xlsx:3947,Over500_2026_P04_-_published.xlsx,3947,2026-07-15,REDACTED,general_procurement,Adult Social Care,Transfer Payment,Direct Payment,2026-07-15 10:33:10.383,1144.04,Redacted,redacted_supplier
Over500_2026_P04_-_published.xlsx:3948,Over500_2026_P04_-_published.xlsx,3948,2026-07-15,REDACTED,general_procurement,Adult Social Care,Transfer Payment,Direct Payment,2026-07-15 10:33:10.383,2911.6,Redacted,redacted_supplier
Over500_2026_P04_-_published.xlsx:3949,Over500_2026_P04_-_published.xlsx,3949,2026-07-15,REDACTED,general_procurement,Adult Social Care,Transfer Payment,Direct Payment,2026-07-15 10:33:10.383,1582.52,Redacted,redacted_supplier
Over500_2026_P04_-_published.xlsx:3950,Over500_2026_P04_-_published.xlsx,3950,2026-07-15,REDACTED,general_procurement,Adult Social Care,Transfer Payment,Direct Payment,2026-07-15 10:33:10.383,1231.52,Redacted,redacted_supplier
Over500_2026_P04_-_published.xlsx:3951,Over500_2026_P04_-_published.xlsx,3951,2026-07-15,REDACTED,general_procurement,Adult Social Care,Transfer Payment,Direct Payment,2026-07-15 10:33:10.383,1850.0,Redacted,redacted_supplier
Over500_2026_P04_-_published.xlsx:3952,Over500_2026_P04_-_published.xlsx,3952,2026-07-15,REDACTED,general_procurement,Adult Social Care,Transfer Payment,Direct Payment,2026-07-15 10:33:10.383,9747.76,Redacted,redacted_supplier
Over500_2026_P04_-_published.xlsx:3953,Over500_2026_P04_-_published.xlsx,3953,2026-07-15,REDACTED,general_procurement,Adult Social Care,Transfer Payment,Direct Payment,2026-07-15 10:33:10.383,1455.92,Redacted,redacted_supplier
Over500_2026_P04_-_published.xlsx:3954,Over500_2026_P04_-_published.xlsx,3954,2026-07-15,REDACTED,general_procurement,Adult Social Care,Transfer Payment,Direct Payment,2026-07-15 10:33:10.383,1059.4,Redacted,redacted_supplier
Over500_2026_P04_-_published.xlsx:3955,Over500_2026_P04_-_published.xlsx,3955,2026-07-15,REDACTED,general_procurement,Adult Social Care,Transfer Payment,Direct Payment,2026-07-15 10:33:10.383,4343.92,Redacted,redacted_supplier
Over500_2026_P04_-_published.xlsx:3956,Over500_2026_P04_-_published.xlsx,3956,2026-07-15,REDACTED,general_procurement,Adult Social Care,Transfer Payment,Direct Payment,2026-07-15 10:33:10.383,1184.56,Redacted,redacted_supplier
Over500_2026_P04_-_published.xlsx:3957,Over500_2026_P04_-_published.xlsx,3957,2026-07-15,REDACTED,general_procurement,Adult Social Care,Transfer Payment,Direct Payment,2026-07-15 10:33:10.383,3321.84,Redacted,redacted_supplier
Over500_2026_P04_-_published.xlsx:3958,Over500_2026_P04_-_published.xlsx,3958,2026-07-15,REDACTED,general_procurement,Adult Social Care,Transfer Payment,Direct Payment,2026-07-15 10:33:10.383,1799.92,Redacted,redacted_supplier
Over500_2026_P04_-_published.xlsx:3959,Over500_2026_P04_-_published.xlsx,3959,2026-07-15,REDACTED,general_procurement,Adult Social Care,Transfer Payment,Direct Payment,2026-07-15 10:33:10.383,1409.92,Redacted,redacted_supplier
Over500_2026_P04_-_published.xlsx:3960,Over500_2026_P04_-_published.xlsx,3960,2026-07-15,REDACTED,general_procurement,Adult Social Care,Transfer Payment,Direct Payment,2026-07-15 10:33:10.383,504.72,Redacted,redacted_supplier
Over500_2026_P04_-_published.xlsx:3961,Over500_2026_P04_-_published.xlsx,3961,2026-07-15,REDACTED,general_procurement,Adult Social Care,Transfer Payment,Direct Payment,2026-07-15 10:33:10.383,2420.64,Redacted,redacted_supplier
Over500_2026_P04_-_published.xlsx:3962,Over500_2026_P04_-_published.xlsx,3962,2026-07-15,REDACTED,general_procurement,Adult Social Care,Transfer Payment,Direct Payment,2026-07-15 10:33:10.383,1583.92,Redacted,redacted_supplier
Over500_2026_P04_-_published.xlsx:3963,Over500_2026_P04_-_published.xlsx,3963,2026-07-15,REDACTED,general_procurement,Adult Social Care,Transfer Payment,Direct Payment,2026-07-15 10:33:10.383,3406.8,Redacted,redacted_supplier
Over500_2026_P04_-_published.xlsx:3964,Over500_2026_P04_-_published.xlsx,3964,2026-07-15,REDACTED,general_procurement,Adult Social Care,Transfer Payment,Direct Payment,2026-07-15 10:33:10.383,1088.0,Redacted,redacted_supplier
Over500_2026_P04_-_published.xlsx:3965,Over500_2026_P04_-_published.xlsx,3965,2026-07-15,REDACTED,general_procurement,Adult Social Care,Transfer Payment,Direct Payment,2026-07-15 10:33:10.383,2000.92,Redacted,redacted_supplier
Over500_2026_P04_-_published.xlsx:3966,Over500_2026_P04_-_published.xlsx,3966,2026-07-15,REDACTED,general_procurement,Adult Social Care,Transfer Payment,Direct Payment,2026-07-15 10:33:10.383,1129.96,Redacted,redacted_supplier
Over500_2026_P04_-_published.xlsx:3967,Over500_2026_P04_-_published.xlsx,3967,2026-07-15,REDACTED,general_procurement,Adult Social Care,Transfer Payment,Direct Payment,2026-07-15 10:33:10.383,3909.8,Redacted,redacted_supplier
Over500_2026_P04_-_published.xlsx:3968,Over500_2026_P04_-_published.xlsx,3968,2026-07-15,REDACTED,general_procurement,Adult Social Care,Transfer Payment,Direct Payment,2026-07-15 10:33:10.383,1972.48,Redacted,redacted_supplier
Over500_2026_P04_-_published.xlsx:3969,Over500_2026_P04_-_published.xlsx,3969,2026-07-15,REDACTED,general_procurement,Adult Social Care,Transfer Payment,Direct Payment,2026-07-15 10:33:10.383,1080.0,Redacted,redacted_supplier
Over500_2026_P04_-_published.xlsx:3970,Over500_2026_P04_-_published.xlsx,3970,2026-07-15,REDACTED,general_procurement,Adult Social Care,Transfer Payment,Direct Payment,2026-07-15 10:33:10.383,2591.64,Redacted,redacted_supplier
Over500_2026_P04_-_published.xlsx:3971,Over500_2026_P04_-_published.xlsx,3971,2026-07-15,REDACTED,general_procurement,Adult Social Care,Transfer Payment,Direct Payment,2026-07-15 10:33:10.383,3539.96,Redacted,redacted_supplier
Over500_2026_P04_-_published.xlsx:3972,Over500_2026_P04_-_published.xlsx,3972,2026-07-15,REDACTED,general_procurement,Adult Social Care,Transfer Payment,Direct Payment,2026-07-15 10:33:10.383,1056.0,Redacted,redacted_supplier
Over500_2026_P04_-_published.xlsx:3973,Over500_2026_P04_-_published.xlsx,3973,2026-07-15,REDACTED,general_procurement,Adult Social Care,Transfer Payment,Direct Payment,2026-07-15 10:33:10.383,3400.0,Redacted,redacted_supplier
Over500_2026_P04_-_published.xlsx:3974,Over500_2026_P04_-_published.xlsx,3974,2026-07-15,REDACTED,general_procurement,Adult Social Care,Transfer Payment,Direct Payment,2026-07-15 10:33:10.383,639.96,Redacted,redacted_supplier
Over500_2026_P04_-_published.xlsx:3975,Over500_2026_P04_-_published.xlsx,3975,2026-07-15,REDACTED,general_procurement,Adult Social Care,Transfer Payment,Direct Payment,2026-07-15 10:33:10.383,4800.0,Redacted,redacted_supplier
Over500_2026_P04_-_published.xlsx:3976,Over500_2026_P04_-_published.xlsx,3976,2026-07-15,REDACTED,general_procurement,Adult Social Care,Transfer Payment,Direct Payment,2026-07-15 10:33:10.383,1232.0,Redacted,redacted_supplier
Over500_2026_P04_-_published.xlsx:3977,Over500_2026_P04_-_published.xlsx,3977,2026-07-15,REDACTED,general_procurement,Adult Social Care,Transfer Payment,Direct Payment,2026-07-15 10:33:10.383,4400.0,Redacted,redacted_supplier
Over500_2026_P04_-_published.xlsx:3978,Over500_2026_P04_-_published.xlsx,3978,2026-07-15,REDACTED,general_procurement,Adult Social Care,Transfer Payment,Direct Payment,2026-07-15 10:33:10.383,1246.84,Redacted,redacted_supplier
Over500_2026_P04_-_published.xlsx:3979,Over500_2026_P04_-_published.xlsx,3979,2026-07-15,REDACTED,general_procurement,Adult Social Care,Transfer Payment,Direct Payment,2026-07-15 10:33:10.383,2208.0,Redacted,redacted_supplier
Over500_2026_P04_-_published.xlsx:3980,Over500_2026_P04_-_published.xlsx,3980,2026-07-08,REDACTED,general_procurement,Adult Social Care,Transfer Payment,Direct Payment,2026-07-08 10:43:22.513,3422.0,Redacted,redacted_supplier
Over500_2026_P04_-_published.xlsx:3981,Over500_2026_P04_-_published.xlsx,3981,2026-07-15,REDACTED,general_procurement,Adult Social Care,Transfer Payment,Direct Payment,2026-07-15 10:33:10.383,1744.8,Redacted,redacted_supplier
Over500_2026_P04_-_published.xlsx:3982,Over500_2026_P04_-_published.xlsx,3982,2026-07-15,REDACTED,general_procurement,Adult Social Care,Transfer Payment,Direct Payment,2026-07-15 10:33:10.383,877.6,Redacted,redacted_supplier
Over500_2026_P04_-_published.xlsx:3983,Over500_2026_P04_-_published.xlsx,3983,2026-07-15,REDACTED,general_procurement,Adult Social Care,Transfer Payment,Direct Payment,2026-07-15 10:33:10.383,3445.24,Redacted,redacted_supplier
Over500_2026_P04_-_published.xlsx:3984,Over500_2026_P04_-_published.xlsx,3984,2026-07-15,REDACTED,general_procurement,Adult Social Care,Transfer Payment,Direct Payment,2026-07-15 10:33:10.383,799.96,Redacted,redacted_supplier
Over500_2026_P04_-_published.xlsx:3985,Over500_2026_P04_-_published.xlsx,3985,2026-07-15,REDACTED,general_procurement,Adult Social Care,Transfer Payment,Direct Payment,2026-07-15 10:33:10.383,2239.88,Redacted,redacted_supplier
Over500_2026_P04_-_published.xlsx:3986,Over500_2026_P04_-_published.xlsx,3986,2026-07-15,REDACTED,general_procurement,Adult Social Care,Transfer Payment,Direct Payment,2026-07-15 10:33:10.383,1447.4,Redacted,redacted_supplier
Over500_2026_P04_-_published.xlsx:3987,Over500_2026_P04_-_published.xlsx,3987,2026-07-15,REDACTED,general_procurement,Adult Social Care,Transfer Payment,Direct Payment,2026-07-15 10:33:10.383,1432.0,Redacted,redacted_supplier
Over500_2026_P04_-_published.xlsx:3988,Over500_2026_P04_-_published.xlsx,3988,2026-07-15,REDACTED,general_procurement,Adult Social Care,Transfer Payment,Direct Payment,2026-07-15 10:33:10.383,3022.0,Redacted,redacted_supplier
Over500_2026_P04_-_published.xlsx:3989,Over500_2026_P04_-_published.xlsx,3989,2026-07-15,REDACTED,general_procurement,Adult Social Care,Transfer Payment,Direct Payment,2026-07-15 10:33:10.383,1294.32,Redacted,redacted_supplier
Over500_2026_P04_-_published.xlsx:3991,Over500_2026_P04_-_published.xlsx,3991,2026-07-15,REDACTED,general_procurement,Adult Social Care,Transfer Payment,Direct Payment,2026-07-15 10:33:10.383,629.96,Redacted,redacted_supplier
Over500_2026_P04_-_published.xlsx:3992,Over500_2026_P04_-_published.xlsx,3992,2026-07-15,REDACTED,general_procurement,Adult Social Care,Transfer Payment,Direct Payment,2026-07-15 10:33:10.383,772.16,Redacted,redacted_supplier
Over500_2026_P04_-_published.xlsx:3993,Over500_2026_P04_-_published.xlsx,3993,2026-07-15,REDACTED,general_procurement,Adult Social Care,Transfer Payment,Direct Payment,2026-07-15 10:33:10.383,1599.92,Redacted,redacted_supplier
Over500_2026_P04_-_published.xlsx:3994,Over500_2026_P04_-_published.xlsx,3994,2026-07-15,REDACTED,general_procurement,Adult Social Care,Transfer Payment,Direct Payment,2026-07-15 10:33:10.383,1020.0,Redacted,redacted_supplier
Over500_2026_P04_-_published.xlsx:3995,Over500_2026_P04_-_published.xlsx,3995,2026-07-15,REDACTED,general_procurement,Adult Social Care,Transfer Payment,Direct Payment,2026-07-15 10:33:10.383,704.0,Redacted,redacted_supplier
Over500_2026_P04_-_published.xlsx:3996,Over500_2026_P04_-_published.xlsx,3996,2026-07-14,REDACTED,general_procurement,Children's Social Care,Transfer Payment,Direct Payment,2026-07-14 15:40:15.783,540.0,Redacted,redacted_supplier
Over500_2026_P04_-_published.xlsx:3997,Over500_2026_P04_-_published.xlsx,3997,2026-07-14,REDACTED,general_procurement,Children's Social Care,Transfer Payment,Direct Payment,2026-07-14 15:40:15.783,600.0,Redacted,redacted_supplier
Over500_2026_P04_-_published.xlsx:3998,Over500_2026_P04_-_published.xlsx,3998,2026-07-15,REDACTED,general_procurement,Adult Social Care,Transfer Payment,Direct Payment,2026-07-15 10:33:10.383,5357.04,Redacted,redacted_supplier
Over500_2026_P04_-_published.xlsx:3999,Over500_2026_P04_-_published.xlsx,3999,2026-07-15,REDACTED,general_procurement,Adult Social Care,Transfer Payment,Direct Payment,2026-07-15 10:33:10.383,5170.88,Redacted,redacted_supplier
Over500_2026_P04_-_published.xlsx:4000,Over500_2026_P04_-_published.xlsx,4000,2026-07-15,REDACTED,general_procurement,Adult Social Care,Transfer Payment,Direct Payment,2026-07-15 10:33:10.383,789.24,Redacted,redacted_supplier
Over500_2026_P04_-_published.xlsx:4001,Over500_2026_P04_-_published.xlsx,4001,2026-07-15,REDACTED,general_procurement,Adult Social Care,Transfer Payment,Direct Payment,2026-07-15 10:33:10.383,2130.96,Redacted,redacted_supplier
Over500_2026_P04_-_published.xlsx:4002,Over500_2026_P04_-_published.xlsx,4002,2026-07-15,REDACTED,general_procurement,Adult Social Care,Transfer Payment,Direct Payment,2026-07-15 10:33:10.383,8279.36,Redacted,redacted_supplier
Over500_2026_P04_-_published.xlsx:4003,Over500_2026_P04_-_published.xlsx,4003,2026-07-15,REDACTED,general_procurement,Adult Social Care,Transfer Payment,Direct Payment,2026-07-15 10:33:10.383,6228.64,Redacted,redacted_supplier
Over500_2026_P04_-_published.xlsx:4004,Over500_2026_P04_-_published.xlsx,4004,2026-07-15,REDACTED,general_procurement,Adult Social Care,Transfer Payment,Direct Payment,2026-07-15 10:33:10.383,1160.0,Redacted,redacted_supplier
Over500_2026_P04_-_published.xlsx:4005,Over500_2026_P04_-_published.xlsx,4005,2026-07-15,REDACTED,general_procurement,Adult Social Care,Transfer Payment,Direct Payment,2026-07-15 10:33:10.383,4391.16,Redacted,redacted_supplier
Over500_2026_P04_-_published.xlsx:4006,Over500_2026_P04_-_published.xlsx,4006,2026-07-15,REDACTED,general_procurement,Adult Social Care,Transfer Payment,Direct Payment,2026-07-15 10:33:10.383,2745.08,Redacted,redacted_supplier
Over500_2026_P04_-_published.xlsx:4007,Over500_2026_P04_-_published.xlsx,4007,2026-07-15,REDACTED,general_procurement,Adult Social Care,Transfer Payment,Direct Payment,2026-07-15 10:33:10.383,1349.52,Redacted,redacted_supplier
Over500_2026_P04_-_published.xlsx:4008,Over500_2026_P04_-_published.xlsx,4008,2026-07-15,REDACTED,general_procurement,Adult Social Care,Transfer Payment,Direct Payment,2026-07-15 10:33:10.383,6745.08,Redacted,redacted_supplier
Over500_2026_P04_-_published.xlsx:4009,Over500_2026_P04_-_published.xlsx,4009,2026-07-15,REDACTED,general_procurement,Adult Social Care,Transfer Payment,Direct Payment,2026-07-15 10:33:10.383,1799.92,Redacted,redacted_supplier
Over500_2026_P04_-_published.xlsx:4010,Over500_2026_P04_-_published.xlsx,4010,2026-07-15,REDACTED,general_procurement,Adult Social Care,Transfer Payment,Direct Payment,2026-07-15 10:33:10.383,12400.0,Redacted,redacted_supplier
Over500_2026_P04_-_published.xlsx:4011,Over500_2026_P04_-_published.xlsx,4011,2026-07-15,REDACTED,general_procurement,Adult Social Care,Transfer Payment,Direct Payment,2026-07-15 10:33:10.383,962.96,Redacted,redacted_supplier
Over500_2026_P04_-_published.xlsx:4012,Over500_2026_P04_-_published.xlsx,4012,2026-07-15,REDACTED,general_procurement,Adult Social Care,Transfer Payment,Direct Payment,2026-07-15 10:33:10.383,709.24,Redacted,redacted_supplier
Over500_2026_P04_-_published.xlsx:4013,Over500_2026_P04_-_published.xlsx,4013,2026-07-15,REDACTED,general_procurement,Adult Social Care,Transfer Payment,Direct Payment,2026-07-15 10:33:10.383,3031.8,Redacted,redacted_supplier
Over500_2026_P04_-_published.xlsx:4014,Over500_2026_P04_-_published.xlsx,4014,2026-07-15,REDACTED,general_procurement,Adult Social Care,Transfer Payment,Direct Payment,2026-07-15 10:33:10.383,1711.0,Redacted,redacted_supplier
Over500_2026_P04_-_published.xlsx:4015,Over500_2026_P04_-_published.xlsx,4015,2026-07-15,REDACTED,general_procurement,Adult Social Care,Transfer Payment,Direct Payment,2026-07-15 10:33:10.383,2228.64,Redacted,redacted_supplier
Over500_2026_P04_-_published.xlsx:4016,Over500_2026_P04_-_published.xlsx,4016,2026-07-15,REDACTED,general_procurement,Adult Social Care,Transfer Payment,Direct Payment,2026-07-15 10:33:10.383,906.0,Redacted,redacted_supplier
Over500_2026_P04_-_published.xlsx:4017,Over500_2026_P04_-_published.xlsx,4017,2026-07-14,REDACTED,general_procurement,Children's Social Care,Transfer Payment,Direct Payment,2026-07-14 15:40:15.783,537.72,Redacted,redacted_supplier
Over500_2026_P04_-_published.xlsx:4018,Over500_2026_P04_-_published.xlsx,4018,2026-07-14,REDACTED,general_procurement,Children's Social Care,Transfer Payment,Direct Payment,2026-07-14 15:40:15.783,2314.2,Redacted,redacted_supplier
Over500_2026_P04_-_published.xlsx:4019,Over500_2026_P04_-_published.xlsx,4019,2026-07-14,REDACTED,general_procurement,Children's Social Care,Transfer Payment,Direct Payment,2026-07-14 15:40:15.783,570.9,Redacted,redacted_supplier
Over500_2026_P04_-_published.xlsx:4020,Over500_2026_P04_-_published.xlsx,4020,2026-07-29,REDACTED,general_procurement,Children's Social Care,Transfer Payment,Direct Payment,2026-07-29 14:37:31.993,584.32,Redacted,redacted_supplier
Over500_2026_P04_-_published.xlsx:4021,Over500_2026_P04_-_published.xlsx,4021,2026-07-21,REDACTED,general_procurement,Children's Social Care,Transfer Payment,Direct Payment,2026-07-21 12:46:04.287,635.08,Redacted,redacted_supplier
Over500_2026_P04_-_published.xlsx:4022,Over500_2026_P04_-_published.xlsx,4022,2026-07-14,REDACTED,general_procurement,Children's Social Care,Transfer Payment,Direct Payment,2026-07-14 15:40:15.783,508.81,Redacted,redacted_supplier
Over500_2026_P04_-_published.xlsx:4023,Over500_2026_P04_-_published.xlsx,4023,2026-07-14,REDACTED,general_procurement,Children's Social Care,Transfer Payment,Direct Payment,2026-07-14 15:40:15.783,1017.4,Redacted,redacted_supplier
Over500_2026_P04_-_published.xlsx:4024,Over500_2026_P04_-_published.xlsx,4024,2026-07-14,REDACTED,general_procurement,Children's Social Care,Transfer Payment,Direct Payment,2026-07-14 15:40:15.783,1330.8,Redacted,redacted_supplier
Over500_2026_P04_-_published.xlsx:4025,Over500_2026_P04_-_published.xlsx,4025,2026-07-14,REDACTED,general_procurement,Children's Social Care,Transfer Payment,Direct Payment,2026-07-14 15:40:15.783,1330.8,Redacted,redacted_supplier
Over500_2026_P04_-_published.xlsx:4026,Over500_2026_P04_-_published.xlsx,4026,2026-07-14,REDACTED,general_procurement,Children's Social Care,Transfer Payment,Direct Payment,2026-07-14 15:40:15.783,504.68,Redacted,redacted_supplier
Over500_2026_P04_-_published.xlsx:4027,Over500_2026_P04_-_published.xlsx,4027,2026-07-24,REDACTED,general_procurement,Education (DSG Funded) & Other Education Grants,Transfer Payment,Direct Payment,2026-07-24 15:55:53.457,1983.2,Redacted,redacted_supplier
Over500_2026_P04_-_published.xlsx:4028,Over500_2026_P04_-_published.xlsx,4028,2026-07-24,REDACTED,general_procurement,Education (DSG Funded) & Other Education Grants,Transfer Payment,Direct Payment,2026-07-24 15:55:53.457,14147.3,Redacted,redacted_supplier
Over500_2026_P04_-_published.xlsx:4029,Over500_2026_P04_-_published.xlsx,4029,2026-07-14,REDACTED,general_procurement,Education & SEND,Transfer Payment,Direct Payment,2026-07-14 15:36:08.493,718.68,Redacted,redacted_supplier
Over500_2026_P04_-_published.xlsx:4030,Over500_2026_P04_-_published.xlsx,4030,2026-07-15,REDACTED,general_procurement,Adult Social Care,Transfer Payment,Payments to Carers,2026-07-15 10:33:10.383,2160.0,Redacted,redacted_supplier
Over500_2026_P04_-_published.xlsx:4031,Over500_2026_P04_-_published.xlsx,4031,2026-07-07,REDACTED,general_procurement,Adult Social Care,Transfer Payment,Adult Placement Allowances,2026-07-07 10:47:59.030,680.1,Redacted,redacted_supplier
Over500_2026_P04_-_published.xlsx:4032,Over500_2026_P04_-_published.xlsx,4032,2026-07-15,REDACTED,general_procurement,Adult Social Care,Transfer Payment,Adult Placement Allowances,2026-07-15 14:12:05.600,661.0,Redacted,redacted_supplier
Over500_2026_P04_-_published.xlsx:4033,Over500_2026_P04_-_published.xlsx,4033,2026-07-15,REDACTED,general_procurement,Adult Social Care,Transfer Payment,Adult Placement Allowances,2026-07-15 14:12:05.600,661.0,Redacted,redacted_supplier
Over500_2026_P04_-_published.xlsx:4034,Over500_2026_P04_-_published.xlsx,4034,2026-07-15,REDACTED,general_procurement,Adult Social Care,Transfer Payment,Adult Placement Allowances,2026-07-15 14:12:05.600,797.2,Redacted,redacted_supplier
Over500_2026_P04_-_published.xlsx:4035,Over500_2026_P04_-_published.xlsx,4035,2026-07-15,REDACTED,general_procurement,Adult Social Care,Transfer Payment,Adult Placement Allowances,2026-07-15 14:12:05.600,661.0,Redacted,redacted_supplier
Over500_2026_P04_-_published.xlsx:4036,Over500_2026_P04_-_published.xlsx,4036,2026-07-15,REDACTED,general_procurement,Adult Social Care,Transfer Payment,Adult Placement Allowances,2026-07-15 14:12:05.600,661.0,Redacted,redacted_supplier
Over500_2026_P04_-_published.xlsx:4037,Over500_2026_P04_-_published.xlsx,4037,2026-07-15,REDACTED,general_procurement,Adult Social Care,Transfer Payment,Adult Placement Allowances,2026-07-15 14:12:05.600,661.0,Redacted,redacted_supplier
Over500_2026_P04_-_published.xlsx:4038,Over500_2026_P04_-_published.xlsx,4038,2026-07-28,REDACTED,general_procurement,Adult Social Care,Transfer Payment,Adult Placement Allowances,2026-07-28 15:28:31.763,661.0,Redacted,redacted_supplier
Over500_2026_P04_-_published.xlsx:4039,Over500_2026_P04_-_published.xlsx,4039,2026-07-28,REDACTED,general_procurement,Adult Social Care,Transfer Payment,Adult Placement Allowances,2026-07-28 15:28:31.763,797.2,Redacted,redacted_supplier
Over500_2026_P04_-_published.xlsx:4040,Over500_2026_P04_-_published.xlsx,4040,2026-07-28,REDACTED,general_procurement,Adult Social Care,Transfer Payment,Adult Placement Allowances,2026-07-28 15:28:31.763,797.2,Redacted,redacted_supplier
Over500_2026_P04_-_published.xlsx:4041,Over500_2026_P04_-_published.xlsx,4041,2026-07-15,REDACTED,general_procurement,Adult Social Care,Transfer Payment,Adult Placement Allowances,2026-07-15 14:12:05.600,797.2,Redacted,redacted_supplier
Over500_2026_P04_-_published.xlsx:4042,Over500_2026_P04_-_published.xlsx,4042,2026-07-15,REDACTED,general_procurement,Adult Social Care,Transfer Payment,Adult Placement Allowances,2026-07-15 14:12:05.600,661.0,Redacted,redacted_supplier
Over500_2026_P04_-_published.xlsx:4043,Over500_2026_P04_-_published.xlsx,4043,2026-07-15,REDACTED,general_procurement,Adult Social Care,Transfer Payment,Adult Placement Allowances,2026-07-15 14:12:05.600,797.2,Redacted,redacted_supplier
Over500_2026_P04_-_published.xlsx:4044,Over500_2026_P04_-_published.xlsx,4044,2026-07-15,REDACTED,general_procurement,Adult Social Care,Transfer Payment,Adult Placement Allowances,2026-07-15 14:12:05.600,1708.3,Redacted,redacted_supplier
Over500_2026_P04_-_published.xlsx:4045,Over500_2026_P04_-_published.xlsx,4045,2026-07-15,REDACTED,general_procurement,Adult Social Care,Transfer Payment,Adult Placement Allowances,2026-07-15 14:12:05.600,661.0,Redacted,redacted_supplier
Over500_2026_P04_-_published.xlsx:4046,Over500_2026_P04_-_published.xlsx,4046,2026-07-10,REDACTED,premises_non_procurement,"Finance, Property & Procurement",Transfer Payment,Rent Rebates,2026-07-10 13:53:24.900,5149.25,Redacted,redacted_supplier
Over500_2026_P04_-_published.xlsx:4047,Over500_2026_P04_-_published.xlsx,4047,2026-07-10,REDACTED,premises_non_procurement,"Finance, Property & Procurement",Transfer Payment,Rent Rebates,2026-07-10 13:53:24.900,1103.22,Redacted,redacted_supplier
Over500_2026_P04_-_published.xlsx:4048,Over500_2026_P04_-_published.xlsx,4048,2026-07-10,REDACTED,premises_non_procurement,"Finance, Property & Procurement",Transfer Payment,Rent Rebates,2026-07-10 13:53:24.900,535.83,Redacted,redacted_supplier
Over500_2026_P04_-_published.xlsx:4049,Over500_2026_P04_-_published.xlsx,4049,2026-07-28,REDACTED,general_procurement,Adult Social Care,Transfer Payment,Adult Placement Allowances,2026-07-28 15:28:31.763,797.2,Redacted,redacted_supplier
Over500_2026_P04_-_published.xlsx:4050,Over500_2026_P04_-_published.xlsx,4050,2026-07-28,REDACTED,general_procurement,Adult Social Care,Transfer Payment,Adult Placement Allowances,2026-07-28 15:28:31.763,661.0,Redacted,redacted_supplier
Over500_2026_P04_-_published.xlsx:4051,Over500_2026_P04_-_published.xlsx,4051,2026-07-28,REDACTED,general_procurement,Adult Social Care,Transfer Payment,Adult Placement Allowances,2026-07-28 15:28:31.763,661.0,Redacted,redacted_supplier
Over500_2026_P04_-_published.xlsx:4052,Over500_2026_P04_-_published.xlsx,4052,2026-07-28,REDACTED,general_procurement,Adult Social Care,Transfer Payment,Adult Placement Allowances,2026-07-28 15:28:31.763,661.0,Redacted,redacted_supplier
Over500_2026_P04_-_published.xlsx:4053,Over500_2026_P04_-_published.xlsx,4053,2026-07-28,REDACTED,general_procurement,Adult Social Care,Transfer Payment,Adult Placement Allowances,2026-07-28 15:28:31.763,661.0,Redacted,redacted_supplier
Over500_2026_P04_-_published.xlsx:4054,Over500_2026_P04_-_published.xlsx,4054,2026-07-28,REDACTED,general_procurement,Adult Social Care,Transfer Payment,Adult Placement Allowances,2026-07-28 15:28:31.763,1020.5,Redacted,redacted_supplier
Over500_2026_P04_-_published.xlsx:4055,Over500_2026_P04_-_published.xlsx,4055,2026-07-28,REDACTED,general_procurement,Adult Social Care,Transfer Payment,Adult Placement Allowances,2026-07-28 15:28:31.763,797.2,Redacted,redacted_supplier
Over500_2026_P04_-_published.xlsx:4056,Over500_2026_P04_-_published.xlsx,4056,2026-07-28,REDACTED,general_procurement,Adult Social Care,Transfer Payment,Adult Placement Allowances,2026-07-28 15:28:31.763,661.0,Redacted,redacted_supplier
Over500_2026_P04_-_published.xlsx:4057,Over500_2026_P04_-_published.xlsx,4057,2026-07-28,REDACTED,general_procurement,Adult Social Care,Transfer Payment,Adult Placement Allowances,2026-07-28 15:28:31.763,968.76,Redacted,redacted_supplier
Over500_2026_P04_-_published.xlsx:4058,Over500_2026_P04_-_published.xlsx,4058,2026-07-28,REDACTED,general_procurement,Adult Social Care,Transfer Payment,Adult Placement Allowances,2026-07-28 15:28:31.763,811.0,Redacted,redacted_supplier
Over500_2026_P04_-_published.xlsx:4059,Over500_2026_P04_-_published.xlsx,4059,2026-07-28,REDACTED,general_procurement,Adult Social Care,Transfer Payment,Adult Placement Allowances,2026-07-28 15:28:31.763,668.0,Redacted,redacted_supplier
Over500_2026_P04_-_published.xlsx:4060,Over500_2026_P04_-_published.xlsx,4060,2026-07-28,REDACTED,general_procurement,Adult Social Care,Transfer Payment,Adult Placement Allowances,2026-07-28 15:28:31.763,661.0,Redacted,redacted_supplier
Over500_2026_P04_-_published.xlsx:4061,Over500_2026_P04_-_published.xlsx,4061,2026-07-28,REDACTED,general_procurement,Adult Social Care,Transfer Payment,Adult Placement Allowances,2026-07-28 15:28:31.763,797.2,Redacted,redacted_supplier
Over500_2026_P04_-_published.xlsx:4062,Over500_2026_P04_-_published.xlsx,4062,2026-07-08,REDACTED,general_procurement,Education (DSG Funded) & Other Education Grants,Transfer Payment,Direct Payment,2026-07-08 13:04:03.393,2028.03,Redacted,redacted_supplier
Over500_2026_P04_-_published.xlsx:4063,Over500_2026_P04_-_published.xlsx,4063,2026-07-15,REDACTED,general_procurement,Adult Social Care,Transfer Payment,Adult Placement Allowances,2026-07-15 14:12:05.600,797.2,Redacted,redacted_supplier
Over500_2026_P04_-_published.xlsx:4064,Over500_2026_P04_-_published.xlsx,4064,2026-07-15,REDACTED,general_procurement,Adult Social Care,Transfer Payment,Adult Placement Allowances,2026-07-15 14:12:05.600,968.76,Redacted,redacted_supplier
Over500_2026_P04_-_published.xlsx:4065,Over500_2026_P04_-_published.xlsx,4065,2026-07-15,REDACTED,general_procurement,Adult Social Care,Transfer Payment,Adult Placement Allowances,2026-07-15 14:12:05.600,568.6,Redacted,redacted_supplier
Over500_2026_P04_-_published.xlsx:4066,Over500_2026_P04_-_published.xlsx,4066,2026-07-15,REDACTED,general_procurement,Adult Social Care,Transfer Payment,Adult Placement Allowances,2026-07-15 14:12:05.600,811.0,Redacted,redacted_supplier
Over500_2026_P04_-_published.xlsx:4067,Over500_2026_P04_-_published.xlsx,4067,2026-07-15,REDACTED,general_procurement,Adult Social Care,Transfer Payment,Adult Placement Allowances,2026-07-15 14:12:05.600,797.2,Redacted,redacted_supplier
Over500_2026_P04_-_published.xlsx:4068,Over500_2026_P04_-_published.xlsx,4068,2026-07-21,REDACTED,general_procurement,Adult Social Care,Transfer Payment,Adult Placement Allowances,2026-07-21 15:09:36.533,672.9,Redacted,redacted_supplier
Over500_2026_P04_-_published.xlsx:4069,Over500_2026_P04_-_published.xlsx,4069,2026-07-21,REDACTED,general_procurement,Adult Social Care,Transfer Payment,Adult Placement Allowances,2026-07-21 15:09:36.533,632.8,Redacted,redacted_supplier
Over500_2026_P04_-_published.xlsx:4070,Over500_2026_P04_-_published.xlsx,4070,2026-07-28,REDACTED,general_procurement,Adult Social Care,Transfer Payment,Adult Placement Allowances,2026-07-28 15:28:31.763,1708.3,Redacted,redacted_supplier
Over500_2026_P04_-_published.xlsx:4071,Over500_2026_P04_-_published.xlsx,4071,2026-07-28,REDACTED,general_procurement,Adult Social Care,Transfer Payment,Adult Placement Allowances,2026-07-28 15:28:31.763,811.0,Redacted,redacted_supplier
Over500_2026_P04_-_published.xlsx:4072,Over500_2026_P04_-_published.xlsx,4072,2026-07-28,REDACTED,general_procurement,Adult Social Care,Transfer Payment,Adult Placement Allowances,2026-07-28 15:28:31.763,661.0,Redacted,redacted_supplier
Over500_2026_P04_-_published.xlsx:4073,Over500_2026_P04_-_published.xlsx,4073,2026-07-31,REDACTED,premises_non_procurement,"Finance, Property & Procurement",Transfer Payment,Rent Rebates,2026-07-31 14:37:16.713,551.61,Redacted,redacted_supplier
Over500_2026_P04_-_published.xlsx:4074,Over500_2026_P04_-_published.xlsx,4074,2026-07-31,REDACTED,premises_non_procurement,"Finance, Property & Procurement",Transfer Payment,Rent Rebates,2026-07-31 14:37:16.713,1103.22,Redacted,redacted_supplier
Over500_2026_P04_-_published.xlsx:4075,Over500_2026_P04_-_published.xlsx,4075,2026-07-15,REDACTED,general_procurement,Adult Social Care,Transfer Payment,Direct Payment,2026-07-15 10:33:10.383,1507.2,Redacted,redacted_supplier
Over500_2026_P04_-_published.xlsx:4076,Over500_2026_P04_-_published.xlsx,4076,2026-07-15,REDACTED,general_procurement,Adult Social Care,Transfer Payment,Direct Payment,2026-07-15 10:33:10.383,1063.24,Redacted,redacted_supplier
Over500_2026_P04_-_published.xlsx:4077,Over500_2026_P04_-_published.xlsx,4077,2026-07-15,REDACTED,general_procurement,Adult Social Care,Transfer Payment,Direct Payment,2026-07-15 10:33:10.383,1645.61,Redacted,redacted_supplier
Over500_2026_P04_-_published.xlsx:4078,Over500_2026_P04_-_published.xlsx,4078,2026-07-15,REDACTED,general_procurement,Adult Social Care,Transfer Payment,Direct Payment,2026-07-15 10:33:10.383,2500.96,Redacted,redacted_supplier
Over500_2026_P04_-_published.xlsx:4079,Over500_2026_P04_-_published.xlsx,4079,2026-07-15,REDACTED,general_procurement,Adult Social Care,Transfer Payment,Direct Payment,2026-07-15 10:33:10.383,9952.2,Redacted,redacted_supplier
Over500_2026_P04_-_published.xlsx:4080,Over500_2026_P04_-_published.xlsx,4080,2026-07-15,REDACTED,general_procurement,Adult Social Care,Transfer Payment,Direct Payment,2026-07-15 10:33:10.383,959.96,Redacted,redacted_supplier
Over500_2026_P04_-_published.xlsx:4081,Over500_2026_P04_-_published.xlsx,4081,2026-07-15,REDACTED,general_procurement,Adult Social Care,Transfer Payment,Direct Payment,2026-07-15 10:33:10.383,4999.72,Redacted,redacted_supplier
Over500_2026_P04_-_published.xlsx:4082,Over500_2026_P04_-_published.xlsx,4082,2026-07-15,REDACTED,general_procurement,Adult Social Care,Transfer Payment,Direct Payment,2026-07-15 10:33:10.383,2088.0,Redacted,redacted_supplier
Over500_2026_P04_-_published.xlsx:4083,Over500_2026_P04_-_published.xlsx,4083,2026-07-15,REDACTED,general_procurement,Adult Social Care,Transfer Payment,Direct Payment,2026-07-15 10:33:10.383,1529.17,Redacted,redacted_supplier
Over500_2026_P04_-_published.xlsx:4084,Over500_2026_P04_-_published.xlsx,4084,2026-07-15,REDACTED,general_procurement,Adult Social Care,Transfer Payment,Direct Payment,2026-07-15 10:33:10.383,1034.92,Redacted,redacted_supplier
Over500_2026_P04_-_published.xlsx:4085,Over500_2026_P04_-_published.xlsx,4085,2026-07-15,REDACTED,general_procurement,Adult Social Care,Transfer Payment,Direct Payment,2026-07-15 10:33:10.383,2274.52,Redacted,redacted_supplier
Over500_2026_P04_-_published.xlsx:4086,Over500_2026_P04_-_published.xlsx,4086,2026-07-15,REDACTED,general_procurement,Adult Social Care,Transfer Payment,Direct Payment,2026-07-15 10:33:10.383,956.4,Redacted,redacted_supplier
Over500_2026_P04_-_published.xlsx:4087,Over500_2026_P04_-_published.xlsx,4087,2026-07-15,REDACTED,general_procurement,Adult Social Care,Transfer Payment,Direct Payment,2026-07-15 10:33:10.383,3126.48,Redacted,redacted_supplier
Over500_2026_P04_-_published.xlsx:4088,Over500_2026_P04_-_published.xlsx,4088,2026-07-15,REDACTED,general_procurement,Adult Social Care,Transfer Payment,Direct Payment,2026-07-15 10:33:10.383,9248.4,Redacted,redacted_supplier
Over500_2026_P04_-_published.xlsx:4089,Over500_2026_P04_-_published.xlsx,4089,2026-07-15,REDACTED,general_procurement,Adult Social Care,Transfer Payment,Direct Payment,2026-07-15 10:33:10.383,792.96,Redacted,redacted_supplier
Over500_2026_P04_-_published.xlsx:4090,Over500_2026_P04_-_published.xlsx,4090,2026-07-15,REDACTED,general_procurement,Adult Social Care,Transfer Payment,Direct Payment,2026-07-15 10:33:10.383,3164.4,Redacted,redacted_supplier
Over500_2026_P04_-_published.xlsx:4091,Over500_2026_P04_-_published.xlsx,4091,2026-07-15,REDACTED,general_procurement,Adult Social Care,Transfer Payment,Direct Payment,2026-07-15 10:33:10.383,1496.16,Redacted,redacted_supplier
Over500_2026_P04_-_published.xlsx:4093,Over500_2026_P04_-_published.xlsx,4093,2026-07-15,REDACTED,general_procurement,Adult Social Care,Transfer Payment,Direct Payment,2026-07-15 10:33:10.383,10215.56,Redacted,redacted_supplier
Over500_2026_P04_-_published.xlsx:4094,Over500_2026_P04_-_published.xlsx,4094,2026-07-15,REDACTED,general_procurement,Adult Social Care,Transfer Payment,Direct Payment,2026-07-15 10:33:10.383,3626.32,Redacted,redacted_supplier
Over500_2026_P04_-_published.xlsx:4095,Over500_2026_P04_-_published.xlsx,4095,2026-07-15,REDACTED,general_procurement,Adult Social Care,Transfer Payment,Direct Payment,2026-07-15 10:33:10.383,847.2,Redacted,redacted_supplier
Over500_2026_P04_-_published.xlsx:4096,Over500_2026_P04_-_published.xlsx,4096,2026-07-15,REDACTED,general_procurement,Adult Social Care,Transfer Payment,Direct Payment,2026-07-15 10:33:10.383,4851.6,Redacted,redacted_supplier
Over500_2026_P04_-_published.xlsx:4097,Over500_2026_P04_-_published.xlsx,4097,2026-07-15,REDACTED,general_procurement,Adult Social Care,Transfer Payment,Direct Payment,2026-07-15 10:33:10.383,1208.08,Redacted,redacted_supplier
Over500_2026_P04_-_published.xlsx:4098,Over500_2026_P04_-_published.xlsx,4098,2026-07-15,REDACTED,general_procurement,Adult Social Care,Transfer Payment,Direct Payment,2026-07-15 10:33:10.383,1206.52,Redacted,redacted_supplier
Over500_2026_P04_-_published.xlsx:4099,Over500_2026_P04_-_published.xlsx,4099,2026-07-15,REDACTED,general_procurement,Adult Social Care,Transfer Payment,Direct Payment,2026-07-15 10:33:10.383,737.6,Redacted,redacted_supplier
Over500_2026_P04_-_published.xlsx:4100,Over500_2026_P04_-_published.xlsx,4100,2026-07-15,REDACTED,general_procurement,Adult Social Care,Transfer Payment,Direct Payment,2026-07-15 10:16:24.247,2327.0,Redacted,redacted_supplier
Over500_2026_P04_-_published.xlsx:4101,Over500_2026_P04_-_published.xlsx,4101,2026-07-15,REDACTED,general_procurement,Adult Social Care,Transfer Payment,Direct Payment,2026-07-15 10:33:10.383,2158.96,Redacted,redacted_supplier
Over500_2026_P04_-_published.xlsx:4102,Over500_2026_P04_-_published.xlsx,4102,2026-07-15,REDACTED,general_procurement,Adult Social Care,Transfer Payment,Direct Payment,2026-07-15 10:33:10.383,9073.64,Redacted,redacted_supplier
Over500_2026_P04_-_published.xlsx:4103,Over500_2026_P04_-_published.xlsx,4103,2026-07-15,REDACTED,general_procurement,Adult Social Care,Transfer Payment,Direct Payment,2026-07-15 10:33:10.383,1580.6,Redacted,redacted_supplier
Over500_2026_P04_-_published.xlsx:4104,Over500_2026_P04_-_published.xlsx,4104,2026-07-15,REDACTED,general_procurement,Adult Social Care,Transfer Payment,Direct Payment,2026-07-15 10:33:10.383,1866.0,Redacted,redacted_supplier
Over500_2026_P04_-_published.xlsx:4105,Over500_2026_P04_-_published.xlsx,4105,2026-07-08,REDACTED,general_procurement,Children's Social Care,Transfer Payment,Direct Payment,2026-07-08 15:27:35.473,1510.0,Redacted,redacted_supplier
Over500_2026_P04_-_published.xlsx:4106,Over500_2026_P04_-_published.xlsx,4106,2026-07-21,REDACTED,general_procurement,Children's Social Care,Transfer Payment,Direct Payment,2026-07-21 12:46:04.287,2000.0,Redacted,redacted_supplier
Over500_2026_P04_-_published.xlsx:4107,Over500_2026_P04_-_published.xlsx,4107,2026-07-05,REDACTED,general_procurement,Children's Social Care,Transfer Payment,Direct Payment,2026-07-05 11:47:25.370,504.68,Redacted,redacted_supplier
Over500_2026_P04_-_published.xlsx:4108,Over500_2026_P04_-_published.xlsx,4108,2026-07-14,REDACTED,general_procurement,Children's Social Care,Transfer Payment,Direct Payment,2026-07-14 15:40:15.783,976.05,Redacted,redacted_supplier
Over500_2026_P04_-_published.xlsx:4109,Over500_2026_P04_-_published.xlsx,4109,2026-07-14,REDACTED,general_procurement,Children's Social Care,Transfer Payment,Direct Payment,2026-07-14 15:40:15.783,1887.6,Redacted,redacted_supplier
Over500_2026_P04_-_published.xlsx:4110,Over500_2026_P04_-_published.xlsx,4110,2026-07-14,REDACTED,general_procurement,Children's Social Care,Transfer Payment,Direct Payment,2026-07-14 15:40:15.783,845.0,Redacted,redacted_supplier
Over500_2026_P04_-_published.xlsx:4111,Over500_2026_P04_-_published.xlsx,4111,2026-07-14,REDACTED,general_procurement,Children's Social Care,Transfer Payment,Direct Payment,2026-07-14 15:40:15.783,1206.6,Redacted,redacted_supplier
Over500_2026_P04_-_published.xlsx:4112,Over500_2026_P04_-_published.xlsx,4112,2026-07-14,REDACTED,general_procurement,Children's Social Care,Transfer Payment,Direct Payment,2026-07-14 15:40:15.783,533.76,Redacted,redacted_supplier
Over500_2026_P04_-_published.xlsx:4113,Over500_2026_P04_-_published.xlsx,4113,2026-07-14,REDACTED,general_procurement,Children's Social Care,Transfer Payment,Direct Payment,2026-07-14 15:40:15.783,2940.0,Redacted,redacted_supplier
Over500_2026_P04_-_published.xlsx:4114,Over500_2026_P04_-_published.xlsx,4114,2026-07-31,REDACTED,general_procurement,Children's Social Care,Transfer Payment,Direct Payment,2026-07-31 15:33:40.820,1922.1,Redacted,redacted_supplier
Over500_2026_P04_-_published.xlsx:4115,Over500_2026_P04_-_published.xlsx,4115,2026-07-24,REDACTED,general_procurement,Education (DSG Funded) & Other Education Grants,Transfer Payment,Direct Payment,2026-07-24 15:59:42.173,1060.0,Redacted,redacted_supplier
Over500_2026_P04_-_published.xlsx:4116,Over500_2026_P04_-_published.xlsx,4116,2026-07-15,REDACTED,general_procurement,Adult Social Care,Transfer Payment,Payments to Carers,2026-07-15 10:33:10.383,720.0,Redacted,redacted_supplier
Over500_2026_P04_-_published.xlsx:4117,Over500_2026_P04_-_published.xlsx,4117,2026-07-15,REDACTED,general_procurement,Adult Social Care,Transfer Payment,Payments to Carers,2026-07-15 10:33:10.383,1137.76,Redacted,redacted_supplier
Over500_2026_P04_-_published.xlsx:4118,Over500_2026_P04_-_published.xlsx,4118,2026-07-15,REDACTED,general_procurement,Adult Social Care,Transfer Payment,Payments to Carers,2026-07-15 10:33:10.383,572.0,Redacted,redacted_supplier
Over500_2026_P04_-_published.xlsx:4119,Over500_2026_P04_-_published.xlsx,4119,2026-07-07,REDACTED,general_procurement,Adult Social Care,Transfer Payment,Adult Placement Allowances,2026-07-07 10:47:59.030,887.7,Redacted,redacted_supplier
Over500_2026_P04_-_published.xlsx:4120,Over500_2026_P04_-_published.xlsx,4120,2026-07-15,REDACTED,general_procurement,Adult Social Care,Transfer Payment,Adult Placement Allowances,2026-07-15 14:12:05.600,568.6,Redacted,redacted_supplier
Over500_2026_P04_-_published.xlsx:4121,Over500_2026_P04_-_published.xlsx,4121,2026-07-15,REDACTED,general_procurement,Adult Social Care,Transfer Payment,Adult Placement Allowances,2026-07-15 14:12:05.600,797.2,Redacted,redacted_supplier
Over500_2026_P04_-_published.xlsx:4122,Over500_2026_P04_-_published.xlsx,4122,2026-07-15,REDACTED,general_procurement,Adult Social Care,Transfer Payment,Adult Placement Allowances,2026-07-15 14:12:05.600,661.0,Redacted,redacted_supplier
Over500_2026_P04_-_published.xlsx:4123,Over500_2026_P04_-_published.xlsx,4123,2026-07-15,REDACTED,general_procurement,Adult Social Care,Transfer Payment,Adult Placement Allowances,2026-07-15 14:12:05.600,797.2,Redacted,redacted_supplier
Over500_2026_P04_-_published.xlsx:4124,Over500_2026_P04_-_published.xlsx,4124,2026-07-15,REDACTED,general_procurement,Adult Social Care,Transfer Payment,Adult Placement Allowances,2026-07-15 14:12:05.600,811.0,Redacted,redacted_supplier
Over500_2026_P04_-_published.xlsx:4125,Over500_2026_P04_-_published.xlsx,4125,2026-07-15,REDACTED,general_procurement,Adult Social Care,Transfer Payment,Adult Placement Allowances,2026-07-15 14:12:05.600,661.0,Redacted,redacted_supplier
Over500_2026_P04_-_published.xlsx:4126,Over500_2026_P04_-_published.xlsx,4126,2026-07-15,REDACTED,general_procurement,Adult Social Care,Transfer Payment,Adult Placement Allowances,2026-07-15 14:12:05.600,2135.3,Redacted,redacted_supplier
Over500_2026_P04_-_published.xlsx:4127,Over500_2026_P04_-_published.xlsx,4127,2026-07-15,REDACTED,general_procurement,Adult Social Care,Transfer Payment,Adult Placement Allowances,2026-07-15 14:12:05.600,797.2,Redacted,redacted_supplier
Over500_2026_P04_-_published.xlsx:4128,Over500_2026_P04_-_published.xlsx,4128,2026-07-15,REDACTED,general_procurement,Adult Social Care,Transfer Payment,Adult Placement Allowances,2026-07-15 14:12:05.600,797.2,Redacted,redacted_supplier
Over500_2026_P04_-_published.xlsx:4129,Over500_2026_P04_-_published.xlsx,4129,2026-07-21,REDACTED,general_procurement,Adult Social Care,Transfer Payment,Adult Placement Allowances,2026-07-21 15:09:36.533,734.8,Redacted,redacted_supplier
Over500_2026_P04_-_published.xlsx:4130,Over500_2026_P04_-_published.xlsx,4130,2026-07-28,REDACTED,general_procurement,Adult Social Care,Transfer Payment,Adult Placement Allowances,2026-07-28 15:28:31.763,568.6,Redacted,redacted_supplier
Over500_2026_P04_-_published.xlsx:4131,Over500_2026_P04_-_published.xlsx,4131,2026-07-28,REDACTED,general_procurement,Adult Social Care,Transfer Payment,Adult Placement Allowances,2026-07-28 15:28:31.763,661.0,Redacted,redacted_supplier
Over500_2026_P04_-_published.xlsx:4132,Over500_2026_P04_-_published.xlsx,4132,2026-07-28,REDACTED,general_procurement,Adult Social Care,Transfer Payment,Adult Placement Allowances,2026-07-28 15:28:31.763,797.2,Redacted,redacted_supplier
Over500_2026_P04_-_published.xlsx:4133,Over500_2026_P04_-_published.xlsx,4133,2026-07-28,REDACTED,general_procurement,Adult Social Care,Transfer Payment,Adult Placement Allowances,2026-07-28 15:28:31.763,797.2,Redacted,redacted_supplier
Over500_2026_P04_-_published.xlsx:4134,Over500_2026_P04_-_published.xlsx,4134,2026-07-28,REDACTED,general_procurement,Adult Social Care,Transfer Payment,Adult Placement Allowances,2026-07-28 15:28:31.763,568.6,Redacted,redacted_supplier
Over500_2026_P04_-_published.xlsx:4135,Over500_2026_P04_-_published.xlsx,4135,2026-07-28,REDACTED,general_procurement,Adult Social Care,Transfer Payment,Adult Placement Allowances,2026-07-28 15:28:31.763,661.0,Redacted,redacted_supplier
Over500_2026_P04_-_published.xlsx:4136,Over500_2026_P04_-_published.xlsx,4136,2026-07-28,REDACTED,general_procurement,Adult Social Care,Transfer Payment,Adult Placement Allowances,2026-07-28 15:28:31.763,797.2,Redacted,redacted_supplier
Over500_2026_P04_-_published.xlsx:4137,Over500_2026_P04_-_published.xlsx,4137,2026-07-28,REDACTED,general_procurement,Adult Social Care,Transfer Payment,Adult Placement Allowances,2026-07-28 15:28:31.763,797.2,Redacted,redacted_supplier
Over500_2026_P04_-_published.xlsx:4138,Over500_2026_P04_-_published.xlsx,4138,2026-07-28,REDACTED,general_procurement,Adult Social Care,Transfer Payment,Adult Placement Allowances,2026-07-28 15:28:31.763,751.8,Redacted,redacted_supplier
Over500_2026_P04_-_published.xlsx:4139,Over500_2026_P04_-_published.xlsx,4139,2026-07-21,REDACTED,general_procurement,Adult Social Care,Transfer Payment,Adult Placement Allowances,2026-07-21 15:09:36.533,650.25,Redacted,redacted_supplier
Over500_2026_P04_-_published.xlsx:4140,Over500_2026_P04_-_published.xlsx,4140,2026-07-15,REDACTED,general_procurement,Adult Social Care,Transfer Payment,Adult Placement Allowances,2026-07-15 14:12:05.600,1020.5,Redacted,redacted_supplier
Over500_2026_P04_-_published.xlsx:4141,Over500_2026_P04_-_published.xlsx,4141,2026-07-28,REDACTED,general_procurement,Adult Social Care,,ASC Deferred Debt,2026-07-28 15:36:53.213,3170.36,Redacted,redacted_supplier
Over500_2026_P04_-_published.xlsx:4142,Over500_2026_P04_-_published.xlsx,4142,2026-07-28,REDACTED,general_procurement,Adult Social Care,,ASC Deferred Debt,2026-07-28 15:36:53.213,4465.32,Redacted,redacted_supplier
Over500_2026_P04_-_published.xlsx:4143,Over500_2026_P04_-_published.xlsx,4143,2026-07-28,REDACTED,general_procurement,Adult Social Care,,ASC Deferred Debt,2026-07-28 15:36:53.213,4834.92,Redacted,redacted_supplier
Over500_2026_P04_-_published.xlsx:4144,Over500_2026_P04_-_published.xlsx,4144,2026-07-28,REDACTED,general_procurement,Adult Social Care,,ASC Deferred Debt,2026-07-28 15:36:53.213,5325.8,Redacted,redacted_supplier
Over500_2026_P04_-_published.xlsx:4145,Over500_2026_P04_-_published.xlsx,4145,2026-07-28,REDACTED,general_procurement,Adult Social Care,,ASC Deferred Debt,2026-07-28 15:36:53.213,4467.44,Redacted,redacted_supplier
Over500_2026_P04_-_published.xlsx:4146,Over500_2026_P04_-_published.xlsx,4146,2026-07-28,REDACTED,general_procurement,Adult Social Care,,ASC Deferred Debt,2026-07-28 15:36:53.213,2224.6,Redacted,redacted_supplier
Over500_2026_P04_-_published.xlsx:4147,Over500_2026_P04_-_published.xlsx,4147,2026-07-28,REDACTED,general_procurement,Adult Social Care,,ASC Deferred Debt,2026-07-28 15:36:53.213,2703.32,Redacted,redacted_supplier
Over500_2026_P04_-_published.xlsx:4148,Over500_2026_P04_-_published.xlsx,4148,2026-07-28,REDACTED,general_procurement,Adult Social Care,,ASC Deferred Debt,2026-07-28 15:36:53.213,2722.8,Redacted,redacted_supplier
Over500_2026_P04_-_published.xlsx:4149,Over500_2026_P04_-_published.xlsx,4149,2026-07-28,REDACTED,general_procurement,Adult Social Care,,ASC Deferred Debt,2026-07-28 15:36:53.213,2144.52,Redacted,redacted_supplier
Over500_2026_P04_-_published.xlsx:4150,Over500_2026_P04_-_published.xlsx,4150,2026-07-28,REDACTED,general_procurement,Adult Social Care,,ASC Deferred Debt,2026-07-28 15:36:53.213,4332.4,Redacted,redacted_supplier
Over500_2026_P04_-_published.xlsx:4151,Over500_2026_P04_-_published.xlsx,4151,2026-07-28,REDACTED,general_procurement,Adult Social Care,,ASC Deferred Debt,2026-07-28 15:36:53.213,4731.4,Redacted,redacted_supplier
Over500_2026_P04_-_published.xlsx:4152,Over500_2026_P04_-_published.xlsx,4152,2026-07-28,REDACTED,general_procurement,Adult Social Care,,ASC Deferred Debt,2026-07-28 15:36:53.213,3241.16,Redacted,redacted_supplier
Over500_2026_P04_-_published.xlsx:4153,Over500_2026_P04_-_published.xlsx,4153,2026-07-28,REDACTED,general_procurement,Adult Social Care,,ASC Deferred Debt,2026-07-28 15:36:53.213,5586.0,Redacted,redacted_supplier
Over500_2026_P04_-_published.xlsx:4154,Over500_2026_P04_-_published.xlsx,4154,2026-07-28,REDACTED,general_procurement,Adult Social Care,,ASC Deferred Debt,2026-07-28 15:36:53.213,2234.72,Redacted,redacted_supplier
Over500_2026_P04_-_published.xlsx:4155,Over500_2026_P04_-_published.xlsx,4155,2026-07-28,REDACTED,general_procurement,Adult Social Care,,ASC Deferred Debt,2026-07-28 15:36:53.213,5069.8,Redacted,redacted_supplier
Over500_2026_P04_-_published.xlsx:4156,Over500_2026_P04_-_published.xlsx,4156,2026-07-28,REDACTED,general_procurement,Adult Social Care,,ASC Deferred Debt,2026-07-28 15:36:53.213,4196.36,Redacted,redacted_supplier
Over500_2026_P04_-_published.xlsx:4157,Over500_2026_P04_-_published.xlsx,4157,2026-07-28,REDACTED,general_procurement,Adult Social Care,,ASC Deferred Debt,2026-07-28 15:36:53.213,3402.36,Redacted,redacted_supplier
Over500_2026_P04_-_published.xlsx:4158,Over500_2026_P04_-_published.xlsx,4158,2026-07-28,REDACTED,general_procurement,Adult Social Care,,ASC Deferred Debt,2026-07-28 15:36:53.213,3121.56,Redacted,redacted_supplier
Over500_2026_P04_-_published.xlsx:4159,Over500_2026_P04_-_published.xlsx,4159,2026-07-28,REDACTED,general_procurement,Adult Social Care,,ASC Deferred Debt,2026-07-28 15:36:53.213,6089.12,Redacted,redacted_supplier
Over500_2026_P04_-_published.xlsx:4160,Over500_2026_P04_-_published.xlsx,4160,2026-07-28,REDACTED,general_procurement,Adult Social Care,,ASC Deferred Debt,2026-07-28 15:36:53.213,2936.36,Redacted,redacted_supplier
Over500_2026_P04_-_published.xlsx:4161,Over500_2026_P04_-_published.xlsx,4161,2026-07-28,REDACTED,general_procurement,Adult Social Care,,ASC Deferred Debt,2026-07-28 15:36:53.213,4689.12,Redacted,redacted_supplier
Over500_2026_P04_-_published.xlsx:4162,Over500_2026_P04_-_published.xlsx,4162,2026-07-21,ROYAL BOROUGH OF WINDSOR AND MAIDENHEAD,general_procurement,Finance,,LGPS Employees Control,2026-07-21 08:45:31.403,450449.38,Royal Borough of Windsor and Maidenhead,pension_statutory
Over500_2026_P04_-_published.xlsx:4163,Over500_2026_P04_-_published.xlsx,4163,2026-07-21,ROYAL BOROUGH OF WINDSOR AND MAIDENHEAD,general_procurement,Finance,,LGPS Employers Control,2026-07-21 08:45:31.403,1091653.6,Royal Borough of Windsor and Maidenhead,pension_statutory
Over500_2026_P04_-_published.xlsx:4164,Over500_2026_P04_-_published.xlsx,4164,2026-07-17,ROYAL BOROUGH OF WINDSOR AND MAIDENHEAD,general_procurement,Finance,,Teachers LGPS ERS Control,2026-07-17 09:08:35.287,950683.38,Royal Borough of Windsor and Maidenhead,pension_statutory
Over500_2026_P04_-_published.xlsx:4166,Over500_2026_P04_-_published.xlsx,4166,2026-07-31,WEST BERKSHIRE COUNCIL,general_procurement,Finance,,Council Tax Court Orders,2026-07-31 15:37:37.550,1874.12,WEST BERKSHIRE COUNCIL,inter_authority
Over500_2026_P04_-_published.xlsx:4167,Over500_2026_P04_-_published.xlsx,4167,2026-07-08,WEST BERKSHIRE COUNCIL,general_procurement,Finance,,Council Tax Court Orders,2026-07-08 13:07:38.063,2056.66,WEST BERKSHIRE COUNCIL,inter_authority
Over500_2026_P04_-_published.xlsx:4168,Over500_2026_P04_-_published.xlsx,4168,2026-07-13,REDACTED,general_procurement,Children's Social Care,,Children in Care: Savings,2026-07-13 10:54:49.663,684.49,Redacted,redacted_supplier
