threshold,supplier_norm,supplier,window_start,window_end,n_payments,total_gbp,distinct_amounts,services,tag,spans_tags,row_ids
25000.0,A AND E BUILDERS,A&E BUILDERS (BASINGSTOKE) LIMITED,2026-06-30,2026-07-29,3,33497.0,3,Development & Housing,general_procurement,False,Over500_2026_P03_-_published.xlsx:743; Over500_2026_P04_-_published.xlsx:1300; Over500_2026_P04_-_published.xlsx:752
25000.0,ABC TRAVEL,ABC TRAVEL (WOKINGHAM) LIMITED T/A ABC TRAVEL,2026-05-05,2026-06-03,15,32958.0,15,Adult Social Care; Education & SEND,general_procurement,False,Over500_2026_P02_-_published.xlsx:295; Over500_2026_P02_-_published.xlsx:208; Over500_2026_P02_-_published.xlsx:212; Over500_2026_P02_-_published.xlsx:259; Over500_2026_P02_-_published.xlsx:309; Over500_2026_P02_-_published.xlsx:343; Over500_2026_P02_-_published.xlsx:352; Over500_2026_P02_-_published.xlsx:362; Over500_2026_P02_-_published.xlsx:211; Over500_2026_P02_-_published.xlsx:213; Over500_2026_P03_-_published.xlsx:197; Over500_2026_P03_-_published.xlsx:221; Over500_2026_P03_-_published.xlsx:243; Over500_2026_P03_-_published.xlsx:335; Over500_2026_P03_-_published.xlsx:342
25000.0,ABI SUPPORT,Abi-support Ltd,2026-06-10,2026-07-09,80,181445.1,49,Adult Social Care,care_or_education_placement,False,Over500_2026_P03_-_published.xlsx:1083; Over500_2026_P03_-_published.xlsx:1084; Over500_2026_P03_-_published.xlsx:1085; Over500_2026_P03_-_published.xlsx:1123; Over500_2026_P03_-_published.xlsx:1124; Over500_2026_P03_-_published.xlsx:1125; Over500_2026_P03_-_published.xlsx:1126; Over500_2026_P03_-_published.xlsx:1165; Over500_2026_P03_-_published.xlsx:1385; Over500_2026_P03_-_published.xlsx:1429; Over500_2026_P03_-_published.xlsx:1430; Over500_2026_P03_-_published.xlsx:2694; Over500_2026_P03_-_published.xlsx:2755; Over500_2026_P03_-_published.xlsx:2756; Over500_2026_P03_-_published.xlsx:2868; Over500_2026_P03_-_published.xlsx:839; Over500_2026_P03_-_published.xlsx:881; Over500_2026_P03_-_published.xlsx:1141; Over500_2026_P03_-_published.xlsx:1149; Over500_2026_P03_-_published.xlsx:1556; Over500_2026_P03_-_published.xlsx:2779; Over500_2026_P03_-_published.xlsx:2780; Over500_2026_P03_-_published.xlsx:2876; Over500_2026_P03_-_published.xlsx:864; Over500_2026_P03_-_published.xlsx:1153; Over500_2026_P03_-_published.xlsx:1181; Over500_2026_P03_-_published.xlsx:1188; Over500_2026_P03_-_published.xlsx:1236; Over500_2026_P03_-_published.xlsx:1242; Over500_2026_P03_-_published.xlsx:1243; Over500_2026_P03_-_published.xlsx:1257; Over500_2026_P03_-_published.xlsx:1280; Over500_2026_P03_-_published.xlsx:1302; Over500_2026_P03_-_published.xlsx:1306; Over500_2026_P03_-_published.xlsx:1307; Over500_2026_P03_-_published.xlsx:1313; Over500_2026_P03_-_published.xlsx:1397; Over500_2026_P03_-_published.xlsx:1517; Over500_2026_P03_-_published.xlsx:1604; Over500_2026_P03_-_published.xlsx:1668; Over500_2026_P03_-_published.xlsx:2885; Over500_2026_P03_-_published.xlsx:2889; Over500_2026_P03_-_published.xlsx:2937; Over500_2026_P04_-_published.xlsx:1176; Over500_2026_P04_-_published.xlsx:1177; Over500_2026_P04_-_published.xlsx:1247; Over500_2026_P04_-_published.xlsx:1856; Over500_2026_P04_-_published.xlsx:1869; Over500_2026_P04_-_published.xlsx:1978; Over500_2026_P04_-_published.xlsx:2025; Over500_2026_P04_-_published.xlsx:1343; Over500_2026_P04_-_published.xlsx:1344; Over500_2026_P04_-_published.xlsx:1345; Over500_2026_P04_-_published.xlsx:1346; Over500_2026_P04_-_published.xlsx:1347; Over500_2026_P04_-_published.xlsx:1383; Over500_2026_P04_-_published.xlsx:1384; Over500_2026_P04_-_published.xlsx:1385; Over500_2026_P04_-_published.xlsx:1386; Over500_2026_P04_-_published.xlsx:1447; Over500_2026_P04_-_published.xlsx:1448; Over500_2026_P04_-_published.xlsx:1449; Over500_2026_P04_-_published.xlsx:1450; Over500_2026_P04_-_published.xlsx:1569; Over500_2026_P04_-_published.xlsx:1806; Over500_2026_P04_-_published.xlsx:1807; Over500_2026_P04_-_published.xlsx:1883; Over500_2026_P04_-_published.xlsx:1987; Over500_2026_P04_-_published.xlsx:1988; Over500_2026_P04_-_published.xlsx:1989; Over500_2026_P04_-_published.xlsx:2021; Over500_2026_P04_-_published.xlsx:2079; Over500_2026_P04_-_published.xlsx:2080; Over500_2026_P04_-_published.xlsx:2081; Over500_2026_P04_-_published.xlsx:2082; Over500_2026_P04_-_published.xlsx:2653; Over500_2026_P04_-_published.xlsx:2805; Over500_2026_P04_-_published.xlsx:2806; Over500_2026_P04_-_published.xlsx:924; Over500_2026_P04_-_published.xlsx:935
25000.0,ACHIEVE TOGETHER,Achieve Together Limited,2026-05-13,2026-06-11,12,118967.47,12,Adult Social Care,care_or_education_placement,False,Over500_2026_P02_-_published.xlsx:1661; Over500_2026_P02_-_published.xlsx:1662; Over500_2026_P02_-_published.xlsx:1663; Over500_2026_P02_-_published.xlsx:782; Over500_2026_P02_-_published.xlsx:783; Over500_2026_P02_-_published.xlsx:874; Over500_2026_P03_-_published.xlsx:1504; Over500_2026_P03_-_published.xlsx:1505; Over500_2026_P03_-_published.xlsx:2672; Over500_2026_P03_-_published.xlsx:2897; Over500_2026_P03_-_published.xlsx:755; Over500_2026_P03_-_published.xlsx:853
25000.0,ACORN CARE AND EDUCATION,ACORN CARE & EDUCATION LTD,2026-05-22,2026-06-20,9,194549.16,8,Education (DSG Funded) & Other Education Grants,care_or_education_placement,False,Over500_2026_P02_-_published.xlsx:2265; Over500_2026_P02_-_published.xlsx:2271; Over500_2026_P02_-_published.xlsx:2274; Over500_2026_P02_-_published.xlsx:2275; Over500_2026_P02_-_published.xlsx:2279; Over500_2026_P02_-_published.xlsx:2280; Over500_2026_P03_-_published.xlsx:2206; Over500_2026_P03_-_published.xlsx:2326; Over500_2026_P03_-_published.xlsx:2328
25000.0,ACORN HOME SUPPORT,Acorn Home Support Ltd,2026-07-08,2026-08-06,27,29720.0,9,Adult Social Care,care_or_education_placement,False,Over500_2026_P04_-_published.xlsx:1000; Over500_2026_P04_-_published.xlsx:1001; Over500_2026_P04_-_published.xlsx:1751; Over500_2026_P04_-_published.xlsx:1758; Over500_2026_P04_-_published.xlsx:1759; Over500_2026_P04_-_published.xlsx:2332; Over500_2026_P04_-_published.xlsx:2333; Over500_2026_P04_-_published.xlsx:2785; Over500_2026_P04_-_published.xlsx:2786; Over500_2026_P04_-_published.xlsx:2815; Over500_2026_P04_-_published.xlsx:2827; Over500_2026_P04_-_published.xlsx:3674; Over500_2026_P04_-_published.xlsx:3675; Over500_2026_P04_-_published.xlsx:1002; Over500_2026_P04_-_published.xlsx:1003; Over500_2026_P04_-_published.xlsx:1004; Over500_2026_P04_-_published.xlsx:1766; Over500_2026_P04_-_published.xlsx:1786; Over500_2026_P04_-_published.xlsx:2553; Over500_2026_P04_-_published.xlsx:2816; Over500_2026_P04_-_published.xlsx:2846; Over500_2026_P04_-_published.xlsx:2862; Over500_2026_P04_-_published.xlsx:2863; Over500_2026_P04_-_published.xlsx:2879; Over500_2026_P04_-_published.xlsx:2898; Over500_2026_P04_-_published.xlsx:2899; Over500_2026_P04_-_published.xlsx:3455
25000.0,ADDRESS ENTERPRISE,Address Enterprise Ltd,2026-07-01,2026-07-30,62,102996.21,49,Adult Social Care,care_or_education_placement,False,Over500_2026_P04_-_published.xlsx:1178; Over500_2026_P04_-_published.xlsx:1200; Over500_2026_P04_-_published.xlsx:1201; Over500_2026_P04_-_published.xlsx:1202; Over500_2026_P04_-_published.xlsx:1248; Over500_2026_P04_-_published.xlsx:2015; Over500_2026_P04_-_published.xlsx:917; Over500_2026_P04_-_published.xlsx:928; Over500_2026_P04_-_published.xlsx:3732; Over500_2026_P04_-_published.xlsx:1435; Over500_2026_P04_-_published.xlsx:1455; Over500_2026_P04_-_published.xlsx:1488; Over500_2026_P04_-_published.xlsx:1489; Over500_2026_P04_-_published.xlsx:1490; Over500_2026_P04_-_published.xlsx:1491; Over500_2026_P04_-_published.xlsx:1492; Over500_2026_P04_-_published.xlsx:1496; Over500_2026_P04_-_published.xlsx:1497; Over500_2026_P04_-_published.xlsx:1498; Over500_2026_P04_-_published.xlsx:1499; Over500_2026_P04_-_published.xlsx:1500; Over500_2026_P04_-_published.xlsx:1502; Over500_2026_P04_-_published.xlsx:1570; Over500_2026_P04_-_published.xlsx:2034; Over500_2026_P04_-_published.xlsx:2108; Over500_2026_P04_-_published.xlsx:2203; Over500_2026_P04_-_published.xlsx:2204; Over500_2026_P04_-_published.xlsx:2205; Over500_2026_P04_-_published.xlsx:2206; Over500_2026_P04_-_published.xlsx:2406; Over500_2026_P04_-_published.xlsx:3051; Over500_2026_P04_-_published.xlsx:926; Over500_2026_P04_-_published.xlsx:939; Over500_2026_P04_-_published.xlsx:940; Over500_2026_P04_-_published.xlsx:941; Over500_2026_P04_-_published.xlsx:947; Over500_2026_P04_-_published.xlsx:948; Over500_2026_P04_-_published.xlsx:1653; Over500_2026_P04_-_published.xlsx:1654; Over500_2026_P04_-_published.xlsx:1655; Over500_2026_P04_-_published.xlsx:1695; Over500_2026_P04_-_published.xlsx:1705; Over500_2026_P04_-_published.xlsx:1706; Over500_2026_P04_-_published.xlsx:1707; Over500_2026_P04_-_published.xlsx:1708; Over500_2026_P04_-_published.xlsx:1709; Over500_2026_P04_-_published.xlsx:1725; Over500_2026_P04_-_published.xlsx:1726; Over500_2026_P04_-_published.xlsx:1748; Over500_2026_P04_-_published.xlsx:2105; Over500_2026_P04_-_published.xlsx:2383; Over500_2026_P04_-_published.xlsx:2384; Over500_2026_P04_-_published.xlsx:2385; Over500_2026_P04_-_published.xlsx:2817; Over500_2026_P04_-_published.xlsx:3053; Over500_2026_P04_-_published.xlsx:3477; Over500_2026_P04_-_published.xlsx:961; Over500_2026_P04_-_published.xlsx:962; Over500_2026_P04_-_published.xlsx:970; Over500_2026_P04_-_published.xlsx:971; Over500_2026_P04_-_published.xlsx:988; Over500_2026_P04_-_published.xlsx:989
25000.0,AFFINITY TRUST SUPPORT,Affinity Trust Support Ltd,2026-06-24,2026-07-23,180,758590.31,101,Adult Social Care,care_or_education_placement,False,Over500_2026_P03_-_published.xlsx:1444; Over500_2026_P03_-_published.xlsx:1531; Over500_2026_P03_-_published.xlsx:1532; Over500_2026_P03_-_published.xlsx:1533; Over500_2026_P03_-_published.xlsx:1539; Over500_2026_P03_-_published.xlsx:1540; Over500_2026_P03_-_published.xlsx:1541; Over500_2026_P03_-_published.xlsx:1542; Over500_2026_P03_-_published.xlsx:1543; Over500_2026_P03_-_published.xlsx:1544; Over500_2026_P03_-_published.xlsx:1545; Over500_2026_P03_-_published.xlsx:1546; Over500_2026_P03_-_published.xlsx:1547; Over500_2026_P03_-_published.xlsx:1548; Over500_2026_P03_-_published.xlsx:1549; Over500_2026_P03_-_published.xlsx:1550; Over500_2026_P03_-_published.xlsx:1551; Over500_2026_P03_-_published.xlsx:1588; Over500_2026_P03_-_published.xlsx:1589; Over500_2026_P03_-_published.xlsx:1590; Over500_2026_P03_-_published.xlsx:1591; Over500_2026_P03_-_published.xlsx:1592; Over500_2026_P03_-_published.xlsx:1595; Over500_2026_P03_-_published.xlsx:1627; Over500_2026_P03_-_published.xlsx:1629; Over500_2026_P03_-_published.xlsx:1630; Over500_2026_P03_-_published.xlsx:1633; Over500_2026_P03_-_published.xlsx:1634; Over500_2026_P03_-_published.xlsx:1635; Over500_2026_P03_-_published.xlsx:1640; Over500_2026_P03_-_published.xlsx:1641; Over500_2026_P03_-_published.xlsx:1642; Over500_2026_P03_-_published.xlsx:1643; Over500_2026_P03_-_published.xlsx:1644; Over500_2026_P03_-_published.xlsx:1663; Over500_2026_P03_-_published.xlsx:1664; Over500_2026_P03_-_published.xlsx:1665; Over500_2026_P03_-_published.xlsx:1666; Over500_2026_P03_-_published.xlsx:1667; Over500_2026_P03_-_published.xlsx:1674; Over500_2026_P03_-_published.xlsx:1678; Over500_2026_P03_-_published.xlsx:1689; Over500_2026_P03_-_published.xlsx:1690; Over500_2026_P03_-_published.xlsx:1691; Over500_2026_P03_-_published.xlsx:1692; Over500_2026_P03_-_published.xlsx:1693; Over500_2026_P03_-_published.xlsx:1694; Over500_2026_P03_-_published.xlsx:1695; Over500_2026_P03_-_published.xlsx:1696; Over500_2026_P03_-_published.xlsx:1699; Over500_2026_P03_-_published.xlsx:1700; Over500_2026_P03_-_published.xlsx:1701; Over500_2026_P03_-_published.xlsx:1702; Over500_2026_P03_-_published.xlsx:1703; Over500_2026_P03_-_published.xlsx:1704; Over500_2026_P03_-_published.xlsx:1715; Over500_2026_P03_-_published.xlsx:1716; Over500_2026_P03_-_published.xlsx:1754; Over500_2026_P03_-_published.xlsx:1764; Over500_2026_P03_-_published.xlsx:1768; Over500_2026_P03_-_published.xlsx:1770; Over500_2026_P03_-_published.xlsx:1771; Over500_2026_P03_-_published.xlsx:1831; Over500_2026_P03_-_published.xlsx:1832; Over500_2026_P03_-_published.xlsx:1844; Over500_2026_P03_-_published.xlsx:1855; Over500_2026_P03_-_published.xlsx:1856; Over500_2026_P03_-_published.xlsx:1875; Over500_2026_P03_-_published.xlsx:1977; Over500_2026_P03_-_published.xlsx:1983; Over500_2026_P03_-_published.xlsx:2914; Over500_2026_P03_-_published.xlsx:2939; Over500_2026_P03_-_published.xlsx:2940; Over500_2026_P03_-_published.xlsx:2941; Over500_2026_P03_-_published.xlsx:2942; Over500_2026_P03_-_published.xlsx:2943; Over500_2026_P03_-_published.xlsx:2944; Over500_2026_P03_-_published.xlsx:2955; Over500_2026_P03_-_published.xlsx:2956; Over500_2026_P03_-_published.xlsx:2957; Over500_2026_P03_-_published.xlsx:2958; Over500_2026_P03_-_published.xlsx:2959; Over500_2026_P03_-_published.xlsx:2978; Over500_2026_P03_-_published.xlsx:2986; Over500_2026_P03_-_published.xlsx:935; Over500_2026_P04_-_published.xlsx:2222; Over500_2026_P04_-_published.xlsx:2224; Over500_2026_P04_-_published.xlsx:2226; Over500_2026_P04_-_published.xlsx:2227; Over500_2026_P04_-_published.xlsx:2239; Over500_2026_P04_-_published.xlsx:2240; Over500_2026_P04_-_published.xlsx:2241; Over500_2026_P04_-_published.xlsx:2251; Over500_2026_P04_-_published.xlsx:2252; Over500_2026_P04_-_published.xlsx:2253; Over500_2026_P04_-_published.xlsx:2257; Over500_2026_P04_-_published.xlsx:2258; Over500_2026_P04_-_published.xlsx:2259; Over500_2026_P04_-_published.xlsx:2267; Over500_2026_P04_-_published.xlsx:2268; Over500_2026_P04_-_published.xlsx:2269; Over500_2026_P04_-_published.xlsx:2270; Over500_2026_P04_-_published.xlsx:2271; Over500_2026_P04_-_published.xlsx:2272; Over500_2026_P04_-_published.xlsx:2294; Over500_2026_P04_-_published.xlsx:2295; Over500_2026_P04_-_published.xlsx:2313; Over500_2026_P04_-_published.xlsx:2314; Over500_2026_P04_-_published.xlsx:2315; Over500_2026_P04_-_published.xlsx:2316; Over500_2026_P04_-_published.xlsx:2337; Over500_2026_P04_-_published.xlsx:2338; Over500_2026_P04_-_published.xlsx:2339; Over500_2026_P04_-_published.xlsx:2340; Over500_2026_P04_-_published.xlsx:2341; Over500_2026_P04_-_published.xlsx:2342; Over500_2026_P04_-_published.xlsx:2343; Over500_2026_P04_-_published.xlsx:2344; Over500_2026_P04_-_published.xlsx:2603; Over500_2026_P04_-_published.xlsx:2707; Over500_2026_P04_-_published.xlsx:2742; Over500_2026_P04_-_published.xlsx:2765; Over500_2026_P04_-_published.xlsx:2960; Over500_2026_P04_-_published.xlsx:2961; Over500_2026_P04_-_published.xlsx:2970; Over500_2026_P04_-_published.xlsx:2971; Over500_2026_P04_-_published.xlsx:2972; Over500_2026_P04_-_published.xlsx:2973; Over500_2026_P04_-_published.xlsx:2974; Over500_2026_P04_-_published.xlsx:2975; Over500_2026_P04_-_published.xlsx:2976; Over500_2026_P04_-_published.xlsx:2977; Over500_2026_P04_-_published.xlsx:2978; Over500_2026_P04_-_published.xlsx:2979; Over500_2026_P04_-_published.xlsx:2980; Over500_2026_P04_-_published.xlsx:2981; Over500_2026_P04_-_published.xlsx:2982; Over500_2026_P04_-_published.xlsx:3066; Over500_2026_P04_-_published.xlsx:3564; Over500_2026_P04_-_published.xlsx:3629; Over500_2026_P04_-_published.xlsx:3730; Over500_2026_P04_-_published.xlsx:3731; Over500_2026_P04_-_published.xlsx:972; Over500_2026_P04_-_published.xlsx:2297; Over500_2026_P04_-_published.xlsx:2298; Over500_2026_P04_-_published.xlsx:2299; Over500_2026_P04_-_published.xlsx:2300; Over500_2026_P04_-_published.xlsx:2301; Over500_2026_P04_-_published.xlsx:2302; Over500_2026_P04_-_published.xlsx:2317; Over500_2026_P04_-_published.xlsx:2318; Over500_2026_P04_-_published.xlsx:2319; Over500_2026_P04_-_published.xlsx:2321; Over500_2026_P04_-_published.xlsx:2322; Over500_2026_P04_-_published.xlsx:2334; Over500_2026_P04_-_published.xlsx:2345; Over500_2026_P04_-_published.xlsx:2346; Over500_2026_P04_-_published.xlsx:2347; Over500_2026_P04_-_published.xlsx:2348; Over500_2026_P04_-_published.xlsx:2350; Over500_2026_P04_-_published.xlsx:2351; Over500_2026_P04_-_published.xlsx:2391; Over500_2026_P04_-_published.xlsx:2693; Over500_2026_P04_-_published.xlsx:2694; Over500_2026_P04_-_published.xlsx:2985; Over500_2026_P04_-_published.xlsx:2986; Over500_2026_P04_-_published.xlsx:2989; Over500_2026_P04_-_published.xlsx:3008; Over500_2026_P04_-_published.xlsx:3565; Over500_2026_P04_-_published.xlsx:974; Over500_2026_P04_-_published.xlsx:993; Over500_2026_P04_-_published.xlsx:2401; Over500_2026_P04_-_published.xlsx:2402; Over500_2026_P04_-_published.xlsx:2422; Over500_2026_P04_-_published.xlsx:2423; Over500_2026_P04_-_published.xlsx:2441; Over500_2026_P04_-_published.xlsx:2709; Over500_2026_P04_-_published.xlsx:3028; Over500_2026_P04_-_published.xlsx:3029; Over500_2026_P04_-_published.xlsx:3045
25000.0,ALL CARE,All-Care (GB) Ltd,2026-07-01,2026-07-30,81,85154.59,62,Adult Social Care,care_or_education_placement,False,Over500_2026_P04_-_published.xlsx:1022; Over500_2026_P04_-_published.xlsx:1023; Over500_2026_P04_-_published.xlsx:1053; Over500_2026_P04_-_published.xlsx:1054; Over500_2026_P04_-_published.xlsx:1063; Over500_2026_P04_-_published.xlsx:1064; Over500_2026_P04_-_published.xlsx:1065; Over500_2026_P04_-_published.xlsx:1147; Over500_2026_P04_-_published.xlsx:1163; Over500_2026_P04_-_published.xlsx:1164; Over500_2026_P04_-_published.xlsx:1203; Over500_2026_P04_-_published.xlsx:1242; Over500_2026_P04_-_published.xlsx:1244; Over500_2026_P04_-_published.xlsx:1699; Over500_2026_P04_-_published.xlsx:1733; Over500_2026_P04_-_published.xlsx:1753; Over500_2026_P04_-_published.xlsx:1754; Over500_2026_P04_-_published.xlsx:1802; Over500_2026_P04_-_published.xlsx:1803; Over500_2026_P04_-_published.xlsx:1804; Over500_2026_P04_-_published.xlsx:1901; Over500_2026_P04_-_published.xlsx:1975; Over500_2026_P04_-_published.xlsx:2592; Over500_2026_P04_-_published.xlsx:2612; Over500_2026_P04_-_published.xlsx:2637; Over500_2026_P04_-_published.xlsx:2646; Over500_2026_P04_-_published.xlsx:2648; Over500_2026_P04_-_published.xlsx:2658; Over500_2026_P04_-_published.xlsx:891; Over500_2026_P04_-_published.xlsx:1024; Over500_2026_P04_-_published.xlsx:1055; Over500_2026_P04_-_published.xlsx:1056; Over500_2026_P04_-_published.xlsx:1755; Over500_2026_P04_-_published.xlsx:1756; Over500_2026_P04_-_published.xlsx:1780; Over500_2026_P04_-_published.xlsx:2662; Over500_2026_P04_-_published.xlsx:3148; Over500_2026_P04_-_published.xlsx:1431; Over500_2026_P04_-_published.xlsx:1466; Over500_2026_P04_-_published.xlsx:1482; Over500_2026_P04_-_published.xlsx:1483; Over500_2026_P04_-_published.xlsx:1484; Over500_2026_P04_-_published.xlsx:1485; Over500_2026_P04_-_published.xlsx:1486; Over500_2026_P04_-_published.xlsx:1493; Over500_2026_P04_-_published.xlsx:1494; Over500_2026_P04_-_published.xlsx:1740; Over500_2026_P04_-_published.xlsx:1873; Over500_2026_P04_-_published.xlsx:1899; Over500_2026_P04_-_published.xlsx:2093; Over500_2026_P04_-_published.xlsx:2094; Over500_2026_P04_-_published.xlsx:2109; Over500_2026_P04_-_published.xlsx:2110; Over500_2026_P04_-_published.xlsx:2201; Over500_2026_P04_-_published.xlsx:2763; Over500_2026_P04_-_published.xlsx:938; Over500_2026_P04_-_published.xlsx:1589; Over500_2026_P04_-_published.xlsx:1887; Over500_2026_P04_-_published.xlsx:2278; Over500_2026_P04_-_published.xlsx:1641; Over500_2026_P04_-_published.xlsx:1650; Over500_2026_P04_-_published.xlsx:1651; Over500_2026_P04_-_published.xlsx:1652; Over500_2026_P04_-_published.xlsx:1693; Over500_2026_P04_-_published.xlsx:1694; Over500_2026_P04_-_published.xlsx:1747; Over500_2026_P04_-_published.xlsx:1775; Over500_2026_P04_-_published.xlsx:1880; Over500_2026_P04_-_published.xlsx:1900; Over500_2026_P04_-_published.xlsx:2067; Over500_2026_P04_-_published.xlsx:2103; Over500_2026_P04_-_published.xlsx:2104; Over500_2026_P04_-_published.xlsx:2122; Over500_2026_P04_-_published.xlsx:2279; Over500_2026_P04_-_published.xlsx:2378; Over500_2026_P04_-_published.xlsx:2379; Over500_2026_P04_-_published.xlsx:2380; Over500_2026_P04_-_published.xlsx:2381; Over500_2026_P04_-_published.xlsx:2382; Over500_2026_P04_-_published.xlsx:2882; Over500_2026_P04_-_published.xlsx:960
25000.0,ALMAAZ 59,ALMAAZ 59 LTD ( T/A SCHOOL TRAVEL),2026-07-08,2026-08-06,13,30221.5,13,Adult Social Care; Education & SEND,general_procurement,False,Over500_2026_P04_-_published.xlsx:156; Over500_2026_P04_-_published.xlsx:230; Over500_2026_P04_-_published.xlsx:231; Over500_2026_P04_-_published.xlsx:440; Over500_2026_P04_-_published.xlsx:442; Over500_2026_P04_-_published.xlsx:464; Over500_2026_P04_-_published.xlsx:286; Over500_2026_P04_-_published.xlsx:446; Over500_2026_P04_-_published.xlsx:172; Over500_2026_P04_-_published.xlsx:291; Over500_2026_P04_-_published.xlsx:236; Over500_2026_P04_-_published.xlsx:294; Over500_2026_P04_-_published.xlsx:344
25000.0,AM HOMECARE SERVICES,AM Homecare Services Ltd,2026-06-17,2026-07-16,3,25840.54,2,Adult Social Care,care_or_education_placement,False,Over500_2026_P03_-_published.xlsx:1135; Over500_2026_P03_-_published.xlsx:1152; Over500_2026_P04_-_published.xlsx:1525
25000.0,AMEGREEN CHILDRENS SERVICES,Amegreen Childrens Services,2026-05-28,2026-06-26,8,126158.95,7,Children's Social Care,care_or_education_placement,False,Over500_2026_P02_-_published.xlsx:2076; Over500_2026_P03_-_published.xlsx:1987; Over500_2026_P03_-_published.xlsx:1993; Over500_2026_P03_-_published.xlsx:2026; Over500_2026_P03_-_published.xlsx:3038; Over500_2026_P03_-_published.xlsx:1938; Over500_2026_P03_-_published.xlsx:3033; Over500_2026_P03_-_published.xlsx:1921
25000.0,AMS CARE WILTSHIRE,AMS Care Wiltshire Ltd,2026-06-10,2026-07-09,6,28279.44,1,Adult Social Care,care_or_education_placement,False,Over500_2026_P03_-_published.xlsx:1331; Over500_2026_P03_-_published.xlsx:851; Over500_2026_P03_-_published.xlsx:924; Over500_2026_P04_-_published.xlsx:1093; Over500_2026_P04_-_published.xlsx:1932; Over500_2026_P04_-_published.xlsx:888
25000.0,ANCHOR PIPEWORK,ANCHOR PIPEWORK LIMITED,2026-07-07,2026-08-05,21,35039.75,20,"Adult Social Care; Capital Financing and Income Investment; Children's Social Care; Community Services; Environment; Finance, Property & Procurement",general_procurement,False,Over500_2026_P04_-_published.xlsx:38; Over500_2026_P04_-_published.xlsx:39; Over500_2026_P04_-_published.xlsx:85; Over500_2026_P04_-_published.xlsx:25; Over500_2026_P04_-_published.xlsx:33; Over500_2026_P04_-_published.xlsx:743; Over500_2026_P04_-_published.xlsx:823; Over500_2026_P04_-_published.xlsx:824; Over500_2026_P04_-_published.xlsx:30; Over500_2026_P04_-_published.xlsx:55; Over500_2026_P04_-_published.xlsx:366; Over500_2026_P04_-_published.xlsx:23; Over500_2026_P04_-_published.xlsx:40; Over500_2026_P04_-_published.xlsx:37; Over500_2026_P04_-_published.xlsx:47; Over500_2026_P04_-_published.xlsx:63; Over500_2026_P04_-_published.xlsx:71; Over500_2026_P04_-_published.xlsx:32; Over500_2026_P04_-_published.xlsx:64; Over500_2026_P04_-_published.xlsx:367; Over500_2026_P04_-_published.xlsx:378
25000.0,APEX PRIME CARE,Apex Prime Care Ltd,2026-05-20,2026-06-18,19,30095.07,17,Adult Social Care,care_or_education_placement,False,Over500_2026_P02_-_published.xlsx:1307; Over500_2026_P02_-_published.xlsx:1308; Over500_2026_P02_-_published.xlsx:1309; Over500_2026_P02_-_published.xlsx:1310; Over500_2026_P02_-_published.xlsx:1311; Over500_2026_P02_-_published.xlsx:1312; Over500_2026_P02_-_published.xlsx:2003; Over500_2026_P02_-_published.xlsx:1315; Over500_2026_P02_-_published.xlsx:1316; Over500_2026_P02_-_published.xlsx:1317; Over500_2026_P02_-_published.xlsx:1319; Over500_2026_P02_-_published.xlsx:1361; Over500_2026_P03_-_published.xlsx:1079; Over500_2026_P03_-_published.xlsx:1080; Over500_2026_P03_-_published.xlsx:1081; Over500_2026_P03_-_published.xlsx:1114; Over500_2026_P03_-_published.xlsx:1119; Over500_2026_P03_-_published.xlsx:1120; Over500_2026_P03_-_published.xlsx:1967
25000.0,ARCH FUTURES,Arch Futures,2026-07-29,2026-08-27,3,55898.88,2,Adult Social Care,care_or_education_placement,False,Over500_2026_P04_-_published.xlsx:2483; Over500_2026_P04_-_published.xlsx:2512; Over500_2026_P04_-_published.xlsx:2572
25000.0,ARDENT,ARDENT,2026-05-20,2026-06-18,6,54630.0,6,Environment,general_procurement,False,Over500_2026_P02_-_published.xlsx:2189; Over500_2026_P02_-_published.xlsx:2190; Over500_2026_P02_-_published.xlsx:2191; Over500_2026_P02_-_published.xlsx:2192; Over500_2026_P02_-_published.xlsx:761; Over500_2026_P03_-_published.xlsx:696
25000.0,ASTON NURSING SERVICES,Aston Nursing Services LTD,2026-05-06,2026-06-04,21,26558.67,17,Children's Social Care,care_or_education_placement,False,Over500_2026_P02_-_published.xlsx:859; Over500_2026_P02_-_published.xlsx:860; Over500_2026_P02_-_published.xlsx:861; Over500_2026_P02_-_published.xlsx:862; Over500_2026_P02_-_published.xlsx:2067; Over500_2026_P02_-_published.xlsx:2068; Over500_2026_P02_-_published.xlsx:2069; Over500_2026_P02_-_published.xlsx:2070; Over500_2026_P02_-_published.xlsx:2071; Over500_2026_P02_-_published.xlsx:863; Over500_2026_P02_-_published.xlsx:864; Over500_2026_P02_-_published.xlsx:2072; Over500_2026_P02_-_published.xlsx:2073; Over500_2026_P02_-_published.xlsx:2074; Over500_2026_P02_-_published.xlsx:2075; Over500_2026_P03_-_published.xlsx:2024; Over500_2026_P03_-_published.xlsx:2046; Over500_2026_P03_-_published.xlsx:3031; Over500_2026_P03_-_published.xlsx:3062; Over500_2026_P03_-_published.xlsx:3063; Over500_2026_P03_-_published.xlsx:1986
25000.0,AURORA FE,Aurora FE Ltd T/A Aurora Foxes,2026-07-15,2026-08-13,4,47363.17,4,Adult Social Care; Education (DSG Funded) & Other Education Grants,care_or_education_placement,False,Over500_2026_P04_-_published.xlsx:2708; Over500_2026_P04_-_published.xlsx:3333; Over500_2026_P04_-_published.xlsx:3568; Over500_2026_P04_-_published.xlsx:3813
25000.0,BAILEYS OF NEWBURY,BAILEYS OF NEWBURY,2026-07-08,2026-08-06,13,38028.8,13,Education & SEND,general_procurement,False,Over500_2026_P04_-_published.xlsx:180; Over500_2026_P04_-_published.xlsx:252; Over500_2026_P04_-_published.xlsx:247; Over500_2026_P04_-_published.xlsx:186; Over500_2026_P04_-_published.xlsx:254; Over500_2026_P04_-_published.xlsx:187; Over500_2026_P04_-_published.xlsx:453; Over500_2026_P04_-_published.xlsx:454; Over500_2026_P04_-_published.xlsx:255; Over500_2026_P04_-_published.xlsx:256; Over500_2026_P04_-_published.xlsx:306; Over500_2026_P04_-_published.xlsx:307; Over500_2026_P04_-_published.xlsx:458
25000.0,BEANSHEAF COMMUNITY PRE SCHOO,BEANSHEAF COMMUNITY PRE-SCHOO,2026-06-17,2026-07-16,2,25705.36,2,Education (DSG Funded) & Other Education Grants,grant,False,Over500_2026_P03_-_published.xlsx:2074; Over500_2026_P04_-_published.xlsx:1261
25000.0,BERKSHIRE MECHANICAL SERVICES,BERKSHIRE MECHANICAL SERVICES,2026-05-12,2026-06-10,13,31550.0,11,Development & Housing,general_procurement,False,Over500_2026_P02_-_published.xlsx:38; Over500_2026_P02_-_published.xlsx:39; Over500_2026_P02_-_published.xlsx:40; Over500_2026_P02_-_published.xlsx:41; Over500_2026_P02_-_published.xlsx:42; Over500_2026_P02_-_published.xlsx:453; Over500_2026_P02_-_published.xlsx:454; Over500_2026_P03_-_published.xlsx:278; Over500_2026_P03_-_published.xlsx:42; Over500_2026_P03_-_published.xlsx:50; Over500_2026_P03_-_published.xlsx:58; Over500_2026_P03_-_published.xlsx:279; Over500_2026_P03_-_published.xlsx:52
25000.0,BEST PINNACLE CARE,Best Pinnacle Care Ltd,2026-06-10,2026-07-09,23,45169.06,14,Adult Social Care,care_or_education_placement,False,Over500_2026_P03_-_published.xlsx:1095; Over500_2026_P03_-_published.xlsx:1359; Over500_2026_P03_-_published.xlsx:1603; Over500_2026_P03_-_published.xlsx:1761; Over500_2026_P03_-_published.xlsx:1762; Over500_2026_P03_-_published.xlsx:2728; Over500_2026_P03_-_published.xlsx:2729; Over500_2026_P03_-_published.xlsx:2863; Over500_2026_P03_-_published.xlsx:2911; Over500_2026_P03_-_published.xlsx:2982; Over500_2026_P03_-_published.xlsx:2983; Over500_2026_P03_-_published.xlsx:2988; Over500_2026_P03_-_published.xlsx:1189; Over500_2026_P03_-_published.xlsx:1389; Over500_2026_P03_-_published.xlsx:1769; Over500_2026_P03_-_published.xlsx:2916; Over500_2026_P03_-_published.xlsx:2917; Over500_2026_P03_-_published.xlsx:2980; Over500_2026_P03_-_published.xlsx:865; Over500_2026_P04_-_published.xlsx:1166; Over500_2026_P04_-_published.xlsx:2702; Over500_2026_P04_-_published.xlsx:2741; Over500_2026_P04_-_published.xlsx:2769
25000.0,BETTER GROUP,The Better Group Ltd,2026-05-28,2026-06-26,15,187440.02,15,Adult Social Care; Adult Social Care - Transformation Projects; Children's Social Care; Education & SEND,general_procurement,False,Over500_2026_P02_-_published.xlsx:10; Over500_2026_P02_-_published.xlsx:11; Over500_2026_P02_-_published.xlsx:9; Over500_2026_P03_-_published.xlsx:13; Over500_2026_P03_-_published.xlsx:16; Over500_2026_P03_-_published.xlsx:19; Over500_2026_P03_-_published.xlsx:20; Over500_2026_P03_-_published.xlsx:2396; Over500_2026_P03_-_published.xlsx:2397; Over500_2026_P03_-_published.xlsx:26; Over500_2026_P03_-_published.xlsx:379; Over500_2026_P03_-_published.xlsx:394; Over500_2026_P03_-_published.xlsx:395; Over500_2026_P03_-_published.xlsx:15; Over500_2026_P03_-_published.xlsx:27
25000.0,BLEEP 360 CARE,Bleep 360 Care Limited,2026-05-06,2026-06-04,5,95431.35,4,Adult Social Care,care_or_education_placement,False,Over500_2026_P02_-_published.xlsx:1714; Over500_2026_P02_-_published.xlsx:1715; Over500_2026_P02_-_published.xlsx:1890; Over500_2026_P02_-_published.xlsx:1789; Over500_2026_P02_-_published.xlsx:1790
25000.0,BLOOMFIELD CARE,Bloomfield Care Ltd,2026-07-01,2026-07-30,18,38326.28,16,Adult Social Care,care_or_education_placement,False,Over500_2026_P04_-_published.xlsx:1198; Over500_2026_P04_-_published.xlsx:1859; Over500_2026_P04_-_published.xlsx:1348; Over500_2026_P04_-_published.xlsx:1440; Over500_2026_P04_-_published.xlsx:1454; Over500_2026_P04_-_published.xlsx:1794; Over500_2026_P04_-_published.xlsx:2083; Over500_2026_P04_-_published.xlsx:2095; Over500_2026_P04_-_published.xlsx:1534; Over500_2026_P04_-_published.xlsx:1874; Over500_2026_P04_-_published.xlsx:2273; Over500_2026_P04_-_published.xlsx:2526; Over500_2026_P04_-_published.xlsx:1537; Over500_2026_P04_-_published.xlsx:1625; Over500_2026_P04_-_published.xlsx:1875; Over500_2026_P04_-_published.xlsx:1876; Over500_2026_P04_-_published.xlsx:2280; Over500_2026_P04_-_published.xlsx:2281
25000.0,BOLINDA,Bolinda UK Ltd,2026-05-01,2026-05-30,5,45000.0,5,Community Services,general_procurement,False,Over500_2026_P02_-_published.xlsx:677; Over500_2026_P02_-_published.xlsx:678; Over500_2026_P02_-_published.xlsx:679; Over500_2026_P02_-_published.xlsx:680; Over500_2026_P02_-_published.xlsx:648
25000.0,BRAMLEY CARE,Bramley Care Ltd,2026-07-01,2026-07-30,2,31680.0,2,Children's Social Care,care_or_education_placement,False,Over500_2026_P04_-_published.xlsx:3075; Over500_2026_P04_-_published.xlsx:3155
25000.0,BRIGHTER LIVING CARE,Brighter Living Care Ltd,2026-07-01,2026-07-30,37,263049.18,20,Adult Social Care,care_or_education_placement,False,Over500_2026_P04_-_published.xlsx:2229; Over500_2026_P04_-_published.xlsx:2234; Over500_2026_P04_-_published.xlsx:2260; Over500_2026_P04_-_published.xlsx:2261; Over500_2026_P04_-_published.xlsx:2265; Over500_2026_P04_-_published.xlsx:2266; Over500_2026_P04_-_published.xlsx:2335; Over500_2026_P04_-_published.xlsx:2336; Over500_2026_P04_-_published.xlsx:2755; Over500_2026_P04_-_published.xlsx:2778; Over500_2026_P04_-_published.xlsx:2780; Over500_2026_P04_-_published.xlsx:2781; Over500_2026_P04_-_published.xlsx:2966; Over500_2026_P04_-_published.xlsx:2967; Over500_2026_P04_-_published.xlsx:2968; Over500_2026_P04_-_published.xlsx:2969; Over500_2026_P04_-_published.xlsx:2473; Over500_2026_P04_-_published.xlsx:2513; Over500_2026_P04_-_published.xlsx:2545; Over500_2026_P04_-_published.xlsx:2546; Over500_2026_P04_-_published.xlsx:2564; Over500_2026_P04_-_published.xlsx:2565; Over500_2026_P04_-_published.xlsx:2566; Over500_2026_P04_-_published.xlsx:2567; Over500_2026_P04_-_published.xlsx:2571; Over500_2026_P04_-_published.xlsx:2631; Over500_2026_P04_-_published.xlsx:2635; Over500_2026_P04_-_published.xlsx:2865; Over500_2026_P04_-_published.xlsx:2883; Over500_2026_P04_-_published.xlsx:2902; Over500_2026_P04_-_published.xlsx:2959; Over500_2026_P04_-_published.xlsx:3360; Over500_2026_P04_-_published.xlsx:3472; Over500_2026_P04_-_published.xlsx:3474; Over500_2026_P04_-_published.xlsx:3475; Over500_2026_P04_-_published.xlsx:3695; Over500_2026_P04_-_published.xlsx:3696
25000.0,BROADMEAD RESTHOME,BROADMEAD RESTHOME LTD,2026-07-08,2026-08-06,12,105398.94,11,Adult Social Care,care_or_education_placement,False,Over500_2026_P04_-_published.xlsx:1101; Over500_2026_P04_-_published.xlsx:1842; Over500_2026_P04_-_published.xlsx:1843; Over500_2026_P04_-_published.xlsx:1903; Over500_2026_P04_-_published.xlsx:1919; Over500_2026_P04_-_published.xlsx:1998; Over500_2026_P04_-_published.xlsx:2673; Over500_2026_P04_-_published.xlsx:2870; Over500_2026_P04_-_published.xlsx:2887; Over500_2026_P04_-_published.xlsx:2910; Over500_2026_P04_-_published.xlsx:3004; Over500_2026_P04_-_published.xlsx:3702
25000.0,BROADWAY CARS,BROADWAY CARS,2026-05-12,2026-06-10,30,76612.74,22,Education & SEND,general_procurement,False,Over500_2026_P02_-_published.xlsx:240; Over500_2026_P02_-_published.xlsx:288; Over500_2026_P02_-_published.xlsx:364; Over500_2026_P02_-_published.xlsx:367; Over500_2026_P02_-_published.xlsx:368; Over500_2026_P02_-_published.xlsx:369; Over500_2026_P02_-_published.xlsx:371; Over500_2026_P02_-_published.xlsx:372; Over500_2026_P02_-_published.xlsx:245; Over500_2026_P02_-_published.xlsx:297; Over500_2026_P02_-_published.xlsx:314; Over500_2026_P02_-_published.xlsx:391; Over500_2026_P02_-_published.xlsx:394; Over500_2026_P02_-_published.xlsx:395; Over500_2026_P02_-_published.xlsx:396; Over500_2026_P02_-_published.xlsx:403; Over500_2026_P02_-_published.xlsx:404; Over500_2026_P02_-_published.xlsx:249; Over500_2026_P02_-_published.xlsx:250; Over500_2026_P02_-_published.xlsx:292; Over500_2026_P02_-_published.xlsx:299; Over500_2026_P02_-_published.xlsx:326; Over500_2026_P02_-_published.xlsx:410; Over500_2026_P02_-_published.xlsx:411; Over500_2026_P02_-_published.xlsx:412; Over500_2026_P02_-_published.xlsx:414; Over500_2026_P02_-_published.xlsx:415; Over500_2026_P02_-_published.xlsx:416; Over500_2026_P02_-_published.xlsx:418; Over500_2026_P02_-_published.xlsx:419
25000.0,BUCKINGHAMSHIRE COLLEGE GROUP IS A TRADING NAME OF AYLESBURY COLLEGE,Buckinghamshire College Group is a trading name of Aylesbury College,2026-07-02,2026-07-31,6,40031.79,5,Education (DSG Funded) & Other Education Grants,care_or_education_placement,False,Over500_2026_P04_-_published.xlsx:3251; Over500_2026_P04_-_published.xlsx:3285; Over500_2026_P04_-_published.xlsx:3286; Over500_2026_P04_-_published.xlsx:3331; Over500_2026_P04_-_published.xlsx:3810; Over500_2026_P04_-_published.xlsx:3811
25000.0,BUPA CARE SERVICES,BUPA Care Services,2026-06-10,2026-07-09,248,1259714.57,72,Adult Social Care,care_or_education_placement,False,Over500_2026_P03_-_published.xlsx:1003; Over500_2026_P03_-_published.xlsx:1005; Over500_2026_P03_-_published.xlsx:1006; Over500_2026_P03_-_published.xlsx:1011; Over500_2026_P03_-_published.xlsx:1012; Over500_2026_P03_-_published.xlsx:1027; Over500_2026_P03_-_published.xlsx:1028; Over500_2026_P03_-_published.xlsx:1312; Over500_2026_P03_-_published.xlsx:1323; Over500_2026_P03_-_published.xlsx:1324; Over500_2026_P03_-_published.xlsx:1325; Over500_2026_P03_-_published.xlsx:1326; Over500_2026_P03_-_published.xlsx:1327; Over500_2026_P03_-_published.xlsx:1328; Over500_2026_P03_-_published.xlsx:1329; Over500_2026_P03_-_published.xlsx:1330; Over500_2026_P03_-_published.xlsx:1336; Over500_2026_P03_-_published.xlsx:1342; Over500_2026_P03_-_published.xlsx:1343; Over500_2026_P03_-_published.xlsx:1344; Over500_2026_P03_-_published.xlsx:1345; Over500_2026_P03_-_published.xlsx:1346; Over500_2026_P03_-_published.xlsx:1371; Over500_2026_P03_-_published.xlsx:1372; Over500_2026_P03_-_published.xlsx:1377; Over500_2026_P03_-_published.xlsx:1378; Over500_2026_P03_-_published.xlsx:1379; Over500_2026_P03_-_published.xlsx:1380; Over500_2026_P03_-_published.xlsx:1412; Over500_2026_P03_-_published.xlsx:1413; Over500_2026_P03_-_published.xlsx:1414; Over500_2026_P03_-_published.xlsx:1460; Over500_2026_P03_-_published.xlsx:1470; Over500_2026_P03_-_published.xlsx:1477; Over500_2026_P03_-_published.xlsx:1485; Over500_2026_P03_-_published.xlsx:1486; Over500_2026_P03_-_published.xlsx:1487; Over500_2026_P03_-_published.xlsx:1759; Over500_2026_P03_-_published.xlsx:1822; Over500_2026_P03_-_published.xlsx:2690; Over500_2026_P03_-_published.xlsx:2691; Over500_2026_P03_-_published.xlsx:2700; Over500_2026_P03_-_published.xlsx:2701; Over500_2026_P03_-_published.xlsx:2702; Over500_2026_P03_-_published.xlsx:2703; Over500_2026_P03_-_published.xlsx:2709; Over500_2026_P03_-_published.xlsx:2710; Over500_2026_P03_-_published.xlsx:2716; Over500_2026_P03_-_published.xlsx:2825; Over500_2026_P03_-_published.xlsx:2831; Over500_2026_P03_-_published.xlsx:2832; Over500_2026_P03_-_published.xlsx:2833; Over500_2026_P03_-_published.xlsx:2834; Over500_2026_P03_-_published.xlsx:2844; Over500_2026_P03_-_published.xlsx:2849; Over500_2026_P03_-_published.xlsx:2850; Over500_2026_P03_-_published.xlsx:2851; Over500_2026_P03_-_published.xlsx:2890; Over500_2026_P03_-_published.xlsx:3020; Over500_2026_P03_-_published.xlsx:3023; Over500_2026_P03_-_published.xlsx:837; Over500_2026_P03_-_published.xlsx:852; Over500_2026_P03_-_published.xlsx:871; Over500_2026_P03_-_published.xlsx:872; Over500_2026_P03_-_published.xlsx:893; Over500_2026_P03_-_published.xlsx:894; Over500_2026_P03_-_published.xlsx:895; Over500_2026_P03_-_published.xlsx:896; Over500_2026_P03_-_published.xlsx:897; Over500_2026_P03_-_published.xlsx:898; Over500_2026_P03_-_published.xlsx:903; Over500_2026_P03_-_published.xlsx:904; Over500_2026_P03_-_published.xlsx:919; Over500_2026_P03_-_published.xlsx:920; Over500_2026_P03_-_published.xlsx:921; Over500_2026_P03_-_published.xlsx:922; Over500_2026_P03_-_published.xlsx:923; Over500_2026_P03_-_published.xlsx:940; Over500_2026_P03_-_published.xlsx:941; Over500_2026_P03_-_published.xlsx:942; Over500_2026_P03_-_published.xlsx:943; Over500_2026_P03_-_published.xlsx:944; Over500_2026_P03_-_published.xlsx:945; Over500_2026_P03_-_published.xlsx:946; Over500_2026_P03_-_published.xlsx:947; Over500_2026_P03_-_published.xlsx:953; Over500_2026_P03_-_published.xlsx:954; Over500_2026_P03_-_published.xlsx:960; Over500_2026_P03_-_published.xlsx:961; Over500_2026_P03_-_published.xlsx:962; Over500_2026_P03_-_published.xlsx:975; Over500_2026_P03_-_published.xlsx:976; Over500_2026_P03_-_published.xlsx:977; Over500_2026_P03_-_published.xlsx:980; Over500_2026_P03_-_published.xlsx:981; Over500_2026_P03_-_published.xlsx:987; Over500_2026_P04_-_published.xlsx:1028; Over500_2026_P04_-_published.xlsx:1029; Over500_2026_P04_-_published.xlsx:1030; Over500_2026_P04_-_published.xlsx:1031; Over500_2026_P04_-_published.xlsx:1051; Over500_2026_P04_-_published.xlsx:1067; Over500_2026_P04_-_published.xlsx:1068; Over500_2026_P04_-_published.xlsx:1069; Over500_2026_P04_-_published.xlsx:1075; Over500_2026_P04_-_published.xlsx:1076; Over500_2026_P04_-_published.xlsx:1077; Over500_2026_P04_-_published.xlsx:1078; Over500_2026_P04_-_published.xlsx:1079; Over500_2026_P04_-_published.xlsx:1080; Over500_2026_P04_-_published.xlsx:1100; Over500_2026_P04_-_published.xlsx:1132; Over500_2026_P04_-_published.xlsx:1133; Over500_2026_P04_-_published.xlsx:1151; Over500_2026_P04_-_published.xlsx:1817; Over500_2026_P04_-_published.xlsx:1841; Over500_2026_P04_-_published.xlsx:1889; Over500_2026_P04_-_published.xlsx:1925; Over500_2026_P04_-_published.xlsx:1944; Over500_2026_P04_-_published.xlsx:2770; Over500_2026_P04_-_published.xlsx:2869; Over500_2026_P04_-_published.xlsx:1032; Over500_2026_P04_-_published.xlsx:1033; Over500_2026_P04_-_published.xlsx:1034; Over500_2026_P04_-_published.xlsx:1035; Over500_2026_P04_-_published.xlsx:1036; Over500_2026_P04_-_published.xlsx:1037; Over500_2026_P04_-_published.xlsx:1038; Over500_2026_P04_-_published.xlsx:1039; Over500_2026_P04_-_published.xlsx:1040; Over500_2026_P04_-_published.xlsx:1041; Over500_2026_P04_-_published.xlsx:1042; Over500_2026_P04_-_published.xlsx:1043; Over500_2026_P04_-_published.xlsx:1070; Over500_2026_P04_-_published.xlsx:1071; Over500_2026_P04_-_published.xlsx:1072; Over500_2026_P04_-_published.xlsx:1073; Over500_2026_P04_-_published.xlsx:1081; Over500_2026_P04_-_published.xlsx:1082; Over500_2026_P04_-_published.xlsx:1083; Over500_2026_P04_-_published.xlsx:1084; Over500_2026_P04_-_published.xlsx:1085; Over500_2026_P04_-_published.xlsx:1086; Over500_2026_P04_-_published.xlsx:1087; Over500_2026_P04_-_published.xlsx:1088; Over500_2026_P04_-_published.xlsx:1089; Over500_2026_P04_-_published.xlsx:1090; Over500_2026_P04_-_published.xlsx:1091; Over500_2026_P04_-_published.xlsx:1103; Over500_2026_P04_-_published.xlsx:1104; Over500_2026_P04_-_published.xlsx:1105; Over500_2026_P04_-_published.xlsx:1106; Over500_2026_P04_-_published.xlsx:1107; Over500_2026_P04_-_published.xlsx:1115; Over500_2026_P04_-_published.xlsx:1116; Over500_2026_P04_-_published.xlsx:1117; Over500_2026_P04_-_published.xlsx:1118; Over500_2026_P04_-_published.xlsx:1119; Over500_2026_P04_-_published.xlsx:1120; Over500_2026_P04_-_published.xlsx:1135; Over500_2026_P04_-_published.xlsx:1136; Over500_2026_P04_-_published.xlsx:1137; Over500_2026_P04_-_published.xlsx:1153; Over500_2026_P04_-_published.xlsx:1154; Over500_2026_P04_-_published.xlsx:1155; Over500_2026_P04_-_published.xlsx:1156; Over500_2026_P04_-_published.xlsx:1157; Over500_2026_P04_-_published.xlsx:1158; Over500_2026_P04_-_published.xlsx:1563; Over500_2026_P04_-_published.xlsx:1565; Over500_2026_P04_-_published.xlsx:1791; Over500_2026_P04_-_published.xlsx:1792; Over500_2026_P04_-_published.xlsx:1813; Over500_2026_P04_-_published.xlsx:1814; Over500_2026_P04_-_published.xlsx:1818; Over500_2026_P04_-_published.xlsx:1819; Over500_2026_P04_-_published.xlsx:1820; Over500_2026_P04_-_published.xlsx:1821; Over500_2026_P04_-_published.xlsx:1822; Over500_2026_P04_-_published.xlsx:1823; Over500_2026_P04_-_published.xlsx:1824; Over500_2026_P04_-_published.xlsx:1825; Over500_2026_P04_-_published.xlsx:1826; Over500_2026_P04_-_published.xlsx:1827; Over500_2026_P04_-_published.xlsx:1828; Over500_2026_P04_-_published.xlsx:1829; Over500_2026_P04_-_published.xlsx:1830; Over500_2026_P04_-_published.xlsx:1831; Over500_2026_P04_-_published.xlsx:1845; Over500_2026_P04_-_published.xlsx:1846; Over500_2026_P04_-_published.xlsx:1847; Over500_2026_P04_-_published.xlsx:1848; Over500_2026_P04_-_published.xlsx:1849; Over500_2026_P04_-_published.xlsx:1850; Over500_2026_P04_-_published.xlsx:1871; Over500_2026_P04_-_published.xlsx:1881; Over500_2026_P04_-_published.xlsx:1890; Over500_2026_P04_-_published.xlsx:1891; Over500_2026_P04_-_published.xlsx:1892; Over500_2026_P04_-_published.xlsx:1893; Over500_2026_P04_-_published.xlsx:1894; Over500_2026_P04_-_published.xlsx:1895; Over500_2026_P04_-_published.xlsx:1896; Over500_2026_P04_-_published.xlsx:1904; Over500_2026_P04_-_published.xlsx:1905; Over500_2026_P04_-_published.xlsx:1906; Over500_2026_P04_-_published.xlsx:1907; Over500_2026_P04_-_published.xlsx:1908; Over500_2026_P04_-_published.xlsx:1922; Over500_2026_P04_-_published.xlsx:1923; Over500_2026_P04_-_published.xlsx:1924; Over500_2026_P04_-_published.xlsx:1926; Over500_2026_P04_-_published.xlsx:1927; Over500_2026_P04_-_published.xlsx:1928; Over500_2026_P04_-_published.xlsx:1929; Over500_2026_P04_-_published.xlsx:1930; Over500_2026_P04_-_published.xlsx:1931; Over500_2026_P04_-_published.xlsx:1948; Over500_2026_P04_-_published.xlsx:1949; Over500_2026_P04_-_published.xlsx:1950; Over500_2026_P04_-_published.xlsx:1951; Over500_2026_P04_-_published.xlsx:1952; Over500_2026_P04_-_published.xlsx:1963; Over500_2026_P04_-_published.xlsx:2003; Over500_2026_P04_-_published.xlsx:2004; Over500_2026_P04_-_published.xlsx:2005; Over500_2026_P04_-_published.xlsx:2006; Over500_2026_P04_-_published.xlsx:2131; Over500_2026_P04_-_published.xlsx:2178; Over500_2026_P04_-_published.xlsx:2656; Over500_2026_P04_-_published.xlsx:2664; Over500_2026_P04_-_published.xlsx:2665; Over500_2026_P04_-_published.xlsx:2666; Over500_2026_P04_-_published.xlsx:2676; Over500_2026_P04_-_published.xlsx:2677; Over500_2026_P04_-_published.xlsx:2678; Over500_2026_P04_-_published.xlsx:2717; Over500_2026_P04_-_published.xlsx:2884; Over500_2026_P04_-_published.xlsx:2908; Over500_2026_P04_-_published.xlsx:2931; Over500_2026_P04_-_published.xlsx:2932; Over500_2026_P04_-_published.xlsx:3006; Over500_2026_P04_-_published.xlsx:3699; Over500_2026_P04_-_published.xlsx:3704; Over500_2026_P04_-_published.xlsx:724; Over500_2026_P04_-_published.xlsx:887; Over500_2026_P04_-_published.xlsx:916; Over500_2026_P04_-_published.xlsx:927
25000.0,CAMBIAN AUTISM SERVICES,CAMBIAN AUTISM SERVICES LIMITED,2026-06-25,2026-07-24,6,63669.68,6,Children's Social Care; Education (DSG Funded) & Other Education Grants,care_or_education_placement,False,Over500_2026_P03_-_published.xlsx:2231; Over500_2026_P03_-_published.xlsx:3065; Over500_2026_P03_-_published.xlsx:3119; Over500_2026_P04_-_published.xlsx:3136; Over500_2026_P04_-_published.xlsx:3770; Over500_2026_P04_-_published.xlsx:3284
25000.0,CAMBIAN SIGN POST,Cambian Sign Post Ltd,2026-06-10,2026-07-09,4,74552.72,2,Adult Social Care,care_or_education_placement,False,Over500_2026_P03_-_published.xlsx:1320; Over500_2026_P03_-_published.xlsx:1437; Over500_2026_P04_-_published.xlsx:1885; Over500_2026_P04_-_published.xlsx:2137
25000.0,CANARY CARE SERVICES,Canary Care Services Ltd,2026-06-17,2026-07-16,15,70984.96,6,Adult Social Care,care_or_education_placement,False,Over500_2026_P03_-_published.xlsx:1173; Over500_2026_P03_-_published.xlsx:1155; Over500_2026_P03_-_published.xlsx:1182; Over500_2026_P03_-_published.xlsx:1235; Over500_2026_P03_-_published.xlsx:1387; Over500_2026_P03_-_published.xlsx:1388; Over500_2026_P03_-_published.xlsx:1455; Over500_2026_P03_-_published.xlsx:2809; Over500_2026_P04_-_published.xlsx:1349; Over500_2026_P04_-_published.xlsx:1350; Over500_2026_P04_-_published.xlsx:1456; Over500_2026_P04_-_published.xlsx:1991; Over500_2026_P04_-_published.xlsx:2022; Over500_2026_P04_-_published.xlsx:2084; Over500_2026_P04_-_published.xlsx:2808
25000.0,CARE COMMUNITY PARTNERSHIPS,CARE UK Community Partnerships Ltd,2026-06-10,2026-07-09,39,210870.55,24,Adult Social Care,care_or_education_placement,False,Over500_2026_P03_-_published.xlsx:1019; Over500_2026_P03_-_published.xlsx:1309; Over500_2026_P03_-_published.xlsx:1339; Over500_2026_P03_-_published.xlsx:1340; Over500_2026_P03_-_published.xlsx:1366; Over500_2026_P03_-_published.xlsx:1407; Over500_2026_P03_-_published.xlsx:1408; Over500_2026_P03_-_published.xlsx:1409; Over500_2026_P03_-_published.xlsx:1481; Over500_2026_P03_-_published.xlsx:1482; Over500_2026_P03_-_published.xlsx:1483; Over500_2026_P03_-_published.xlsx:1912; Over500_2026_P03_-_published.xlsx:1973; Over500_2026_P03_-_published.xlsx:1974; Over500_2026_P03_-_published.xlsx:1976; Over500_2026_P03_-_published.xlsx:2715; Over500_2026_P03_-_published.xlsx:2823; Over500_2026_P03_-_published.xlsx:2827; Over500_2026_P03_-_published.xlsx:2846; Over500_2026_P03_-_published.xlsx:2847; Over500_2026_P03_-_published.xlsx:907; Over500_2026_P03_-_published.xlsx:952; Over500_2026_P04_-_published.xlsx:1102; Over500_2026_P04_-_published.xlsx:1134; Over500_2026_P04_-_published.xlsx:1152; Over500_2026_P04_-_published.xlsx:1790; Over500_2026_P04_-_published.xlsx:1844; Over500_2026_P04_-_published.xlsx:1920; Over500_2026_P04_-_published.xlsx:1921; Over500_2026_P04_-_published.xlsx:1945; Over500_2026_P04_-_published.xlsx:1946; Over500_2026_P04_-_published.xlsx:1947; Over500_2026_P04_-_published.xlsx:1999; Over500_2026_P04_-_published.xlsx:2000; Over500_2026_P04_-_published.xlsx:2001; Over500_2026_P04_-_published.xlsx:2002; Over500_2026_P04_-_published.xlsx:2674; Over500_2026_P04_-_published.xlsx:2675; Over500_2026_P04_-_published.xlsx:3005
25000.0,CARE OUTLOOK,Care Outlook Ltd,2026-06-10,2026-07-09,64,100057.2,45,Adult Social Care,care_or_education_placement,False,Over500_2026_P03_-_published.xlsx:1763; Over500_2026_P03_-_published.xlsx:1269; Over500_2026_P03_-_published.xlsx:1291; Over500_2026_P03_-_published.xlsx:1584; Over500_2026_P03_-_published.xlsx:2886; Over500_2026_P03_-_published.xlsx:1293; Over500_2026_P03_-_published.xlsx:1294; Over500_2026_P03_-_published.xlsx:1295; Over500_2026_P03_-_published.xlsx:1297; Over500_2026_P03_-_published.xlsx:1298; Over500_2026_P03_-_published.xlsx:1299; Over500_2026_P03_-_published.xlsx:1300; Over500_2026_P03_-_published.xlsx:1301; Over500_2026_P03_-_published.xlsx:1314; Over500_2026_P03_-_published.xlsx:1321; Over500_2026_P03_-_published.xlsx:1370; Over500_2026_P03_-_published.xlsx:1458; Over500_2026_P03_-_published.xlsx:2698; Over500_2026_P03_-_published.xlsx:2811; Over500_2026_P03_-_published.xlsx:2812; Over500_2026_P03_-_published.xlsx:2813; Over500_2026_P03_-_published.xlsx:2814; Over500_2026_P03_-_published.xlsx:2815; Over500_2026_P03_-_published.xlsx:2816; Over500_2026_P03_-_published.xlsx:2817; Over500_2026_P03_-_published.xlsx:2887; Over500_2026_P03_-_published.xlsx:2888; Over500_2026_P03_-_published.xlsx:2979; Over500_2026_P03_-_published.xlsx:888; Over500_2026_P03_-_published.xlsx:933; Over500_2026_P03_-_published.xlsx:934; Over500_2026_P04_-_published.xlsx:1700; Over500_2026_P04_-_published.xlsx:1701; Over500_2026_P04_-_published.xlsx:1702; Over500_2026_P04_-_published.xlsx:1703; Over500_2026_P04_-_published.xlsx:1720; Over500_2026_P04_-_published.xlsx:1721; Over500_2026_P04_-_published.xlsx:1722; Over500_2026_P04_-_published.xlsx:1723; Over500_2026_P04_-_published.xlsx:1724; Over500_2026_P04_-_published.xlsx:1734; Over500_2026_P04_-_published.xlsx:1735; Over500_2026_P04_-_published.xlsx:1736; Over500_2026_P04_-_published.xlsx:1737; Over500_2026_P04_-_published.xlsx:1738; Over500_2026_P04_-_published.xlsx:1750; Over500_2026_P04_-_published.xlsx:1878; Over500_2026_P04_-_published.xlsx:2072; Over500_2026_P04_-_published.xlsx:2124; Over500_2026_P04_-_published.xlsx:2125; Over500_2026_P04_-_published.xlsx:2126; Over500_2026_P04_-_published.xlsx:2296; Over500_2026_P04_-_published.xlsx:2519; Over500_2026_P04_-_published.xlsx:2520; Over500_2026_P04_-_published.xlsx:2659; Over500_2026_P04_-_published.xlsx:973; Over500_2026_P04_-_published.xlsx:992; Over500_2026_P04_-_published.xlsx:998; Over500_2026_P04_-_published.xlsx:1704; Over500_2026_P04_-_published.xlsx:1739; Over500_2026_P04_-_published.xlsx:1757; Over500_2026_P04_-_published.xlsx:1760; Over500_2026_P04_-_published.xlsx:1761; Over500_2026_P04_-_published.xlsx:2703
25000.0,CARE SERVICES TO YOU,Care Services To You,2026-05-26,2026-06-24,5,119948.85,1,Children's Social Care,care_or_education_placement,False,Over500_2026_P02_-_published.xlsx:2096; Over500_2026_P03_-_published.xlsx:2004; Over500_2026_P03_-_published.xlsx:1931; Over500_2026_P03_-_published.xlsx:2008; Over500_2026_P03_-_published.xlsx:3044
25000.0,CAREMARK,Caremark (West Berkshire & Reading),2026-06-10,2026-07-09,14,28905.8,9,Adult Social Care,care_or_education_placement,False,Over500_2026_P03_-_published.xlsx:1048; Over500_2026_P03_-_published.xlsx:1049; Over500_2026_P03_-_published.xlsx:1082; Over500_2026_P03_-_published.xlsx:2754; Over500_2026_P03_-_published.xlsx:1240; Over500_2026_P03_-_published.xlsx:1241; Over500_2026_P03_-_published.xlsx:2799; Over500_2026_P03_-_published.xlsx:2800; Over500_2026_P03_-_published.xlsx:2881; Over500_2026_P04_-_published.xlsx:1314; Over500_2026_P04_-_published.xlsx:1361; Over500_2026_P04_-_published.xlsx:2026; Over500_2026_P04_-_published.xlsx:2045; Over500_2026_P04_-_published.xlsx:2046
25000.0,CARETECH COMMUNITY SERVICES L,CARETECH COMMUNITY SERVICES L,2026-06-24,2026-07-23,9,45788.08,8,Adult Social Care,care_or_education_placement,False,Over500_2026_P03_-_published.xlsx:1585; Over500_2026_P03_-_published.xlsx:1601; Over500_2026_P03_-_published.xlsx:2909; Over500_2026_P04_-_published.xlsx:2172; Over500_2026_P04_-_published.xlsx:2195; Over500_2026_P04_-_published.xlsx:2145; Over500_2026_P04_-_published.xlsx:2397; Over500_2026_P04_-_published.xlsx:2407; Over500_2026_P04_-_published.xlsx:3031
25000.0,CASTLE WATER,CASTLE WATER LIMITED,2026-06-10,2026-07-09,4,25447.7,4,Adult Social Care; Development & Housing,premises_non_procurement,False,Over500_2026_P03_-_published.xlsx:117; Over500_2026_P03_-_published.xlsx:304; Over500_2026_P03_-_published.xlsx:116; Over500_2026_P03_-_published.xlsx:129
25000.0,CEDAR HOPE CARE SERVICES,Cedar Hope Care Services Ltd,2026-05-20,2026-06-18,15,99966.16,15,Adult Social Care; Children's Social Care,care_or_education_placement,False,Over500_2026_P02_-_published.xlsx:1761; Over500_2026_P02_-_published.xlsx:2146; Over500_2026_P02_-_published.xlsx:1783; Over500_2026_P02_-_published.xlsx:1784; Over500_2026_P02_-_published.xlsx:1785; Over500_2026_P02_-_published.xlsx:1786; Over500_2026_P02_-_published.xlsx:1787; Over500_2026_P02_-_published.xlsx:1826; Over500_2026_P02_-_published.xlsx:1827; Over500_2026_P02_-_published.xlsx:1828; Over500_2026_P02_-_published.xlsx:1829; Over500_2026_P03_-_published.xlsx:1988; Over500_2026_P03_-_published.xlsx:1994; Over500_2026_P03_-_published.xlsx:1995; Over500_2026_P03_-_published.xlsx:1925
25000.0,CHILMINGTON HOMES,Chilmington Homes Ltd,2026-06-10,2026-07-09,4,30634.4,2,Adult Social Care,care_or_education_placement,False,Over500_2026_P03_-_published.xlsx:1575; Over500_2026_P03_-_published.xlsx:1826; Over500_2026_P04_-_published.xlsx:2945; Over500_2026_P04_-_published.xlsx:3578
25000.0,CHILTERN WAY ACADEMY,CHILTERN WAY ACADEMY,2026-06-30,2026-07-29,22,46562.36,5,Education (DSG Funded) & Other Education Grants,care_or_education_placement,False,Over500_2026_P03_-_published.xlsx:2151; Over500_2026_P03_-_published.xlsx:2152; Over500_2026_P03_-_published.xlsx:2153; Over500_2026_P03_-_published.xlsx:2181; Over500_2026_P03_-_published.xlsx:2221; Over500_2026_P03_-_published.xlsx:2222; Over500_2026_P03_-_published.xlsx:2223; Over500_2026_P03_-_published.xlsx:2224; Over500_2026_P03_-_published.xlsx:2225; Over500_2026_P03_-_published.xlsx:3093; Over500_2026_P03_-_published.xlsx:3094; Over500_2026_P03_-_published.xlsx:3095; Over500_2026_P03_-_published.xlsx:3096; Over500_2026_P03_-_published.xlsx:3097; Over500_2026_P04_-_published.xlsx:3202; Over500_2026_P04_-_published.xlsx:3271; Over500_2026_P04_-_published.xlsx:3272; Over500_2026_P04_-_published.xlsx:3273; Over500_2026_P04_-_published.xlsx:3313; Over500_2026_P04_-_published.xlsx:3795; Over500_2026_P04_-_published.xlsx:3796; Over500_2026_P04_-_published.xlsx:3797
25000.0,CHOICE,Choice LTD,2026-06-10,2026-07-09,12,123821.12,6,Adult Social Care,care_or_education_placement,False,Over500_2026_P03_-_published.xlsx:1435; Over500_2026_P03_-_published.xlsx:1436; Over500_2026_P03_-_published.xlsx:1506; Over500_2026_P03_-_published.xlsx:1852; Over500_2026_P03_-_published.xlsx:2898; Over500_2026_P03_-_published.xlsx:2899; Over500_2026_P04_-_published.xlsx:2166; Over500_2026_P04_-_published.xlsx:2167; Over500_2026_P04_-_published.xlsx:2188; Over500_2026_P04_-_published.xlsx:2699; Over500_2026_P04_-_published.xlsx:2943; Over500_2026_P04_-_published.xlsx:2944
25000.0,CLEEVE LODGE,CLEEVE LODGE,2026-06-10,2026-07-09,5,27880.93,4,Adult Social Care,care_or_education_placement,False,Over500_2026_P03_-_published.xlsx:1341; Over500_2026_P03_-_published.xlsx:1484; Over500_2026_P03_-_published.xlsx:1975; Over500_2026_P04_-_published.xlsx:1954; Over500_2026_P04_-_published.xlsx:2008
25000.0,COATE WATER CARE,Coate Water Care (Arbory) Limited,2026-06-10,2026-07-09,8,25201.04,4,Adult Social Care,care_or_education_placement,False,Over500_2026_P03_-_published.xlsx:1352; Over500_2026_P03_-_published.xlsx:1915; Over500_2026_P03_-_published.xlsx:1916; Over500_2026_P03_-_published.xlsx:986; Over500_2026_P04_-_published.xlsx:1112; Over500_2026_P04_-_published.xlsx:1970; Over500_2026_P04_-_published.xlsx:3707; Over500_2026_P04_-_published.xlsx:3708
25000.0,COMFORT HARMONY CARE,Comfort Harmony Care Ltd,2026-06-10,2026-07-09,53,103707.56,32,Adult Social Care,care_or_education_placement,False,Over500_2026_P03_-_published.xlsx:1002; Over500_2026_P03_-_published.xlsx:1046; Over500_2026_P03_-_published.xlsx:1063; Over500_2026_P03_-_published.xlsx:1096; Over500_2026_P03_-_published.xlsx:2730; Over500_2026_P03_-_published.xlsx:2740; Over500_2026_P03_-_published.xlsx:875; Over500_2026_P03_-_published.xlsx:910; Over500_2026_P03_-_published.xlsx:1503; Over500_2026_P03_-_published.xlsx:2871; Over500_2026_P03_-_published.xlsx:2872; Over500_2026_P03_-_published.xlsx:2873; Over500_2026_P03_-_published.xlsx:2913; Over500_2026_P03_-_published.xlsx:840; Over500_2026_P03_-_published.xlsx:1157; Over500_2026_P03_-_published.xlsx:1158; Over500_2026_P03_-_published.xlsx:1184; Over500_2026_P03_-_published.xlsx:1185; Over500_2026_P03_-_published.xlsx:1190; Over500_2026_P03_-_published.xlsx:1191; Over500_2026_P03_-_published.xlsx:1391; Over500_2026_P03_-_published.xlsx:1399; Over500_2026_P03_-_published.xlsx:1431; Over500_2026_P03_-_published.xlsx:1558; Over500_2026_P03_-_published.xlsx:1965; Over500_2026_P03_-_published.xlsx:2783; Over500_2026_P03_-_published.xlsx:2878; Over500_2026_P03_-_published.xlsx:2879; Over500_2026_P03_-_published.xlsx:2992; Over500_2026_P03_-_published.xlsx:866; Over500_2026_P04_-_published.xlsx:2955; Over500_2026_P04_-_published.xlsx:889; Over500_2026_P04_-_published.xlsx:1231; Over500_2026_P04_-_published.xlsx:1232; Over500_2026_P04_-_published.xlsx:1311; Over500_2026_P04_-_published.xlsx:1312; Over500_2026_P04_-_published.xlsx:1313; Over500_2026_P04_-_published.xlsx:1358; Over500_2026_P04_-_published.xlsx:1359; Over500_2026_P04_-_published.xlsx:1360; Over500_2026_P04_-_published.xlsx:2016; Over500_2026_P04_-_published.xlsx:2017; Over500_2026_P04_-_published.xlsx:2018; Over500_2026_P04_-_published.xlsx:2019; Over500_2026_P04_-_published.xlsx:2044; Over500_2026_P04_-_published.xlsx:2107; Over500_2026_P04_-_published.xlsx:2147; Over500_2026_P04_-_published.xlsx:2773; Over500_2026_P04_-_published.xlsx:2802; Over500_2026_P04_-_published.xlsx:2894; Over500_2026_P04_-_published.xlsx:919; Over500_2026_P04_-_published.xlsx:932; Over500_2026_P04_-_published.xlsx:995
25000.0,COMMERCIAL SERVICES KENT,COMMERCIAL SERVICES KENT LTD,2026-07-13,2026-08-11,3,26549.25,3,Strategy & Governance,general_procurement,False,Over500_2026_P04_-_published.xlsx:560; Over500_2026_P04_-_published.xlsx:16; Over500_2026_P04_-_published.xlsx:616
25000.0,COMPASS EXECUTIVE CARS,COMPASS EXECUTIVE CARS (UK) LTD,2026-07-15,2026-08-13,22,47539.5,21,Adult Social Care; Children's Social Care; Education & SEND,general_procurement,True,Over500_2026_P04_-_published.xlsx:155; Over500_2026_P04_-_published.xlsx:161; Over500_2026_P04_-_published.xlsx:170; Over500_2026_P04_-_published.xlsx:188; Over500_2026_P04_-_published.xlsx:235; Over500_2026_P04_-_published.xlsx:429; Over500_2026_P04_-_published.xlsx:431; Over500_2026_P04_-_published.xlsx:477; Over500_2026_P04_-_published.xlsx:162; Over500_2026_P04_-_published.xlsx:171; Over500_2026_P04_-_published.xlsx:341; Over500_2026_P04_-_published.xlsx:478; Over500_2026_P04_-_published.xlsx:1026; Over500_2026_P04_-_published.xlsx:227; Over500_2026_P04_-_published.xlsx:239; Over500_2026_P04_-_published.xlsx:228; Over500_2026_P04_-_published.xlsx:164; Over500_2026_P04_-_published.xlsx:281; Over500_2026_P04_-_published.xlsx:308; Over500_2026_P04_-_published.xlsx:329; Over500_2026_P04_-_published.xlsx:288; Over500_2026_P04_-_published.xlsx:333
25000.0,CONNICK TREE CARE,CONNICK TREE CARE,2026-05-08,2026-06-06,15,29321.34,10,Environment,general_procurement,False,Over500_2026_P02_-_published.xlsx:184; Over500_2026_P02_-_published.xlsx:185; Over500_2026_P02_-_published.xlsx:186; Over500_2026_P02_-_published.xlsx:187; Over500_2026_P02_-_published.xlsx:188; Over500_2026_P02_-_published.xlsx:189; Over500_2026_P02_-_published.xlsx:190; Over500_2026_P02_-_published.xlsx:191; Over500_2026_P02_-_published.xlsx:192; Over500_2026_P02_-_published.xlsx:193; Over500_2026_P02_-_published.xlsx:194; Over500_2026_P02_-_published.xlsx:195; Over500_2026_P02_-_published.xlsx:196; Over500_2026_P02_-_published.xlsx:197; Over500_2026_P03_-_published.xlsx:144
25000.0,CONTINENTAL LANDSCAPES,Continental Landscapes Ltd,2026-05-21,2026-06-19,7,40818.65,7,Environment,general_procurement,False,Over500_2026_P02_-_published.xlsx:177; Over500_2026_P02_-_published.xlsx:179; Over500_2026_P02_-_published.xlsx:180; Over500_2026_P02_-_published.xlsx:181; Over500_2026_P02_-_published.xlsx:182; Over500_2026_P02_-_published.xlsx:183; Over500_2026_P02_-_published.xlsx:198
25000.0,CONVERGENT TECHNOLOGY,Convergent Technology Limited,2026-05-28,2026-06-26,3,27160.54,3,"Adult Social Care; Transformation, Customer & ICT",general_procurement,False,Over500_2026_P02_-_published.xlsx:481; Over500_2026_P03_-_published.xlsx:656; Over500_2026_P03_-_published.xlsx:658
25000.0,CRAEGMOOR EASTROP HOUSE PRIORY GROUP,Craegmoor Eastrop House - Priory Group,2026-05-13,2026-06-11,4,52973.76,2,Adult Social Care,care_or_education_placement,False,Over500_2026_P02_-_published.xlsx:1672; Over500_2026_P02_-_published.xlsx:1673; Over500_2026_P03_-_published.xlsx:1508; Over500_2026_P03_-_published.xlsx:1576
25000.0,CREAM HOLDINGS,Cream Holdings (Taunton) Ltd,2026-06-10,2026-07-09,3,27436.36,2,Adult Social Care,care_or_education_placement,False,Over500_2026_P03_-_published.xlsx:1509; Over500_2026_P03_-_published.xlsx:1442; Over500_2026_P04_-_published.xlsx:2191
25000.0,CREATIVE SUPPORT,CREATIVE SUPPORT,2026-05-20,2026-06-18,29,122819.22,28,Adult Social Care,care_or_education_placement,False,Over500_2026_P02_-_published.xlsx:1772; Over500_2026_P02_-_published.xlsx:1773; Over500_2026_P02_-_published.xlsx:1774; Over500_2026_P02_-_published.xlsx:1775; Over500_2026_P02_-_published.xlsx:1776; Over500_2026_P02_-_published.xlsx:1777; Over500_2026_P02_-_published.xlsx:1778; Over500_2026_P02_-_published.xlsx:1779; Over500_2026_P02_-_published.xlsx:1780; Over500_2026_P02_-_published.xlsx:1781; Over500_2026_P02_-_published.xlsx:1782; Over500_2026_P02_-_published.xlsx:1864; Over500_2026_P02_-_published.xlsx:1865; Over500_2026_P02_-_published.xlsx:1940; Over500_2026_P02_-_published.xlsx:1815; Over500_2026_P03_-_published.xlsx:1529; Over500_2026_P03_-_published.xlsx:1581; Over500_2026_P03_-_published.xlsx:1582; Over500_2026_P03_-_published.xlsx:1583; Over500_2026_P03_-_published.xlsx:1620; Over500_2026_P03_-_published.xlsx:1621; Over500_2026_P03_-_published.xlsx:1622; Over500_2026_P03_-_published.xlsx:1623; Over500_2026_P03_-_published.xlsx:1624; Over500_2026_P03_-_published.xlsx:1765; Over500_2026_P03_-_published.xlsx:1881; Over500_2026_P03_-_published.xlsx:2927; Over500_2026_P03_-_published.xlsx:2928; Over500_2026_P03_-_published.xlsx:2984
25000.0,CREDO CARE,CREDO CARE,2026-07-09,2026-08-07,4,25363.87,4,Children's Social Care,care_or_education_placement,False,Over500_2026_P04_-_published.xlsx:3137; Over500_2026_P04_-_published.xlsx:3138; Over500_2026_P04_-_published.xlsx:3175; Over500_2026_P04_-_published.xlsx:3176
25000.0,CROSSROADS CARE WEST BERKSHIRE,CROSSROADS CARE WEST BERKSHIRE (NEWBURY BRANCH),2026-05-13,2026-06-11,2,29388.3,1,Adult Social Care,care_or_education_placement,False,Over500_2026_P02_-_published.xlsx:852; Over500_2026_P03_-_published.xlsx:2683
25000.0,CYGNET CARE SERVICES,Cygnet Care Services Ltd,2026-06-10,2026-07-09,16,136524.88,8,Adult Social Care,care_or_education_placement,False,Over500_2026_P03_-_published.xlsx:1439; Over500_2026_P03_-_published.xlsx:1511; Over500_2026_P03_-_published.xlsx:1597; Over500_2026_P03_-_published.xlsx:1598; Over500_2026_P03_-_published.xlsx:1599; Over500_2026_P03_-_published.xlsx:2903; Over500_2026_P03_-_published.xlsx:2904; Over500_2026_P03_-_published.xlsx:2977; Over500_2026_P04_-_published.xlsx:2139; Over500_2026_P04_-_published.xlsx:2140; Over500_2026_P04_-_published.xlsx:2171; Over500_2026_P04_-_published.xlsx:2193; Over500_2026_P04_-_published.xlsx:2194; Over500_2026_P04_-_published.xlsx:2700; Over500_2026_P04_-_published.xlsx:2948; Over500_2026_P04_-_published.xlsx:2949
25000.0,D J TRAVEL,D J TRAVEL,2026-05-06,2026-06-04,10,41520.32,10,Adult Social Care; Education & SEND,general_procurement,True,Over500_2026_P02_-_published.xlsx:934; Over500_2026_P02_-_published.xlsx:217; Over500_2026_P02_-_published.xlsx:218; Over500_2026_P02_-_published.xlsx:219; Over500_2026_P02_-_published.xlsx:315; Over500_2026_P02_-_published.xlsx:942; Over500_2026_P03_-_published.xlsx:155; Over500_2026_P03_-_published.xlsx:244; Over500_2026_P03_-_published.xlsx:156; Over500_2026_P03_-_published.xlsx:159
25000.0,DANIEL GRIFFITHS,DANIEL GRIFFITHS T/A BLUEBIRD PASSENGER SERVICES,2026-06-30,2026-07-29,10,31110.0,8,Education & SEND,general_procurement,False,Over500_2026_P03_-_published.xlsx:165; Over500_2026_P03_-_published.xlsx:237; Over500_2026_P03_-_published.xlsx:262; Over500_2026_P03_-_published.xlsx:334; Over500_2026_P03_-_published.xlsx:353; Over500_2026_P04_-_published.xlsx:163; Over500_2026_P04_-_published.xlsx:240; Over500_2026_P04_-_published.xlsx:275; Over500_2026_P04_-_published.xlsx:325; Over500_2026_P04_-_published.xlsx:479
25000.0,DEVCOMMS SOUTH EAST,DevComms South East Ltd,2026-05-12,2026-06-10,2,38785.3,2,Development & Housing,general_procurement,False,Over500_2026_P02_-_published.xlsx:560; Over500_2026_P02_-_published.xlsx:561
25000.0,DIMENSIONS,DIMENSIONS (NSO) LTD,2026-07-08,2026-08-06,55,219163.69,38,Adult Social Care,care_or_education_placement,True,Over500_2026_P04_-_published.xlsx:2164; Over500_2026_P04_-_published.xlsx:2698; Over500_2026_P04_-_published.xlsx:3576; Over500_2026_P04_-_published.xlsx:3577; Over500_2026_P04_-_published.xlsx:103; Over500_2026_P04_-_published.xlsx:2196; Over500_2026_P04_-_published.xlsx:2197; Over500_2026_P04_-_published.xlsx:2393; Over500_2026_P04_-_published.xlsx:2394; Over500_2026_P04_-_published.xlsx:2396; Over500_2026_P04_-_published.xlsx:2408; Over500_2026_P04_-_published.xlsx:2409; Over500_2026_P04_-_published.xlsx:2411; Over500_2026_P04_-_published.xlsx:2413; Over500_2026_P04_-_published.xlsx:2427; Over500_2026_P04_-_published.xlsx:2434; Over500_2026_P04_-_published.xlsx:2437; Over500_2026_P04_-_published.xlsx:2951; Over500_2026_P04_-_published.xlsx:3019; Over500_2026_P04_-_published.xlsx:3020; Over500_2026_P04_-_published.xlsx:3021; Over500_2026_P04_-_published.xlsx:3023; Over500_2026_P04_-_published.xlsx:3032; Over500_2026_P04_-_published.xlsx:2217; Over500_2026_P04_-_published.xlsx:2449; Over500_2026_P04_-_published.xlsx:2450; Over500_2026_P04_-_published.xlsx:2462; Over500_2026_P04_-_published.xlsx:2463; Over500_2026_P04_-_published.xlsx:2464; Over500_2026_P04_-_published.xlsx:2465; Over500_2026_P04_-_published.xlsx:2466; Over500_2026_P04_-_published.xlsx:2469; Over500_2026_P04_-_published.xlsx:2470; Over500_2026_P04_-_published.xlsx:2471; Over500_2026_P04_-_published.xlsx:2475; Over500_2026_P04_-_published.xlsx:2476; Over500_2026_P04_-_published.xlsx:2477; Over500_2026_P04_-_published.xlsx:2493; Over500_2026_P04_-_published.xlsx:2494; Over500_2026_P04_-_published.xlsx:2495; Over500_2026_P04_-_published.xlsx:2496; Over500_2026_P04_-_published.xlsx:2497; Over500_2026_P04_-_published.xlsx:2498; Over500_2026_P04_-_published.xlsx:2500; Over500_2026_P04_-_published.xlsx:2501; Over500_2026_P04_-_published.xlsx:2504; Over500_2026_P04_-_published.xlsx:2505; Over500_2026_P04_-_published.xlsx:2506; Over500_2026_P04_-_published.xlsx:3040; Over500_2026_P04_-_published.xlsx:3041; Over500_2026_P04_-_published.xlsx:3042; Over500_2026_P04_-_published.xlsx:3043; Over500_2026_P04_-_published.xlsx:3046; Over500_2026_P04_-_published.xlsx:3048; Over500_2026_P04_-_published.xlsx:3049
25000.0,DOWNVIEW RESIDENTIAL HOME,DOWNVIEW RESIDENTIAL HOME LIMITED,2026-06-10,2026-07-09,18,105179.0,18,Adult Social Care,care_or_education_placement,False,Over500_2026_P03_-_published.xlsx:1403; Over500_2026_P03_-_published.xlsx:1404; Over500_2026_P03_-_published.xlsx:1461; Over500_2026_P03_-_published.xlsx:1462; Over500_2026_P03_-_published.xlsx:1568; Over500_2026_P03_-_published.xlsx:1569; Over500_2026_P03_-_published.xlsx:1757; Over500_2026_P03_-_published.xlsx:2891; Over500_2026_P03_-_published.xlsx:2892; Over500_2026_P04_-_published.xlsx:2134; Over500_2026_P04_-_published.xlsx:2135; Over500_2026_P04_-_published.xlsx:2136; Over500_2026_P04_-_published.xlsx:2163; Over500_2026_P04_-_published.xlsx:2184; Over500_2026_P04_-_published.xlsx:2185; Over500_2026_P04_-_published.xlsx:2715; Over500_2026_P04_-_published.xlsx:2938; Over500_2026_P04_-_published.xlsx:2939
25000.0,E W BEARD,E W BEARD LTD,2026-07-01,2026-07-30,7,55743.85,7,Community Services; Development & Housing; Education & SEND,general_procurement,False,Over500_2026_P04_-_published.xlsx:79; Over500_2026_P04_-_published.xlsx:53; Over500_2026_P04_-_published.xlsx:594; Over500_2026_P04_-_published.xlsx:42; Over500_2026_P04_-_published.xlsx:730; Over500_2026_P04_-_published.xlsx:595; Over500_2026_P04_-_published.xlsx:729
25000.0,ELIOR,Elior UK PLC,2026-05-27,2026-06-25,4,77738.95,4,Adult Social Care,general_procurement,False,Over500_2026_P02_-_published.xlsx:530; Over500_2026_P03_-_published.xlsx:434; Over500_2026_P03_-_published.xlsx:440; Over500_2026_P03_-_published.xlsx:433
25000.0,ENABLE INCLUSIVE SUPPORT,Enable Inclusive Support Ltd,2026-07-15,2026-08-13,2,28254.0,1,Adult Social Care,care_or_education_placement,False,Over500_2026_P04_-_published.xlsx:2442; Over500_2026_P04_-_published.xlsx:2531
25000.0,ENIRO CARE,Eniro Care Ltd,2026-06-10,2026-07-09,55,106136.6,36,Adult Social Care,care_or_education_placement,False,Over500_2026_P03_-_published.xlsx:1086; Over500_2026_P03_-_published.xlsx:1087; Over500_2026_P03_-_published.xlsx:1088; Over500_2026_P03_-_published.xlsx:1122; Over500_2026_P03_-_published.xlsx:1127; Over500_2026_P03_-_published.xlsx:1128; Over500_2026_P03_-_published.xlsx:1129; Over500_2026_P03_-_published.xlsx:1130; Over500_2026_P03_-_published.xlsx:1131; Over500_2026_P03_-_published.xlsx:1132; Over500_2026_P03_-_published.xlsx:1142; Over500_2026_P03_-_published.xlsx:1166; Over500_2026_P03_-_published.xlsx:1167; Over500_2026_P03_-_published.xlsx:1168; Over500_2026_P03_-_published.xlsx:1169; Over500_2026_P03_-_published.xlsx:1170; Over500_2026_P03_-_published.xlsx:1171; Over500_2026_P03_-_published.xlsx:1172; Over500_2026_P03_-_published.xlsx:1268; Over500_2026_P03_-_published.xlsx:1363; Over500_2026_P03_-_published.xlsx:1367; Over500_2026_P03_-_published.xlsx:1501; Over500_2026_P03_-_published.xlsx:1502; Over500_2026_P03_-_published.xlsx:2695; Over500_2026_P03_-_published.xlsx:2753; Over500_2026_P03_-_published.xlsx:2757; Over500_2026_P03_-_published.xlsx:2758; Over500_2026_P03_-_published.xlsx:2759; Over500_2026_P03_-_published.xlsx:2760; Over500_2026_P03_-_published.xlsx:2761; Over500_2026_P03_-_published.xlsx:2826; Over500_2026_P03_-_published.xlsx:2869; Over500_2026_P03_-_published.xlsx:1219; Over500_2026_P03_-_published.xlsx:1237; Over500_2026_P03_-_published.xlsx:1244; Over500_2026_P03_-_published.xlsx:1561; Over500_2026_P03_-_published.xlsx:2877; Over500_2026_P04_-_published.xlsx:1340; Over500_2026_P04_-_published.xlsx:1341; Over500_2026_P04_-_published.xlsx:1342; Over500_2026_P04_-_published.xlsx:1380; Over500_2026_P04_-_published.xlsx:1381; Over500_2026_P04_-_published.xlsx:1382; Over500_2026_P04_-_published.xlsx:1444; Over500_2026_P04_-_published.xlsx:1445; Over500_2026_P04_-_published.xlsx:1446; Over500_2026_P04_-_published.xlsx:1985; Over500_2026_P04_-_published.xlsx:1986; Over500_2026_P04_-_published.xlsx:2029; Over500_2026_P04_-_published.xlsx:2030; Over500_2026_P04_-_published.xlsx:2077; Over500_2026_P04_-_published.xlsx:2078; Over500_2026_P04_-_published.xlsx:925; Over500_2026_P04_-_published.xlsx:930; Over500_2026_P04_-_published.xlsx:934
25000.0,ENRICHED CARE SUPPORT SERVICES,Enriched Care Support Services Ltd,2026-06-03,2026-07-02,20,84688.76,20,Adult Social Care,care_or_education_placement,False,Over500_2026_P03_-_published.xlsx:1520; Over500_2026_P03_-_published.xlsx:1777; Over500_2026_P03_-_published.xlsx:1778; Over500_2026_P03_-_published.xlsx:1836; Over500_2026_P03_-_published.xlsx:1837; Over500_2026_P03_-_published.xlsx:1877; Over500_2026_P03_-_published.xlsx:1966; Over500_2026_P03_-_published.xlsx:1972; Over500_2026_P03_-_published.xlsx:2993; Over500_2026_P03_-_published.xlsx:2994; Over500_2026_P03_-_published.xlsx:2999; Over500_2026_P03_-_published.xlsx:1816; Over500_2026_P03_-_published.xlsx:1817; Over500_2026_P03_-_published.xlsx:1870; Over500_2026_P03_-_published.xlsx:1909; Over500_2026_P03_-_published.xlsx:1953; Over500_2026_P03_-_published.xlsx:1954; Over500_2026_P03_-_published.xlsx:1955; Over500_2026_P03_-_published.xlsx:2952; Over500_2026_P03_-_published.xlsx:3029
25000.0,FD TRAVELS,FD TRAVELS LIMITED T/A SCHOOL EXPRESS,2026-05-12,2026-06-10,36,78659.36,34,Education & SEND,general_procurement,False,Over500_2026_P02_-_published.xlsx:265; Over500_2026_P02_-_published.xlsx:380; Over500_2026_P02_-_published.xlsx:381; Over500_2026_P02_-_published.xlsx:382; Over500_2026_P02_-_published.xlsx:383; Over500_2026_P02_-_published.xlsx:384; Over500_2026_P02_-_published.xlsx:385; Over500_2026_P02_-_published.xlsx:241; Over500_2026_P02_-_published.xlsx:242; Over500_2026_P02_-_published.xlsx:266; Over500_2026_P02_-_published.xlsx:289; Over500_2026_P02_-_published.xlsx:290; Over500_2026_P02_-_published.xlsx:387; Over500_2026_P02_-_published.xlsx:388; Over500_2026_P02_-_published.xlsx:389; Over500_2026_P02_-_published.xlsx:390; Over500_2026_P02_-_published.xlsx:251; Over500_2026_P02_-_published.xlsx:283; Over500_2026_P02_-_published.xlsx:284; Over500_2026_P02_-_published.xlsx:294; Over500_2026_P02_-_published.xlsx:422; Over500_2026_P02_-_published.xlsx:423; Over500_2026_P02_-_published.xlsx:424; Over500_2026_P02_-_published.xlsx:425; Over500_2026_P02_-_published.xlsx:426; Over500_2026_P02_-_published.xlsx:427; Over500_2026_P02_-_published.xlsx:428; Over500_2026_P02_-_published.xlsx:429; Over500_2026_P02_-_published.xlsx:430; Over500_2026_P03_-_published.xlsx:164; Over500_2026_P03_-_published.xlsx:184; Over500_2026_P03_-_published.xlsx:228; Over500_2026_P03_-_published.xlsx:229; Over500_2026_P03_-_published.xlsx:255; Over500_2026_P03_-_published.xlsx:333; Over500_2026_P03_-_published.xlsx:346
25000.0,FIDELITY HEALTHCARE,Fidelity Healthcare Ltd t/a Marlborough Lodge Care Home,2026-06-10,2026-07-09,26,114871.28,10,Adult Social Care,care_or_education_placement,False,Over500_2026_P03_-_published.xlsx:1025; Over500_2026_P03_-_published.xlsx:1351; Over500_2026_P03_-_published.xlsx:1418; Over500_2026_P03_-_published.xlsx:1419; Over500_2026_P03_-_published.xlsx:1491; Over500_2026_P03_-_published.xlsx:1492; Over500_2026_P03_-_published.xlsx:1864; Over500_2026_P03_-_published.xlsx:1962; Over500_2026_P03_-_published.xlsx:2852; Over500_2026_P03_-_published.xlsx:2853; Over500_2026_P03_-_published.xlsx:2854; Over500_2026_P03_-_published.xlsx:3024; Over500_2026_P03_-_published.xlsx:984; Over500_2026_P04_-_published.xlsx:1143; Over500_2026_P04_-_published.xlsx:1162; Over500_2026_P04_-_published.xlsx:1955; Over500_2026_P04_-_published.xlsx:1956; Over500_2026_P04_-_published.xlsx:1957; Over500_2026_P04_-_published.xlsx:1967; Over500_2026_P04_-_published.xlsx:1968; Over500_2026_P04_-_published.xlsx:2011; Over500_2026_P04_-_published.xlsx:2682; Over500_2026_P04_-_published.xlsx:2683; Over500_2026_P04_-_published.xlsx:2871; Over500_2026_P04_-_published.xlsx:2912; Over500_2026_P04_-_published.xlsx:3705
25000.0,FLORENCE CARE READING,Florence Care Reading Ltd,2026-06-10,2026-07-09,13,69149.99,8,Adult Social Care,care_or_education_placement,False,Over500_2026_P03_-_published.xlsx:1004; Over500_2026_P03_-_published.xlsx:1420; Over500_2026_P03_-_published.xlsx:1980; Over500_2026_P03_-_published.xlsx:2704; Over500_2026_P03_-_published.xlsx:2835; Over500_2026_P03_-_published.xlsx:899; Over500_2026_P04_-_published.xlsx:1047; Over500_2026_P04_-_published.xlsx:1125; Over500_2026_P04_-_published.xlsx:1837; Over500_2026_P04_-_published.xlsx:1872; Over500_2026_P04_-_published.xlsx:1915; Over500_2026_P04_-_published.xlsx:1971; Over500_2026_P04_-_published.xlsx:3729
25000.0,FLOURISHING FAMILIES ASSESSMENT SERVICE,Flourishing Families Assessment Service Ltd.,2026-05-27,2026-06-25,9,56142.85,2,Children's Social Care,care_or_education_placement,False,Over500_2026_P02_-_published.xlsx:2109; Over500_2026_P03_-_published.xlsx:1941; Over500_2026_P03_-_published.xlsx:2013; Over500_2026_P03_-_published.xlsx:2014; Over500_2026_P03_-_published.xlsx:3049; Over500_2026_P03_-_published.xlsx:3050; Over500_2026_P03_-_published.xlsx:2036; Over500_2026_P03_-_published.xlsx:3051; Over500_2026_P03_-_published.xlsx:3052
25000.0,FOCUS SUPPORT,FOCUS SUPPORT LTD,2026-06-24,2026-07-23,12,99325.43,11,Adult Social Care,care_or_education_placement,False,Over500_2026_P03_-_published.xlsx:1660; Over500_2026_P03_-_published.xlsx:1833; Over500_2026_P03_-_published.xlsx:2981; Over500_2026_P03_-_published.xlsx:3017; Over500_2026_P04_-_published.xlsx:2424; Over500_2026_P04_-_published.xlsx:2705; Over500_2026_P04_-_published.xlsx:2743; Over500_2026_P04_-_published.xlsx:2764; Over500_2026_P04_-_published.xlsx:3030; Over500_2026_P04_-_published.xlsx:3631; Over500_2026_P04_-_published.xlsx:3632; Over500_2026_P04_-_published.xlsx:3039
25000.0,FOR FAMILIES,For Families Ltd,2026-06-16,2026-07-15,2,43135.7,2,Children's Social Care,care_or_education_placement,False,Over500_2026_P03_-_published.xlsx:2015; Over500_2026_P04_-_published.xlsx:3757
25000.0,FOREST BRIDGE SCHOOL,Forest Bridge School,2026-06-22,2026-07-21,2,28313.42,1,Education (DSG Funded) & Other Education Grants,care_or_education_placement,False,Over500_2026_P03_-_published.xlsx:3091; Over500_2026_P03_-_published.xlsx:3092
25000.0,FOUR CORNERS CARE,Four Corners Care Ltd.,2026-06-17,2026-07-16,5,32618.57,2,Children's Social Care,care_or_education_placement,False,Over500_2026_P03_-_published.xlsx:2011; Over500_2026_P03_-_published.xlsx:3048; Over500_2026_P04_-_published.xlsx:3076; Over500_2026_P04_-_published.xlsx:3056; Over500_2026_P04_-_published.xlsx:3063
25000.0,FRONTISTI SERVICES,Frontisti Services Limited,2026-07-15,2026-08-13,4,39416.36,3,Adult Social Care,care_or_education_placement,False,Over500_2026_P04_-_published.xlsx:1782; Over500_2026_P04_-_published.xlsx:1767; Over500_2026_P04_-_published.xlsx:1800; Over500_2026_P04_-_published.xlsx:3698
25000.0,GARD NER MEMORIAL MORE HOUSE SCHOOL,The Gard’ner Memorial Ltd/More House School,2026-06-17,2026-07-16,3,32533.0,3,Education (DSG Funded) & Other Education Grants,care_or_education_placement,False,Over500_2026_P03_-_published.xlsx:2178; Over500_2026_P03_-_published.xlsx:2205; Over500_2026_P03_-_published.xlsx:2324
25000.0,GCH,GCH (Alder) Ltd t/a Hungerford Care Home,2026-05-20,2026-06-18,67,363655.3,23,Adult Social Care,care_or_education_placement,False,Over500_2026_P02_-_published.xlsx:1008; Over500_2026_P02_-_published.xlsx:1009; Over500_2026_P02_-_published.xlsx:1010; Over500_2026_P02_-_published.xlsx:1011; Over500_2026_P02_-_published.xlsx:1012; Over500_2026_P02_-_published.xlsx:1013; Over500_2026_P02_-_published.xlsx:1014; Over500_2026_P02_-_published.xlsx:1015; Over500_2026_P02_-_published.xlsx:1016; Over500_2026_P02_-_published.xlsx:1017; Over500_2026_P02_-_published.xlsx:1018; Over500_2026_P02_-_published.xlsx:1019; Over500_2026_P02_-_published.xlsx:1020; Over500_2026_P02_-_published.xlsx:1021; Over500_2026_P02_-_published.xlsx:1022; Over500_2026_P02_-_published.xlsx:1065; Over500_2026_P02_-_published.xlsx:1066; Over500_2026_P02_-_published.xlsx:1067; Over500_2026_P02_-_published.xlsx:1068; Over500_2026_P02_-_published.xlsx:1500; Over500_2026_P02_-_published.xlsx:1501; Over500_2026_P02_-_published.xlsx:1502; Over500_2026_P02_-_published.xlsx:1503; Over500_2026_P02_-_published.xlsx:1504; Over500_2026_P02_-_published.xlsx:1505; Over500_2026_P02_-_published.xlsx:1506; Over500_2026_P02_-_published.xlsx:1507; Over500_2026_P02_-_published.xlsx:1508; Over500_2026_P02_-_published.xlsx:1570; Over500_2026_P02_-_published.xlsx:1571; Over500_2026_P02_-_published.xlsx:1572; Over500_2026_P02_-_published.xlsx:1573; Over500_2026_P02_-_published.xlsx:1574; Over500_2026_P02_-_published.xlsx:1575; Over500_2026_P02_-_published.xlsx:1990; Over500_2026_P03_-_published.xlsx:2843; Over500_2026_P03_-_published.xlsx:1013; Over500_2026_P03_-_published.xlsx:1014; Over500_2026_P03_-_published.xlsx:1015; Over500_2026_P03_-_published.xlsx:1016; Over500_2026_P03_-_published.xlsx:1017; Over500_2026_P03_-_published.xlsx:1337; Over500_2026_P03_-_published.xlsx:1383; Over500_2026_P03_-_published.xlsx:1384; Over500_2026_P03_-_published.xlsx:1406; Over500_2026_P03_-_published.xlsx:1424; Over500_2026_P03_-_published.xlsx:1425; Over500_2026_P03_-_published.xlsx:1478; Over500_2026_P03_-_published.xlsx:1479; Over500_2026_P03_-_published.xlsx:1480; Over500_2026_P03_-_published.xlsx:1495; Over500_2026_P03_-_published.xlsx:1496; Over500_2026_P03_-_published.xlsx:1497; Over500_2026_P03_-_published.xlsx:2711; Over500_2026_P03_-_published.xlsx:2712; Over500_2026_P03_-_published.xlsx:2713; Over500_2026_P03_-_published.xlsx:2714; Over500_2026_P03_-_published.xlsx:2719; Over500_2026_P03_-_published.xlsx:2858; Over500_2026_P03_-_published.xlsx:905; Over500_2026_P03_-_published.xlsx:906; Over500_2026_P03_-_published.xlsx:948; Over500_2026_P03_-_published.xlsx:949; Over500_2026_P03_-_published.xlsx:950; Over500_2026_P03_-_published.xlsx:963; Over500_2026_P03_-_published.xlsx:964; Over500_2026_P03_-_published.xlsx:988
25000.0,GLEN CLEANING COMPANY,Glen Cleaning Company Ltd,2026-06-30,2026-07-29,31,43873.69,21,"Adult Social Care; Capital Financing and Income Investment; Children's Social Care; Community Services; Development & Housing; Education (DSG Funded) & Other Education Grants; Environment; Finance, Property & Procurement",general_procurement,False,Over500_2026_P03_-_published.xlsx:130; Over500_2026_P03_-_published.xlsx:132; Over500_2026_P03_-_published.xlsx:307; Over500_2026_P03_-_published.xlsx:312; Over500_2026_P04_-_published.xlsx:134; Over500_2026_P04_-_published.xlsx:135; Over500_2026_P04_-_published.xlsx:140; Over500_2026_P04_-_published.xlsx:148; Over500_2026_P04_-_published.xlsx:144; Over500_2026_P04_-_published.xlsx:133; Over500_2026_P04_-_published.xlsx:143; Over500_2026_P04_-_published.xlsx:145; Over500_2026_P04_-_published.xlsx:131; Over500_2026_P04_-_published.xlsx:132; Over500_2026_P04_-_published.xlsx:398; Over500_2026_P04_-_published.xlsx:124; Over500_2026_P04_-_published.xlsx:127; Over500_2026_P04_-_published.xlsx:147; Over500_2026_P04_-_published.xlsx:168; Over500_2026_P04_-_published.xlsx:138; Over500_2026_P04_-_published.xlsx:139; Over500_2026_P04_-_published.xlsx:166; Over500_2026_P04_-_published.xlsx:169; Over500_2026_P04_-_published.xlsx:396; Over500_2026_P04_-_published.xlsx:397; Over500_2026_P04_-_published.xlsx:399; Over500_2026_P04_-_published.xlsx:400; Over500_2026_P04_-_published.xlsx:128; Over500_2026_P04_-_published.xlsx:129; Over500_2026_P04_-_published.xlsx:130; Over500_2026_P04_-_published.xlsx:125
25000.0,GOLDCREST CARE SERVICES,Goldcrest Care Services,2026-06-24,2026-07-23,51,73604.53,31,Adult Social Care,care_or_education_placement,False,Over500_2026_P03_-_published.xlsx:1222; Over500_2026_P03_-_published.xlsx:1252; Over500_2026_P03_-_published.xlsx:1253; Over500_2026_P03_-_published.xlsx:1254; Over500_2026_P03_-_published.xlsx:1255; Over500_2026_P03_-_published.xlsx:1256; Over500_2026_P03_-_published.xlsx:1262; Over500_2026_P03_-_published.xlsx:1275; Over500_2026_P03_-_published.xlsx:1276; Over500_2026_P03_-_published.xlsx:1277; Over500_2026_P03_-_published.xlsx:1278; Over500_2026_P03_-_published.xlsx:1316; Over500_2026_P03_-_published.xlsx:1456; Over500_2026_P03_-_published.xlsx:1861; Over500_2026_P03_-_published.xlsx:2697; Over500_2026_P03_-_published.xlsx:2805; Over500_2026_P03_-_published.xlsx:2883; Over500_2026_P03_-_published.xlsx:2884; Over500_2026_P04_-_published.xlsx:1220; Over500_2026_P04_-_published.xlsx:1781; Over500_2026_P04_-_published.xlsx:1870; Over500_2026_P04_-_published.xlsx:1504; Over500_2026_P04_-_published.xlsx:1505; Over500_2026_P04_-_published.xlsx:1506; Over500_2026_P04_-_published.xlsx:1507; Over500_2026_P04_-_published.xlsx:1508; Over500_2026_P04_-_published.xlsx:1528; Over500_2026_P04_-_published.xlsx:1574; Over500_2026_P04_-_published.xlsx:1575; Over500_2026_P04_-_published.xlsx:1576; Over500_2026_P04_-_published.xlsx:1577; Over500_2026_P04_-_published.xlsx:1578; Over500_2026_P04_-_published.xlsx:1579; Over500_2026_P04_-_published.xlsx:1773; Over500_2026_P04_-_published.xlsx:1788; Over500_2026_P04_-_published.xlsx:1795; Over500_2026_P04_-_published.xlsx:1811; Over500_2026_P04_-_published.xlsx:2038; Over500_2026_P04_-_published.xlsx:2211; Over500_2026_P04_-_published.xlsx:2212; Over500_2026_P04_-_published.xlsx:2213; Over500_2026_P04_-_published.xlsx:2214; Over500_2026_P04_-_published.xlsx:3641; Over500_2026_P04_-_published.xlsx:951; Over500_2026_P04_-_published.xlsx:1066; Over500_2026_P04_-_published.xlsx:1509; Over500_2026_P04_-_published.xlsx:1540; Over500_2026_P04_-_published.xlsx:2215; Over500_2026_P04_-_published.xlsx:2274; Over500_2026_P04_-_published.xlsx:2275; Over500_2026_P04_-_published.xlsx:2654
25000.0,GRACEWELL HEALTHCARE,Gracewell Healthcare Ltd,2026-06-10,2026-07-09,18,119291.37,12,Adult Social Care,care_or_education_placement,False,Over500_2026_P03_-_published.xlsx:1023; Over500_2026_P03_-_published.xlsx:1473; Over500_2026_P03_-_published.xlsx:2706; Over500_2026_P03_-_published.xlsx:2839; Over500_2026_P03_-_published.xlsx:925; Over500_2026_P03_-_published.xlsx:956; Over500_2026_P03_-_published.xlsx:983; Over500_2026_P04_-_published.xlsx:1094; Over500_2026_P04_-_published.xlsx:1110; Over500_2026_P04_-_published.xlsx:1123; Over500_2026_P04_-_published.xlsx:1160; Over500_2026_P04_-_published.xlsx:1161; Over500_2026_P04_-_published.xlsx:1832; Over500_2026_P04_-_published.xlsx:1897; Over500_2026_P04_-_published.xlsx:1898; Over500_2026_P04_-_published.xlsx:1911; Over500_2026_P04_-_published.xlsx:1935; Over500_2026_P04_-_published.xlsx:2155
25000.0,HEALTHCARE HOMES LADYMEAD CARE HOME,Healthcare Homes (Spring) Ltd - Ladymead Care Home,2026-06-10,2026-07-09,12,50923.76,6,Adult Social Care,care_or_education_placement,False,Over500_2026_P03_-_published.xlsx:1008; Over500_2026_P03_-_published.xlsx:1009; Over500_2026_P03_-_published.xlsx:1332; Over500_2026_P03_-_published.xlsx:1333; Over500_2026_P03_-_published.xlsx:927; Over500_2026_P03_-_published.xlsx:958; Over500_2026_P04_-_published.xlsx:1046; Over500_2026_P04_-_published.xlsx:1124; Over500_2026_P04_-_published.xlsx:1144; Over500_2026_P04_-_published.xlsx:1835; Over500_2026_P04_-_published.xlsx:1913; Over500_2026_P04_-_published.xlsx:1914
25000.0,HEATHCOTES M,Heathcotes M Ltd,2026-05-13,2026-06-11,2,33303.76,1,Adult Social Care,care_or_education_placement,False,Over500_2026_P02_-_published.xlsx:1674; Over500_2026_P03_-_published.xlsx:2900
25000.0,HOME FRONT,Home Front Ltd,2026-06-09,2026-07-08,3,50196.78,2,Community Services,general_procurement,False,Over500_2026_P03_-_published.xlsx:667; Over500_2026_P03_-_published.xlsx:679; Over500_2026_P03_-_published.xlsx:697
25000.0,HOUSING CARE 21,HOUSING CARE 21,2026-05-13,2026-06-11,23,49238.75,18,Adult Social Care,care_or_education_placement,False,Over500_2026_P02_-_published.xlsx:1366; Over500_2026_P02_-_published.xlsx:1367; Over500_2026_P02_-_published.xlsx:1368; Over500_2026_P02_-_published.xlsx:1369; Over500_2026_P02_-_published.xlsx:1370; Over500_2026_P02_-_published.xlsx:1371; Over500_2026_P02_-_published.xlsx:1372; Over500_2026_P02_-_published.xlsx:1373; Over500_2026_P02_-_published.xlsx:1374; Over500_2026_P02_-_published.xlsx:1375; Over500_2026_P02_-_published.xlsx:1378; Over500_2026_P02_-_published.xlsx:1379; Over500_2026_P02_-_published.xlsx:1380; Over500_2026_P02_-_published.xlsx:1381; Over500_2026_P02_-_published.xlsx:1382; Over500_2026_P02_-_published.xlsx:1383; Over500_2026_P02_-_published.xlsx:1384; Over500_2026_P02_-_published.xlsx:1385; Over500_2026_P02_-_published.xlsx:1386; Over500_2026_P02_-_published.xlsx:1387; Over500_2026_P02_-_published.xlsx:1388; Over500_2026_P03_-_published.xlsx:1260; Over500_2026_P03_-_published.xlsx:1290
25000.0,HURST LODGE SCHOOL,Hurst Lodge School,2026-06-09,2026-07-08,4,75484.45,4,Education (DSG Funded) & Other Education Grants,care_or_education_placement,False,Over500_2026_P03_-_published.xlsx:2162; Over500_2026_P03_-_published.xlsx:2163; Over500_2026_P03_-_published.xlsx:2309; Over500_2026_P04_-_published.xlsx:3282
25000.0,I V CARE,I.V Care Limited t/a Good Oaks Home Care (Reading),2026-06-03,2026-07-02,38,64998.15,22,Adult Social Care,care_or_education_placement,False,Over500_2026_P03_-_published.xlsx:1498; Over500_2026_P03_-_published.xlsx:1871; Over500_2026_P03_-_published.xlsx:873; Over500_2026_P03_-_published.xlsx:966; Over500_2026_P03_-_published.xlsx:967; Over500_2026_P03_-_published.xlsx:989; Over500_2026_P03_-_published.xlsx:2731; Over500_2026_P03_-_published.xlsx:857; Over500_2026_P03_-_published.xlsx:1136; Over500_2026_P03_-_published.xlsx:1969; Over500_2026_P03_-_published.xlsx:1161; Over500_2026_P03_-_published.xlsx:1193; Over500_2026_P03_-_published.xlsx:1194; Over500_2026_P03_-_published.xlsx:1258; Over500_2026_P03_-_published.xlsx:1263; Over500_2026_P03_-_published.xlsx:1279; Over500_2026_P03_-_published.xlsx:1304; Over500_2026_P03_-_published.xlsx:1365; Over500_2026_P03_-_published.xlsx:1392; Over500_2026_P03_-_published.xlsx:1432; Over500_2026_P03_-_published.xlsx:1562; Over500_2026_P03_-_published.xlsx:2785; Over500_2026_P03_-_published.xlsx:2786; Over500_2026_P04_-_published.xlsx:1195; Over500_2026_P04_-_published.xlsx:1205; Over500_2026_P04_-_published.xlsx:1206; Over500_2026_P04_-_published.xlsx:1207; Over500_2026_P04_-_published.xlsx:1208; Over500_2026_P04_-_published.xlsx:1221; Over500_2026_P04_-_published.xlsx:1250; Over500_2026_P04_-_published.xlsx:1770; Over500_2026_P04_-_published.xlsx:1863; Over500_2026_P04_-_published.xlsx:1977; Over500_2026_P04_-_published.xlsx:1979; Over500_2026_P04_-_published.xlsx:1980; Over500_2026_P04_-_published.xlsx:2801; Over500_2026_P04_-_published.xlsx:2996; Over500_2026_P04_-_published.xlsx:918
25000.0,INSIGHT DIRECT,INSIGHT DIRECT (UK) LTD,2026-07-01,2026-07-30,3,37014.07,3,"Strategy & Governance; Transformation, Customer & ICT",general_procurement,False,Over500_2026_P04_-_published.xlsx:907; Over500_2026_P04_-_published.xlsx:499; Over500_2026_P04_-_published.xlsx:908
25000.0,ISP CHILDCARE,ISP Childcare Ltd,2026-05-27,2026-06-25,8,48164.38,4,Children's Social Care,care_or_education_placement,False,Over500_2026_P02_-_published.xlsx:2115; Over500_2026_P02_-_published.xlsx:2116; Over500_2026_P02_-_published.xlsx:2117; Over500_2026_P02_-_published.xlsx:2118; Over500_2026_P03_-_published.xlsx:2022; Over500_2026_P03_-_published.xlsx:2023; Over500_2026_P03_-_published.xlsx:2045; Over500_2026_P03_-_published.xlsx:3060
25000.0,JACARANDA SUPPORTED LIVING,Jacaranda Supported Living,2026-07-01,2026-07-30,26,110534.7,25,Adult Social Care,care_or_education_placement,False,Over500_2026_P04_-_published.xlsx:2752; Over500_2026_P04_-_published.xlsx:2927; Over500_2026_P04_-_published.xlsx:3642; Over500_2026_P04_-_published.xlsx:3715; Over500_2026_P04_-_published.xlsx:2756; Over500_2026_P04_-_published.xlsx:2759; Over500_2026_P04_-_published.xlsx:2760; Over500_2026_P04_-_published.xlsx:2795; Over500_2026_P04_-_published.xlsx:2796; Over500_2026_P04_-_published.xlsx:2831; Over500_2026_P04_-_published.xlsx:2832; Over500_2026_P04_-_published.xlsx:2847; Over500_2026_P04_-_published.xlsx:2848; Over500_2026_P04_-_published.xlsx:2921; Over500_2026_P04_-_published.xlsx:2929; Over500_2026_P04_-_published.xlsx:2990; Over500_2026_P04_-_published.xlsx:3676; Over500_2026_P04_-_published.xlsx:3678; Over500_2026_P04_-_published.xlsx:3679; Over500_2026_P04_-_published.xlsx:3684; Over500_2026_P04_-_published.xlsx:3726; Over500_2026_P04_-_published.xlsx:2842; Over500_2026_P04_-_published.xlsx:2855; Over500_2026_P04_-_published.xlsx:3687; Over500_2026_P04_-_published.xlsx:3688; Over500_2026_P04_-_published.xlsx:2860
25000.0,JOHAV CARE SUPPORT HEALTHCARE,Johav Care support Healthcare Limited,2026-06-10,2026-07-09,27,175910.83,26,Adult Social Care; Children's Social Care,care_or_education_placement,False,Over500_2026_P03_-_published.xlsx:1526; Over500_2026_P03_-_published.xlsx:1616; Over500_2026_P03_-_published.xlsx:1617; Over500_2026_P03_-_published.xlsx:1618; Over500_2026_P03_-_published.xlsx:1753; Over500_2026_P03_-_published.xlsx:1793; Over500_2026_P03_-_published.xlsx:1874; Over500_2026_P03_-_published.xlsx:2105; Over500_2026_P03_-_published.xlsx:2912; Over500_2026_P03_-_published.xlsx:2924; Over500_2026_P03_-_published.xlsx:2995; Over500_2026_P03_-_published.xlsx:1626; Over500_2026_P03_-_published.xlsx:1731; Over500_2026_P03_-_published.xlsx:1732; Over500_2026_P03_-_published.xlsx:1982; Over500_2026_P03_-_published.xlsx:2929; Over500_2026_P03_-_published.xlsx:1446; Over500_2026_P03_-_published.xlsx:1587; Over500_2026_P03_-_published.xlsx:1686; Over500_2026_P03_-_published.xlsx:1712; Over500_2026_P03_-_published.xlsx:1752; Over500_2026_P03_-_published.xlsx:1755; Over500_2026_P03_-_published.xlsx:1818; Over500_2026_P03_-_published.xlsx:2973; Over500_2026_P04_-_published.xlsx:2231; Over500_2026_P04_-_published.xlsx:2246; Over500_2026_P04_-_published.xlsx:3009
25000.0,KB REAL ESTATE MANAGEMENT,KB Real Estate Management Ltd,2026-05-19,2026-06-17,46,71105.0,19,Development & Housing,premises_non_procurement,False,Over500_2026_P02_-_published.xlsx:117; Over500_2026_P02_-_published.xlsx:118; Over500_2026_P02_-_published.xlsx:119; Over500_2026_P02_-_published.xlsx:120; Over500_2026_P02_-_published.xlsx:121; Over500_2026_P02_-_published.xlsx:122; Over500_2026_P02_-_published.xlsx:123; Over500_2026_P02_-_published.xlsx:124; Over500_2026_P02_-_published.xlsx:125; Over500_2026_P02_-_published.xlsx:126; Over500_2026_P02_-_published.xlsx:127; Over500_2026_P02_-_published.xlsx:128; Over500_2026_P02_-_published.xlsx:129; Over500_2026_P02_-_published.xlsx:130; Over500_2026_P02_-_published.xlsx:131; Over500_2026_P02_-_published.xlsx:132; Over500_2026_P02_-_published.xlsx:133; Over500_2026_P02_-_published.xlsx:134; Over500_2026_P02_-_published.xlsx:135; Over500_2026_P02_-_published.xlsx:136; Over500_2026_P02_-_published.xlsx:139; Over500_2026_P02_-_published.xlsx:140; Over500_2026_P03_-_published.xlsx:106; Over500_2026_P03_-_published.xlsx:107; Over500_2026_P03_-_published.xlsx:122; Over500_2026_P03_-_published.xlsx:123; Over500_2026_P03_-_published.xlsx:124; Over500_2026_P03_-_published.xlsx:296; Over500_2026_P03_-_published.xlsx:90; Over500_2026_P03_-_published.xlsx:91; Over500_2026_P03_-_published.xlsx:108; Over500_2026_P03_-_published.xlsx:109; Over500_2026_P03_-_published.xlsx:110; Over500_2026_P03_-_published.xlsx:111; Over500_2026_P03_-_published.xlsx:112; Over500_2026_P03_-_published.xlsx:113; Over500_2026_P03_-_published.xlsx:114; Over500_2026_P03_-_published.xlsx:115; Over500_2026_P03_-_published.xlsx:125; Over500_2026_P03_-_published.xlsx:126; Over500_2026_P03_-_published.xlsx:127; Over500_2026_P03_-_published.xlsx:298; Over500_2026_P03_-_published.xlsx:299; Over500_2026_P03_-_published.xlsx:300; Over500_2026_P03_-_published.xlsx:301; Over500_2026_P03_-_published.xlsx:92
25000.0,KIND2U LIVING,Kind2U Living Ltd,2026-06-24,2026-07-23,9,75306.72,4,Adult Social Care,care_or_education_placement,False,Over500_2026_P03_-_published.xlsx:1705; Over500_2026_P03_-_published.xlsx:1733; Over500_2026_P03_-_published.xlsx:3014; Over500_2026_P04_-_published.xlsx:2758; Over500_2026_P04_-_published.xlsx:3017; Over500_2026_P04_-_published.xlsx:3567; Over500_2026_P04_-_published.xlsx:2712; Over500_2026_P04_-_published.xlsx:2858; Over500_2026_P04_-_published.xlsx:3357
25000.0,LIAISE LODDON,LIAISE LODDON LTD,2026-06-24,2026-07-23,11,138219.0,5,Adult Social Care,care_or_education_placement,False,Over500_2026_P03_-_published.xlsx:1440; Over500_2026_P03_-_published.xlsx:1441; Over500_2026_P03_-_published.xlsx:1514; Over500_2026_P03_-_published.xlsx:1602; Over500_2026_P04_-_published.xlsx:2133; Over500_2026_P04_-_published.xlsx:2179; Over500_2026_P04_-_published.xlsx:2823; Over500_2026_P04_-_published.xlsx:2162; Over500_2026_P04_-_published.xlsx:2183; Over500_2026_P04_-_published.xlsx:2146; Over500_2026_P04_-_published.xlsx:2952
25000.0,LVS OXFORD,LVS Oxford,2026-07-13,2026-08-11,2,41680.66,2,Education (DSG Funded) & Other Education Grants,care_or_education_placement,False,Over500_2026_P04_-_published.xlsx:3326; Over500_2026_P04_-_published.xlsx:3327
25000.0,LYORA HEALTHCARE SERVICES,Lyora Healthcare Services,2026-06-10,2026-07-09,3,34602.75,3,Adult Social Care,care_or_education_placement,False,Over500_2026_P03_-_published.xlsx:1783; Over500_2026_P03_-_published.xlsx:1842; Over500_2026_P03_-_published.xlsx:1892
25000.0,MAISHA STAFFING SOLUTIONS,MAISHA STAFFING SOLUTIONS LTD,2026-05-27,2026-06-25,30,61868.71,21,Children's Social Care,general_procurement,True,Over500_2026_P02_-_published.xlsx:2612; Over500_2026_P02_-_published.xlsx:2613; Over500_2026_P02_-_published.xlsx:2085; Over500_2026_P02_-_published.xlsx:225; Over500_2026_P02_-_published.xlsx:226; Over500_2026_P02_-_published.xlsx:227; Over500_2026_P02_-_published.xlsx:2614; Over500_2026_P03_-_published.xlsx:2769; Over500_2026_P03_-_published.xlsx:7; Over500_2026_P03_-_published.xlsx:1924; Over500_2026_P03_-_published.xlsx:2001; Over500_2026_P03_-_published.xlsx:2662; Over500_2026_P03_-_published.xlsx:2771; Over500_2026_P03_-_published.xlsx:1928; Over500_2026_P03_-_published.xlsx:1929; Over500_2026_P03_-_published.xlsx:2003; Over500_2026_P03_-_published.xlsx:2607; Over500_2026_P03_-_published.xlsx:2626; Over500_2026_P03_-_published.xlsx:2660; Over500_2026_P03_-_published.xlsx:2762; Over500_2026_P03_-_published.xlsx:227; Over500_2026_P03_-_published.xlsx:2644; Over500_2026_P03_-_published.xlsx:2770; Over500_2026_P03_-_published.xlsx:356; Over500_2026_P03_-_published.xlsx:191; Over500_2026_P03_-_published.xlsx:198; Over500_2026_P03_-_published.xlsx:2627; Over500_2026_P03_-_published.xlsx:322; Over500_2026_P03_-_published.xlsx:2628; Over500_2026_P03_-_published.xlsx:3361
25000.0,MALLARD COTTAGE CHILDCARE,MALLARD COTTAGE CHILDCARE,2026-06-30,2026-07-29,2,25004.93,2,Education (DSG Funded) & Other Education Grants,grant,False,Over500_2026_P03_-_published.xlsx:583; Over500_2026_P04_-_published.xlsx:569
25000.0,MARY HARE SCHOOL,MARY HARE SCHOOL,2026-05-12,2026-06-10,12,164681.0,10,Education (DSG Funded) & Other Education Grants,care_or_education_placement,False,Over500_2026_P02_-_published.xlsx:2216; Over500_2026_P02_-_published.xlsx:2217; Over500_2026_P02_-_published.xlsx:2218; Over500_2026_P02_-_published.xlsx:2219; Over500_2026_P02_-_published.xlsx:2220; Over500_2026_P02_-_published.xlsx:2221; Over500_2026_P02_-_published.xlsx:2222; Over500_2026_P02_-_published.xlsx:2223; Over500_2026_P02_-_published.xlsx:2224; Over500_2026_P02_-_published.xlsx:2225; Over500_2026_P02_-_published.xlsx:2226; Over500_2026_P02_-_published.xlsx:2227
25000.0,MILKWOOD CARE APPLEWOOD CARE HOME,Milkwood Care Ltd - Applewood Care Home,2026-05-13,2026-06-11,7,35083.14,5,Adult Social Care,care_or_education_placement,False,Over500_2026_P02_-_published.xlsx:1561; Over500_2026_P02_-_published.xlsx:1562; Over500_2026_P02_-_published.xlsx:1563; Over500_2026_P02_-_published.xlsx:2014; Over500_2026_P03_-_published.xlsx:1353; Over500_2026_P03_-_published.xlsx:1421; Over500_2026_P03_-_published.xlsx:1493
25000.0,MINSTEAD TRUST,MINSTEAD TRUST,2026-07-01,2026-07-30,7,31685.43,4,Adult Social Care,care_or_education_placement,False,Over500_2026_P04_-_published.xlsx:2228; Over500_2026_P04_-_published.xlsx:3481; Over500_2026_P04_-_published.xlsx:2484; Over500_2026_P04_-_published.xlsx:2509; Over500_2026_P04_-_published.xlsx:2511; Over500_2026_P04_-_published.xlsx:2624; Over500_2026_P04_-_published.xlsx:3359
25000.0,MMCG,MMCG (2) Limited,2026-06-10,2026-07-09,10,47850.08,5,Adult Social Care,care_or_education_placement,False,Over500_2026_P03_-_published.xlsx:1007; Over500_2026_P03_-_published.xlsx:1846; Over500_2026_P03_-_published.xlsx:2707; Over500_2026_P03_-_published.xlsx:2840; Over500_2026_P03_-_published.xlsx:902; Over500_2026_P04_-_published.xlsx:1045; Over500_2026_P04_-_published.xlsx:1095; Over500_2026_P04_-_published.xlsx:1833; Over500_2026_P04_-_published.xlsx:1912; Over500_2026_P04_-_published.xlsx:2695
25000.0,MOORLANDS REST HOME,Moorlands Rest Home,2026-06-10,2026-07-09,6,26579.52,3,Adult Social Care,care_or_education_placement,False,Over500_2026_P03_-_published.xlsx:1347; Over500_2026_P03_-_published.xlsx:1415; Over500_2026_P03_-_published.xlsx:1488; Over500_2026_P04_-_published.xlsx:1953; Over500_2026_P04_-_published.xlsx:1964; Over500_2026_P04_-_published.xlsx:2007
25000.0,MRS M ALSBURY,MRS M ALSBURY,2026-06-30,2026-07-29,3,29269.35,3,Education (DSG Funded) & Other Education Grants,grant,False,Over500_2026_P03_-_published.xlsx:611; Over500_2026_P03_-_published.xlsx:622; Over500_2026_P04_-_published.xlsx:1184
25000.0,MULBERRY CARE,Mulberry Care,2026-06-10,2026-07-09,6,31145.2,3,Adult Social Care,care_or_education_placement,False,Over500_2026_P03_-_published.xlsx:1350; Over500_2026_P03_-_published.xlsx:1417; Over500_2026_P03_-_published.xlsx:2718; Over500_2026_P04_-_published.xlsx:1852; Over500_2026_P04_-_published.xlsx:2010; Over500_2026_P04_-_published.xlsx:2681
25000.0,NADAM CARE,Nadam Care Ltd T/A Belamie Gables Care Home,2026-06-10,2026-07-09,6,25686.2,4,Adult Social Care,care_or_education_placement,False,Over500_2026_P03_-_published.xlsx:1024; Over500_2026_P03_-_published.xlsx:2841; Over500_2026_P03_-_published.xlsx:957; Over500_2026_P04_-_published.xlsx:1142; Over500_2026_P04_-_published.xlsx:1853; Over500_2026_P04_-_published.xlsx:1936
25000.0,NAVARA LODGE,Navara Lodge,2026-06-10,2026-07-09,8,32991.82,5,Adult Social Care,care_or_education_placement,False,Over500_2026_P03_-_published.xlsx:1020; Over500_2026_P03_-_published.xlsx:955; Over500_2026_P03_-_published.xlsx:978; Over500_2026_P03_-_published.xlsx:979; Over500_2026_P04_-_published.xlsx:1108; Over500_2026_P04_-_published.xlsx:1109; Over500_2026_P04_-_published.xlsx:1141; Over500_2026_P04_-_published.xlsx:1851
25000.0,NEC SOFTWARE SOLUTIONS,NEC SOFTWARE SOLUTIONS UK LIMITED,2026-07-21,2026-08-19,7,41575.42,7,"Finance, Property & Procurement",general_procurement,False,Over500_2026_P04_-_published.xlsx:427; Over500_2026_P04_-_published.xlsx:488; Over500_2026_P04_-_published.xlsx:489; Over500_2026_P04_-_published.xlsx:493; Over500_2026_P04_-_published.xlsx:904; Over500_2026_P04_-_published.xlsx:494; Over500_2026_P04_-_published.xlsx:906
25000.0,NEWBURY AND DISTRICT,Newbury & District Ltd,2026-06-01,2026-06-30,13,103320.97,13,Education & SEND; Environment,general_procurement,False,Over500_2026_P03_-_published.xlsx:268; Over500_2026_P03_-_published.xlsx:357; Over500_2026_P03_-_published.xlsx:171; Over500_2026_P03_-_published.xlsx:336; Over500_2026_P03_-_published.xlsx:341; Over500_2026_P03_-_published.xlsx:264; Over500_2026_P03_-_published.xlsx:269; Over500_2026_P03_-_published.xlsx:176; Over500_2026_P03_-_published.xlsx:213; Over500_2026_P03_-_published.xlsx:251; Over500_2026_P03_-_published.xlsx:274; Over500_2026_P03_-_published.xlsx:359; Over500_2026_P03_-_published.xlsx:360
25000.0,NEWBURY COMMUNITY RESOURCE CENTRE,THE NEWBURY COMMUNITY RESOURCE CENTRE LTD,2026-06-16,2026-07-15,7,34148.55,6,Adult Social Care; Development & Housing; Education & SEND; Environment,grant,True,Over500_2026_P03_-_published.xlsx:2097; Over500_2026_P04_-_published.xlsx:1425; Over500_2026_P04_-_published.xlsx:874; Over500_2026_P04_-_published.xlsx:1273; Over500_2026_P04_-_published.xlsx:3193; Over500_2026_P04_-_published.xlsx:707; Over500_2026_P04_-_published.xlsx:773
25000.0,NEXT STEP SERVICES,Next Step Services,2026-06-17,2026-07-16,24,99590.96,19,Children's Social Care,care_or_education_placement,False,Over500_2026_P03_-_published.xlsx:2122; Over500_2026_P03_-_published.xlsx:3070; Over500_2026_P04_-_published.xlsx:3145; Over500_2026_P04_-_published.xlsx:3225; Over500_2026_P04_-_published.xlsx:3108; Over500_2026_P04_-_published.xlsx:3109; Over500_2026_P04_-_published.xlsx:3141; Over500_2026_P04_-_published.xlsx:3146; Over500_2026_P04_-_published.xlsx:3178; Over500_2026_P04_-_published.xlsx:3226; Over500_2026_P04_-_published.xlsx:3771; Over500_2026_P04_-_published.xlsx:3775; Over500_2026_P04_-_published.xlsx:3217; Over500_2026_P04_-_published.xlsx:3218; Over500_2026_P04_-_published.xlsx:3110; Over500_2026_P04_-_published.xlsx:3111; Over500_2026_P04_-_published.xlsx:3219; Over500_2026_P04_-_published.xlsx:3142; Over500_2026_P04_-_published.xlsx:3147; Over500_2026_P04_-_published.xlsx:3221; Over500_2026_P04_-_published.xlsx:3227; Over500_2026_P04_-_published.xlsx:3113; Over500_2026_P04_-_published.xlsx:3114; Over500_2026_P04_-_published.xlsx:3777
25000.0,NORTHCOURT LODGE RESIDENTIAL CARE HOME,Northcourt Lodge Residential Care Home Ltd,2026-06-10,2026-07-09,6,27934.97,4,Adult Social Care,care_or_education_placement,False,Over500_2026_P03_-_published.xlsx:2717; Over500_2026_P03_-_published.xlsx:900; Over500_2026_P04_-_published.xlsx:1092; Over500_2026_P04_-_published.xlsx:1122; Over500_2026_P04_-_published.xlsx:1138; Over500_2026_P04_-_published.xlsx:2933
25000.0,NOUBLES HEALTHCARE,Noubles Healthcare Ltd,2026-05-20,2026-06-18,54,74707.88,41,Adult Social Care,care_or_education_placement,False,Over500_2026_P02_-_published.xlsx:1221; Over500_2026_P02_-_published.xlsx:1224; Over500_2026_P02_-_published.xlsx:1225; Over500_2026_P02_-_published.xlsx:1226; Over500_2026_P02_-_published.xlsx:1227; Over500_2026_P02_-_published.xlsx:1228; Over500_2026_P02_-_published.xlsx:1229; Over500_2026_P02_-_published.xlsx:1230; Over500_2026_P02_-_published.xlsx:1231; Over500_2026_P02_-_published.xlsx:1232; Over500_2026_P02_-_published.xlsx:1233; Over500_2026_P02_-_published.xlsx:1234; Over500_2026_P02_-_published.xlsx:1235; Over500_2026_P02_-_published.xlsx:1236; Over500_2026_P02_-_published.xlsx:1237; Over500_2026_P02_-_published.xlsx:1238; Over500_2026_P02_-_published.xlsx:1239; Over500_2026_P02_-_published.xlsx:1240; Over500_2026_P02_-_published.xlsx:1241; Over500_2026_P02_-_published.xlsx:1242; Over500_2026_P02_-_published.xlsx:1243; Over500_2026_P02_-_published.xlsx:1244; Over500_2026_P02_-_published.xlsx:1313; Over500_2026_P02_-_published.xlsx:1615; Over500_2026_P02_-_published.xlsx:1994; Over500_2026_P02_-_published.xlsx:896; Over500_2026_P02_-_published.xlsx:897; Over500_2026_P02_-_published.xlsx:926; Over500_2026_P02_-_published.xlsx:1318; Over500_2026_P02_-_published.xlsx:1325; Over500_2026_P02_-_published.xlsx:1326; Over500_2026_P02_-_published.xlsx:1327; Over500_2026_P03_-_published.xlsx:1050; Over500_2026_P03_-_published.xlsx:1051; Over500_2026_P03_-_published.xlsx:1052; Over500_2026_P03_-_published.xlsx:1053; Over500_2026_P03_-_published.xlsx:1062; Over500_2026_P03_-_published.xlsx:1101; Over500_2026_P03_-_published.xlsx:1102; Over500_2026_P03_-_published.xlsx:1103; Over500_2026_P03_-_published.xlsx:1116; Over500_2026_P03_-_published.xlsx:1117; Over500_2026_P03_-_published.xlsx:1121; Over500_2026_P03_-_published.xlsx:1964; Over500_2026_P03_-_published.xlsx:2734; Over500_2026_P03_-_published.xlsx:2735; Over500_2026_P03_-_published.xlsx:2736; Over500_2026_P03_-_published.xlsx:2737; Over500_2026_P03_-_published.xlsx:2738; Over500_2026_P03_-_published.xlsx:2752; Over500_2026_P03_-_published.xlsx:849; Over500_2026_P03_-_published.xlsx:876; Over500_2026_P03_-_published.xlsx:880; Over500_2026_P03_-_published.xlsx:1174
25000.0,OAKLANDS SEN SCHOOL BERKSHIRE,Oaklands SEN School Berkshire Limited,2026-06-17,2026-07-16,54,1026661.89,5,Education (DSG Funded) & Other Education Grants,care_or_education_placement,False,Over500_2026_P03_-_published.xlsx:2164; Over500_2026_P03_-_published.xlsx:2165; Over500_2026_P03_-_published.xlsx:2166; Over500_2026_P03_-_published.xlsx:2167; Over500_2026_P03_-_published.xlsx:2169; Over500_2026_P03_-_published.xlsx:2170; Over500_2026_P03_-_published.xlsx:2171; Over500_2026_P03_-_published.xlsx:2172; Over500_2026_P03_-_published.xlsx:2173; Over500_2026_P03_-_published.xlsx:2174; Over500_2026_P03_-_published.xlsx:2175; Over500_2026_P03_-_published.xlsx:2176; Over500_2026_P03_-_published.xlsx:2177; Over500_2026_P03_-_published.xlsx:2189; Over500_2026_P03_-_published.xlsx:2190; Over500_2026_P03_-_published.xlsx:2191; Over500_2026_P03_-_published.xlsx:2192; Over500_2026_P03_-_published.xlsx:2193; Over500_2026_P03_-_published.xlsx:2194; Over500_2026_P03_-_published.xlsx:2195; Over500_2026_P03_-_published.xlsx:2196; Over500_2026_P03_-_published.xlsx:2197; Over500_2026_P03_-_published.xlsx:2198; Over500_2026_P03_-_published.xlsx:2199; Over500_2026_P03_-_published.xlsx:2200; Over500_2026_P03_-_published.xlsx:2201; Over500_2026_P03_-_published.xlsx:2202; Over500_2026_P03_-_published.xlsx:2203; Over500_2026_P03_-_published.xlsx:2204; Over500_2026_P03_-_published.xlsx:2310; Over500_2026_P03_-_published.xlsx:2311; Over500_2026_P03_-_published.xlsx:2312; Over500_2026_P03_-_published.xlsx:2313; Over500_2026_P03_-_published.xlsx:2314; Over500_2026_P03_-_published.xlsx:2315; Over500_2026_P03_-_published.xlsx:2316; Over500_2026_P03_-_published.xlsx:2317; Over500_2026_P03_-_published.xlsx:2318; Over500_2026_P03_-_published.xlsx:2319; Over500_2026_P03_-_published.xlsx:2320; Over500_2026_P03_-_published.xlsx:2321; Over500_2026_P03_-_published.xlsx:2322; Over500_2026_P03_-_published.xlsx:2323; Over500_2026_P03_-_published.xlsx:3106; Over500_2026_P03_-_published.xlsx:3107; Over500_2026_P03_-_published.xlsx:3108; Over500_2026_P03_-_published.xlsx:3109; Over500_2026_P03_-_published.xlsx:3110; Over500_2026_P03_-_published.xlsx:3111; Over500_2026_P03_-_published.xlsx:3112; Over500_2026_P03_-_published.xlsx:3113; Over500_2026_P03_-_published.xlsx:3114; Over500_2026_P03_-_published.xlsx:3115; Over500_2026_P03_-_published.xlsx:3116
25000.0,OPTALIS,OPTALIS LTD,2026-05-13,2026-06-11,16,87949.76,6,Adult Social Care,care_or_education_placement,False,Over500_2026_P02_-_published.xlsx:1048; Over500_2026_P02_-_published.xlsx:1477; Over500_2026_P02_-_published.xlsx:1478; Over500_2026_P02_-_published.xlsx:1479; Over500_2026_P02_-_published.xlsx:1480; Over500_2026_P02_-_published.xlsx:1481; Over500_2026_P02_-_published.xlsx:993; Over500_2026_P02_-_published.xlsx:1693; Over500_2026_P02_-_published.xlsx:1823; Over500_2026_P03_-_published.xlsx:1021; Over500_2026_P03_-_published.xlsx:1381; Over500_2026_P03_-_published.xlsx:1471; Over500_2026_P03_-_published.xlsx:1472; Over500_2026_P03_-_published.xlsx:2836; Over500_2026_P03_-_published.xlsx:2837; Over500_2026_P03_-_published.xlsx:901
25000.0,ORMSBY LODGE,ORMSBY LODGE,2026-06-10,2026-07-09,4,27936.64,1,Adult Social Care,care_or_education_placement,False,Over500_2026_P03_-_published.xlsx:1463; Over500_2026_P03_-_published.xlsx:1570; Over500_2026_P04_-_published.xlsx:2157; Over500_2026_P04_-_published.xlsx:2825
25000.0,ORPHEUS CENTRE,The Orpheus Centre,2026-05-20,2026-06-18,8,25768.34,3,Adult Social Care,care_or_education_placement,False,Over500_2026_P02_-_published.xlsx:1744; Over500_2026_P02_-_published.xlsx:1745; Over500_2026_P02_-_published.xlsx:1746; Over500_2026_P02_-_published.xlsx:1747; Over500_2026_P02_-_published.xlsx:1748; Over500_2026_P02_-_published.xlsx:1750; Over500_2026_P02_-_published.xlsx:1751; Over500_2026_P02_-_published.xlsx:1753
25000.0,OXFORD ARCHITECTS,OXFORD ARCHITECTS LLP,2026-06-25,2026-07-24,8,39405.0,8,Education & SEND; Environment,general_procurement,False,Over500_2026_P03_-_published.xlsx:2414; Over500_2026_P03_-_published.xlsx:717; Over500_2026_P04_-_published.xlsx:837; Over500_2026_P04_-_published.xlsx:745; Over500_2026_P04_-_published.xlsx:758; Over500_2026_P04_-_published.xlsx:839; Over500_2026_P04_-_published.xlsx:636; Over500_2026_P04_-_published.xlsx:755
25000.0,PANGBOURNE DAY NURSERY,PANGBOURNE DAY NURSERY,2026-06-30,2026-07-29,2,43869.87,2,Education (DSG Funded) & Other Education Grants,grant,False,Over500_2026_P03_-_published.xlsx:609; Over500_2026_P04_-_published.xlsx:567
25000.0,PARADIGM CARE SERVICES,Paradigm Care Services Ltd.,2026-07-15,2026-08-13,5,77714.28,2,Children's Social Care,care_or_education_placement,False,Over500_2026_P04_-_published.xlsx:3749; Over500_2026_P04_-_published.xlsx:3064; Over500_2026_P04_-_published.xlsx:3091; Over500_2026_P04_-_published.xlsx:3084; Over500_2026_P04_-_published.xlsx:3087
25000.0,PAYPOINT MOBILE AND ONLINE,PAYPOINT MOBILE & ONLINE,2026-06-09,2026-07-08,5,58398.66,5,Environment,general_procurement,False,Over500_2026_P03_-_published.xlsx:2131; Over500_2026_P03_-_published.xlsx:2132; Over500_2026_P03_-_published.xlsx:2138; Over500_2026_P03_-_published.xlsx:2139; Over500_2026_P03_-_published.xlsx:3081
25000.0,PHOENIX CHILD CARE GRANGE SCHOOL,Phoenix Child Care Limited -The Grange School,2026-05-19,2026-06-17,18,401210.46,7,Education (DSG Funded) & Other Education Grants,care_or_education_placement,False,Over500_2026_P02_-_published.xlsx:2242; Over500_2026_P02_-_published.xlsx:2243; Over500_2026_P02_-_published.xlsx:2245; Over500_2026_P02_-_published.xlsx:2247; Over500_2026_P02_-_published.xlsx:2249; Over500_2026_P02_-_published.xlsx:2250; Over500_2026_P02_-_published.xlsx:2252; Over500_2026_P02_-_published.xlsx:2253; Over500_2026_P02_-_published.xlsx:2255; Over500_2026_P02_-_published.xlsx:2256; Over500_2026_P02_-_published.xlsx:2257; Over500_2026_P02_-_published.xlsx:2258; Over500_2026_P02_-_published.xlsx:2259; Over500_2026_P02_-_published.xlsx:2260; Over500_2026_P02_-_published.xlsx:2262; Over500_2026_P02_-_published.xlsx:2263; Over500_2026_P03_-_published.xlsx:2179; Over500_2026_P03_-_published.xlsx:2229
25000.0,PIED PIPER PRE SCHOOL,PIED PIPER PRE-SCHOOL,2026-06-17,2026-07-16,4,26108.44,3,Education (DSG Funded) & Other Education Grants,grant,False,Over500_2026_P03_-_published.xlsx:601; Over500_2026_P03_-_published.xlsx:2094; Over500_2026_P04_-_published.xlsx:763; Over500_2026_P04_-_published.xlsx:702
25000.0,PLATFORM CARE SERVICES,Platform Care Services Ltd,2026-07-01,2026-07-30,28,72523.44,13,Adult Social Care,care_or_education_placement,False,Over500_2026_P04_-_published.xlsx:2225; Over500_2026_P04_-_published.xlsx:2242; Over500_2026_P04_-_published.xlsx:2243; Over500_2026_P04_-_published.xlsx:2149; Over500_2026_P04_-_published.xlsx:2398; Over500_2026_P04_-_published.xlsx:2416; Over500_2026_P04_-_published.xlsx:2439; Over500_2026_P04_-_published.xlsx:2440; Over500_2026_P04_-_published.xlsx:2660; Over500_2026_P04_-_published.xlsx:2761; Over500_2026_P04_-_published.xlsx:2835; Over500_2026_P04_-_published.xlsx:2906; Over500_2026_P04_-_published.xlsx:3024; Over500_2026_P04_-_published.xlsx:3025; Over500_2026_P04_-_published.xlsx:3728; Over500_2026_P04_-_published.xlsx:2254; Over500_2026_P04_-_published.xlsx:2485; Over500_2026_P04_-_published.xlsx:2486; Over500_2026_P04_-_published.xlsx:2516; Over500_2026_P04_-_published.xlsx:2574; Over500_2026_P04_-_published.xlsx:2661; Over500_2026_P04_-_published.xlsx:2713; Over500_2026_P04_-_published.xlsx:2861; Over500_2026_P04_-_published.xlsx:2876; Over500_2026_P04_-_published.xlsx:2907; Over500_2026_P04_-_published.xlsx:2930; Over500_2026_P04_-_published.xlsx:3362; Over500_2026_P04_-_published.xlsx:3363
25000.0,PORTHAVEN CARE HOMES NO3 FALKLAND GRANGE,Porthaven Care Homes No3 - Falkland Grange,2026-06-10,2026-07-09,8,47577.44,4,Adult Social Care,care_or_education_placement,False,Over500_2026_P03_-_published.xlsx:1474; Over500_2026_P03_-_published.xlsx:2856; Over500_2026_P03_-_published.xlsx:926; Over500_2026_P03_-_published.xlsx:985; Over500_2026_P04_-_published.xlsx:1111; Over500_2026_P04_-_published.xlsx:1834; Over500_2026_P04_-_published.xlsx:1937; Over500_2026_P04_-_published.xlsx:1969
25000.0,POTENSIAL,Potensial Limited,2026-07-08,2026-08-06,12,64220.56,10,Adult Social Care,care_or_education_placement,False,Over500_2026_P04_-_published.xlsx:2311; Over500_2026_P04_-_published.xlsx:2312; Over500_2026_P04_-_published.xlsx:2349; Over500_2026_P04_-_published.xlsx:2788; Over500_2026_P04_-_published.xlsx:2829; Over500_2026_P04_-_published.xlsx:2987; Over500_2026_P04_-_published.xlsx:2425; Over500_2026_P04_-_published.xlsx:2481; Over500_2026_P04_-_published.xlsx:2510; Over500_2026_P04_-_published.xlsx:2844; Over500_2026_P04_-_published.xlsx:2859; Over500_2026_P04_-_published.xlsx:3358
25000.0,PRECIOUS HOMES,Precious Homes Ltd,2026-06-10,2026-07-09,2,37581.98,2,Adult Social Care,care_or_education_placement,False,Over500_2026_P03_-_published.xlsx:1513; Over500_2026_P04_-_published.xlsx:2141
25000.0,PRIORITY SERVICES4U,Priority Services4u Ltd,2026-05-13,2026-06-11,6,43446.36,6,Adult Social Care,care_or_education_placement,False,Over500_2026_P02_-_published.xlsx:1721; Over500_2026_P02_-_published.xlsx:1725; Over500_2026_P02_-_published.xlsx:1741; Over500_2026_P02_-_published.xlsx:1742; Over500_2026_P02_-_published.xlsx:1743; Over500_2026_P02_-_published.xlsx:1821
25000.0,PRUDENTIAL,PRUDENTIAL,2026-05-06,2026-06-04,4,40060.32,3,Finance; Strategy & Governance,general_procurement,False,Over500_2026_P02_-_published.xlsx:2204; Over500_2026_P02_-_published.xlsx:2893; Over500_2026_P03_-_published.xlsx:2145; Over500_2026_P03_-_published.xlsx:3546
25000.0,PURESOUL CARE,PureSoul Care Ltd,2026-06-17,2026-07-16,89,128005.05,35,Adult Social Care,care_or_education_placement,False,Over500_2026_P03_-_published.xlsx:1137; Over500_2026_P03_-_published.xlsx:1138; Over500_2026_P03_-_published.xlsx:1139; Over500_2026_P03_-_published.xlsx:1140; Over500_2026_P03_-_published.xlsx:1144; Over500_2026_P03_-_published.xlsx:1145; Over500_2026_P03_-_published.xlsx:1146; Over500_2026_P03_-_published.xlsx:1147; Over500_2026_P03_-_published.xlsx:1148; Over500_2026_P03_-_published.xlsx:1176; Over500_2026_P03_-_published.xlsx:1177; Over500_2026_P03_-_published.xlsx:1178; Over500_2026_P03_-_published.xlsx:1179; Over500_2026_P03_-_published.xlsx:1305; Over500_2026_P03_-_published.xlsx:1317; Over500_2026_P03_-_published.xlsx:1368; Over500_2026_P03_-_published.xlsx:1443; Over500_2026_P03_-_published.xlsx:1812; Over500_2026_P03_-_published.xlsx:2696; Over500_2026_P03_-_published.xlsx:2772; Over500_2026_P03_-_published.xlsx:2773; Over500_2026_P03_-_published.xlsx:2774; Over500_2026_P03_-_published.xlsx:2775; Over500_2026_P03_-_published.xlsx:2776; Over500_2026_P03_-_published.xlsx:2777; Over500_2026_P03_-_published.xlsx:2778; Over500_2026_P03_-_published.xlsx:2808; Over500_2026_P03_-_published.xlsx:2874; Over500_2026_P03_-_published.xlsx:2875; Over500_2026_P03_-_published.xlsx:3026; Over500_2026_P03_-_published.xlsx:862; Over500_2026_P03_-_published.xlsx:883; Over500_2026_P03_-_published.xlsx:1164; Over500_2026_P03_-_published.xlsx:1197; Over500_2026_P03_-_published.xlsx:1198; Over500_2026_P03_-_published.xlsx:1207; Over500_2026_P03_-_published.xlsx:1208; Over500_2026_P03_-_published.xlsx:1226; Over500_2026_P03_-_published.xlsx:1227; Over500_2026_P03_-_published.xlsx:2791; Over500_2026_P03_-_published.xlsx:2792; Over500_2026_P04_-_published.xlsx:1172; Over500_2026_P04_-_published.xlsx:1173; Over500_2026_P04_-_published.xlsx:1174; Over500_2026_P04_-_published.xlsx:1197; Over500_2026_P04_-_published.xlsx:1245; Over500_2026_P04_-_published.xlsx:1246; Over500_2026_P04_-_published.xlsx:1801; Over500_2026_P04_-_published.xlsx:2800; Over500_2026_P04_-_published.xlsx:1236; Over500_2026_P04_-_published.xlsx:1320; Over500_2026_P04_-_published.xlsx:1365; Over500_2026_P04_-_published.xlsx:1366; Over500_2026_P04_-_published.xlsx:1367; Over500_2026_P04_-_published.xlsx:1368; Over500_2026_P04_-_published.xlsx:2052; Over500_2026_P04_-_published.xlsx:2053; Over500_2026_P04_-_published.xlsx:2828; Over500_2026_P04_-_published.xlsx:920; Over500_2026_P04_-_published.xlsx:1395; Over500_2026_P04_-_published.xlsx:1396; Over500_2026_P04_-_published.xlsx:1397; Over500_2026_P04_-_published.xlsx:1398; Over500_2026_P04_-_published.xlsx:1399; Over500_2026_P04_-_published.xlsx:1400; Over500_2026_P04_-_published.xlsx:1460; Over500_2026_P04_-_published.xlsx:1461; Over500_2026_P04_-_published.xlsx:1462; Over500_2026_P04_-_published.xlsx:1470; Over500_2026_P04_-_published.xlsx:1471; Over500_2026_P04_-_published.xlsx:1472; Over500_2026_P04_-_published.xlsx:1473; Over500_2026_P04_-_published.xlsx:1474; Over500_2026_P04_-_published.xlsx:1475; Over500_2026_P04_-_published.xlsx:1476; Over500_2026_P04_-_published.xlsx:1477; Over500_2026_P04_-_published.xlsx:1478; Over500_2026_P04_-_published.xlsx:1479; Over500_2026_P04_-_published.xlsx:1480; Over500_2026_P04_-_published.xlsx:1571; Over500_2026_P04_-_published.xlsx:1787; Over500_2026_P04_-_published.xlsx:1809; Over500_2026_P04_-_published.xlsx:2031; Over500_2026_P04_-_published.xlsx:2033; Over500_2026_P04_-_published.xlsx:2088; Over500_2026_P04_-_published.xlsx:2089; Over500_2026_P04_-_published.xlsx:2090; Over500_2026_P04_-_published.xlsx:2091; Over500_2026_P04_-_published.xlsx:2917
25000.0,PURLEY PARK TRUST,PURLEY PARK TRUST LTD,2026-06-10,2026-07-09,59,319956.05,34,Adult Social Care,care_or_education_placement,False,Over500_2026_P03_-_published.xlsx:2667; Over500_2026_P03_-_published.xlsx:2670; Over500_2026_P03_-_published.xlsx:2671; Over500_2026_P03_-_published.xlsx:2677; Over500_2026_P03_-_published.xlsx:752; Over500_2026_P03_-_published.xlsx:753; Over500_2026_P03_-_published.xlsx:754; Over500_2026_P03_-_published.xlsx:772; Over500_2026_P03_-_published.xlsx:773; Over500_2026_P03_-_published.xlsx:779; Over500_2026_P03_-_published.xlsx:786; Over500_2026_P03_-_published.xlsx:787; Over500_2026_P03_-_published.xlsx:803; Over500_2026_P03_-_published.xlsx:804; Over500_2026_P03_-_published.xlsx:1537; Over500_2026_P03_-_published.xlsx:1586; Over500_2026_P03_-_published.xlsx:1631; Over500_2026_P03_-_published.xlsx:1632; Over500_2026_P03_-_published.xlsx:1658; Over500_2026_P03_-_published.xlsx:1767; Over500_2026_P03_-_published.xlsx:2934; Over500_2026_P03_-_published.xlsx:2935; Over500_2026_P03_-_published.xlsx:2936; Over500_2026_P03_-_published.xlsx:2950; Over500_2026_P03_-_published.xlsx:2953; Over500_2026_P03_-_published.xlsx:799; Over500_2026_P04_-_published.xlsx:1408; Over500_2026_P04_-_published.xlsx:1409; Over500_2026_P04_-_published.xlsx:1410; Over500_2026_P04_-_published.xlsx:2232; Over500_2026_P04_-_published.xlsx:2233; Over500_2026_P04_-_published.xlsx:2245; Over500_2026_P04_-_published.xlsx:2247; Over500_2026_P04_-_published.xlsx:2248; Over500_2026_P04_-_published.xlsx:2255; Over500_2026_P04_-_published.xlsx:2264; Over500_2026_P04_-_published.xlsx:2964; Over500_2026_P04_-_published.xlsx:2965; Over500_2026_P04_-_published.xlsx:654; Over500_2026_P04_-_published.xlsx:655; Over500_2026_P04_-_published.xlsx:808; Over500_2026_P04_-_published.xlsx:809; Over500_2026_P04_-_published.xlsx:859; Over500_2026_P04_-_published.xlsx:860; Over500_2026_P04_-_published.xlsx:861; Over500_2026_P04_-_published.xlsx:1405; Over500_2026_P04_-_published.xlsx:1406; Over500_2026_P04_-_published.xlsx:1513; Over500_2026_P04_-_published.xlsx:649; Over500_2026_P04_-_published.xlsx:650; Over500_2026_P04_-_published.xlsx:687; Over500_2026_P04_-_published.xlsx:688; Over500_2026_P04_-_published.xlsx:802; Over500_2026_P04_-_published.xlsx:805; Over500_2026_P04_-_published.xlsx:806; Over500_2026_P04_-_published.xlsx:807; Over500_2026_P04_-_published.xlsx:847; Over500_2026_P04_-_published.xlsx:850; Over500_2026_P04_-_published.xlsx:878
25000.0,R AND A HAINES BUILDING CONTRACTORS,R&A Haines Building Contractors,2026-06-01,2026-06-30,5,70794.54,5,Development & Housing,general_procurement,False,Over500_2026_P03_-_published.xlsx:688; Over500_2026_P03_-_published.xlsx:733; Over500_2026_P03_-_published.xlsx:709; Over500_2026_P03_-_published.xlsx:740; Over500_2026_P03_-_published.xlsx:742
25000.0,RACKLINE,Rackline Limited,2026-07-01,2026-07-30,2,25510.0,2,"Community Services; Finance, Property & Procurement",general_procurement,False,Over500_2026_P04_-_published.xlsx:746; Over500_2026_P04_-_published.xlsx:899
25000.0,RADIANT CARE HOMES,Radiant Care Homes Ltd.,2026-05-01,2026-05-30,5,59975.0,1,Children's Social Care,care_or_education_placement,False,Over500_2026_P02_-_published.xlsx:2020; Over500_2026_P02_-_published.xlsx:2032; Over500_2026_P02_-_published.xlsx:2040; Over500_2026_P02_-_published.xlsx:2106; Over500_2026_P02_-_published.xlsx:2107
25000.0,REMEDICARE EDUCATION SERVICES,Remedicare Education Services Limited,2026-05-19,2026-06-17,5,66660.0,4,Education (DSG Funded) & Other Education Grants,care_or_education_placement,False,Over500_2026_P02_-_published.xlsx:2208; Over500_2026_P02_-_published.xlsx:2209; Over500_2026_P02_-_published.xlsx:2210; Over500_2026_P02_-_published.xlsx:2211; Over500_2026_P02_-_published.xlsx:2212
25000.0,RESPONSE ORGANISATION,RESPONSE ORGANISATION,2026-06-17,2026-07-16,18,55123.92,14,Adult Social Care,care_or_education_placement,False,Over500_2026_P03_-_published.xlsx:1889; Over500_2026_P03_-_published.xlsx:2681; Over500_2026_P03_-_published.xlsx:807; Over500_2026_P03_-_published.xlsx:2682; Over500_2026_P03_-_published.xlsx:808; Over500_2026_P03_-_published.xlsx:814; Over500_2026_P03_-_published.xlsx:816; Over500_2026_P04_-_published.xlsx:1514; Over500_2026_P04_-_published.xlsx:1515; Over500_2026_P04_-_published.xlsx:1516; Over500_2026_P04_-_published.xlsx:1519; Over500_2026_P04_-_published.xlsx:2839; Over500_2026_P04_-_published.xlsx:3682; Over500_2026_P04_-_published.xlsx:717; Over500_2026_P04_-_published.xlsx:718; Over500_2026_P04_-_published.xlsx:852; Over500_2026_P04_-_published.xlsx:880; Over500_2026_P04_-_published.xlsx:881
25000.0,RICHMOND FELLOWSHIP,RICHMOND FELLOWSHIP,2026-06-03,2026-07-02,11,28731.53,11,Adult Social Care,care_or_education_placement,False,Over500_2026_P03_-_published.xlsx:2678; Over500_2026_P03_-_published.xlsx:2679; Over500_2026_P03_-_published.xlsx:2680; Over500_2026_P03_-_published.xlsx:788; Over500_2026_P03_-_published.xlsx:805; Over500_2026_P03_-_published.xlsx:811; Over500_2026_P03_-_published.xlsx:812; Over500_2026_P03_-_published.xlsx:1859; Over500_2026_P03_-_published.xlsx:806; Over500_2026_P04_-_published.xlsx:656; Over500_2026_P04_-_published.xlsx:715
25000.0,ROADSIDE TECHNOLOGIES,Roadside Technologies Ltd,2026-07-13,2026-08-11,10,84070.16,6,Environment,general_procurement,False,Over500_2026_P04_-_published.xlsx:1287; Over500_2026_P04_-_published.xlsx:1288; Over500_2026_P04_-_published.xlsx:598; Over500_2026_P04_-_published.xlsx:601; Over500_2026_P04_-_published.xlsx:733; Over500_2026_P04_-_published.xlsx:734; Over500_2026_P04_-_published.xlsx:735; Over500_2026_P04_-_published.xlsx:740; Over500_2026_P04_-_published.xlsx:789; Over500_2026_P04_-_published.xlsx:597
25000.0,ROFEMARON HEALTHCARE,Rofemaron Healthcare Ltd,2026-07-08,2026-08-06,12,36770.79,10,Adult Social Care,care_or_education_placement,False,Over500_2026_P04_-_published.xlsx:1225; Over500_2026_P04_-_published.xlsx:1226; Over500_2026_P04_-_published.xlsx:1886; Over500_2026_P04_-_published.xlsx:3003; Over500_2026_P04_-_published.xlsx:1394; Over500_2026_P04_-_published.xlsx:1469; Over500_2026_P04_-_published.xlsx:1808; Over500_2026_P04_-_published.xlsx:2087; Over500_2026_P04_-_published.xlsx:1604; Over500_2026_P04_-_published.xlsx:1680; Over500_2026_P04_-_published.xlsx:1879; Over500_2026_P04_-_published.xlsx:2362
25000.0,SIKANDAR HAYAT,Sikandar Hayat t/a Prompt Cars,2026-05-06,2026-06-04,16,46658.5,16,Children's Social Care; Education & SEND,general_procurement,False,Over500_2026_P02_-_published.xlsx:235; Over500_2026_P02_-_published.xlsx:236; Over500_2026_P02_-_published.xlsx:311; Over500_2026_P02_-_published.xlsx:356; Over500_2026_P02_-_published.xlsx:398; Over500_2026_P02_-_published.xlsx:269; Over500_2026_P02_-_published.xlsx:222; Over500_2026_P02_-_published.xlsx:223; Over500_2026_P02_-_published.xlsx:224; Over500_2026_P03_-_published.xlsx:157; Over500_2026_P03_-_published.xlsx:162; Over500_2026_P03_-_published.xlsx:208; Over500_2026_P03_-_published.xlsx:209; Over500_2026_P03_-_published.xlsx:239; Over500_2026_P03_-_published.xlsx:254; Over500_2026_P03_-_published.xlsx:345
25000.0,SIRONA INTERNATIONAL,Sirona International Ltd t/a Poseidon Care,2026-07-08,2026-08-06,14,26183.06,14,Adult Social Care,care_or_education_placement,False,Over500_2026_P04_-_published.xlsx:1210; Over500_2026_P04_-_published.xlsx:1211; Over500_2026_P04_-_published.xlsx:1212; Over500_2026_P04_-_published.xlsx:1213; Over500_2026_P04_-_published.xlsx:1222; Over500_2026_P04_-_published.xlsx:1223; Over500_2026_P04_-_published.xlsx:1224; Over500_2026_P04_-_published.xlsx:1251; Over500_2026_P04_-_published.xlsx:1252; Over500_2026_P04_-_published.xlsx:1253; Over500_2026_P04_-_published.xlsx:1864; Over500_2026_P04_-_published.xlsx:1865; Over500_2026_P04_-_published.xlsx:1866; Over500_2026_P04_-_published.xlsx:1867
25000.0,SM VOICE ADVOCACY,SM Voice Advocacy Limited,2026-07-08,2026-08-06,32,178999.44,18,Adult Social Care,care_or_education_placement,False,Over500_2026_P04_-_published.xlsx:2306; Over500_2026_P04_-_published.xlsx:2327; Over500_2026_P04_-_published.xlsx:2328; Over500_2026_P04_-_published.xlsx:2329; Over500_2026_P04_-_published.xlsx:2720; Over500_2026_P04_-_published.xlsx:2757; Over500_2026_P04_-_published.xlsx:2783; Over500_2026_P04_-_published.xlsx:2784; Over500_2026_P04_-_published.xlsx:2826; Over500_2026_P04_-_published.xlsx:3011; Over500_2026_P04_-_published.xlsx:3012; Over500_2026_P04_-_published.xlsx:3013; Over500_2026_P04_-_published.xlsx:3637; Over500_2026_P04_-_published.xlsx:3672; Over500_2026_P04_-_published.xlsx:3673; Over500_2026_P04_-_published.xlsx:2419; Over500_2026_P04_-_published.xlsx:2762; Over500_2026_P04_-_published.xlsx:2528; Over500_2026_P04_-_published.xlsx:2529; Over500_2026_P04_-_published.xlsx:2530; Over500_2026_P04_-_published.xlsx:2549; Over500_2026_P04_-_published.xlsx:2550; Over500_2026_P04_-_published.xlsx:2551; Over500_2026_P04_-_published.xlsx:2579; Over500_2026_P04_-_published.xlsx:2725; Over500_2026_P04_-_published.xlsx:2877; Over500_2026_P04_-_published.xlsx:2878; Over500_2026_P04_-_published.xlsx:2896; Over500_2026_P04_-_published.xlsx:2897; Over500_2026_P04_-_published.xlsx:3371; Over500_2026_P04_-_published.xlsx:3692; Over500_2026_P04_-_published.xlsx:3693
25000.0,SOUTHERN COACH LINES,SOUTHERN COACH LINES LTD,2026-06-16,2026-07-15,16,55531.89,16,Education & SEND,general_procurement,False,Over500_2026_P03_-_published.xlsx:173; Over500_2026_P03_-_published.xlsx:174; Over500_2026_P03_-_published.xlsx:175; Over500_2026_P03_-_published.xlsx:179; Over500_2026_P03_-_published.xlsx:211; Over500_2026_P03_-_published.xlsx:216; Over500_2026_P03_-_published.xlsx:217; Over500_2026_P03_-_published.xlsx:218; Over500_2026_P03_-_published.xlsx:250; Over500_2026_P03_-_published.xlsx:338; Over500_2026_P03_-_published.xlsx:180; Over500_2026_P03_-_published.xlsx:219; Over500_2026_P03_-_published.xlsx:220; Over500_2026_P03_-_published.xlsx:248; Over500_2026_P03_-_published.xlsx:249; Over500_2026_P03_-_published.xlsx:339
25000.0,SPRING VALLEY CHILDREN S CARE HOMES,Spring Valley Children's Care Homes ltd,2026-07-06,2026-08-04,3,25260.0,2,Children's Social Care,care_or_education_placement,False,Over500_2026_P04_-_published.xlsx:3744; Over500_2026_P04_-_published.xlsx:3157; Over500_2026_P04_-_published.xlsx:3096
25000.0,ST GABRIELS SCHOOL,ST GABRIELS SCHOOL,2026-06-30,2026-07-29,6,28295.29,4,Education (DSG Funded) & Other Education Grants,care_or_education_placement,True,Over500_2026_P03_-_published.xlsx:590; Over500_2026_P04_-_published.xlsx:3245; Over500_2026_P04_-_published.xlsx:3324; Over500_2026_P04_-_published.xlsx:3246; Over500_2026_P04_-_published.xlsx:3247; Over500_2026_P04_-_published.xlsx:3330
25000.0,STEP BY STEP PARTNERSHIP,STEP BY STEP PARTNERSHIP LTD,2026-05-19,2026-06-17,34,47790.49,13,Children's Social Care,care_or_education_placement,False,Over500_2026_P02_-_published.xlsx:2077; Over500_2026_P02_-_published.xlsx:2078; Over500_2026_P02_-_published.xlsx:2126; Over500_2026_P02_-_published.xlsx:2142; Over500_2026_P02_-_published.xlsx:2143; Over500_2026_P02_-_published.xlsx:2144; Over500_2026_P02_-_published.xlsx:2145; Over500_2026_P02_-_published.xlsx:2127; Over500_2026_P02_-_published.xlsx:2128; Over500_2026_P02_-_published.xlsx:2129; Over500_2026_P02_-_published.xlsx:2130; Over500_2026_P02_-_published.xlsx:2147; Over500_2026_P02_-_published.xlsx:2148; Over500_2026_P02_-_published.xlsx:2080; Over500_2026_P02_-_published.xlsx:2131; Over500_2026_P02_-_published.xlsx:2149; Over500_2026_P03_-_published.xlsx:2052; Over500_2026_P03_-_published.xlsx:2108; Over500_2026_P03_-_published.xlsx:2112; Over500_2026_P03_-_published.xlsx:3067; Over500_2026_P03_-_published.xlsx:3071; Over500_2026_P03_-_published.xlsx:1923; Over500_2026_P03_-_published.xlsx:2053; Over500_2026_P03_-_published.xlsx:2109; Over500_2026_P03_-_published.xlsx:2121; Over500_2026_P03_-_published.xlsx:2123; Over500_2026_P03_-_published.xlsx:3035; Over500_2026_P03_-_published.xlsx:3072; Over500_2026_P03_-_published.xlsx:3073; Over500_2026_P03_-_published.xlsx:2124; Over500_2026_P03_-_published.xlsx:3069; Over500_2026_P03_-_published.xlsx:1991; Over500_2026_P03_-_published.xlsx:2110; Over500_2026_P03_-_published.xlsx:3074
25000.0,STEPPING STONES,STEPPING STONES,2026-06-10,2026-07-09,8,52442.56,4,Adult Social Care,care_or_education_placement,False,Over500_2026_P03_-_published.xlsx:1469; Over500_2026_P03_-_published.xlsx:1574; Over500_2026_P03_-_published.xlsx:1851; Over500_2026_P03_-_published.xlsx:2896; Over500_2026_P04_-_published.xlsx:2165; Over500_2026_P04_-_published.xlsx:2186; Over500_2026_P04_-_published.xlsx:2716; Over500_2026_P04_-_published.xlsx:2940
25000.0,STROUD COURT COMMUNITY TRUST,STROUD COURT COMMUNITY TRUST,2026-06-10,2026-07-09,4,52055.84,2,Adult Social Care,care_or_education_placement,False,Over500_2026_P03_-_published.xlsx:756; Over500_2026_P03_-_published.xlsx:757; Over500_2026_P04_-_published.xlsx:652; Over500_2026_P04_-_published.xlsx:858
25000.0,SUKHBIR SINGH AND HARVINDER SINGH,Sukhbir Singh and Harvinder Singh T/A Calcot Services for Children (CSFC),2026-05-12,2026-06-10,15,277338.33,7,Education (DSG Funded) & Other Education Grants,care_or_education_placement,False,Over500_2026_P02_-_published.xlsx:2238; Over500_2026_P02_-_published.xlsx:2240; Over500_2026_P02_-_published.xlsx:2241; Over500_2026_P03_-_published.xlsx:2156; Over500_2026_P03_-_published.xlsx:2157; Over500_2026_P03_-_published.xlsx:2158; Over500_2026_P03_-_published.xlsx:2159; Over500_2026_P03_-_published.xlsx:2160; Over500_2026_P03_-_published.xlsx:2184; Over500_2026_P03_-_published.xlsx:2185; Over500_2026_P03_-_published.xlsx:2306; Over500_2026_P03_-_published.xlsx:2307; Over500_2026_P03_-_published.xlsx:3102; Over500_2026_P03_-_published.xlsx:3103; Over500_2026_P03_-_published.xlsx:3104
25000.0,SUMMIT CONTRACTORS BUILD,SUMMIT CONTRACTORS BUILD LTD,2026-05-18,2026-06-16,4,46568.55,4,Development & Housing,general_procurement,False,Over500_2026_P02_-_published.xlsx:747; Over500_2026_P03_-_published.xlsx:735; Over500_2026_P03_-_published.xlsx:736; Over500_2026_P03_-_published.xlsx:712
25000.0,SUNLIGHT HOMECARE SERVICES,Sunlight Homecare Services Ltd,2026-07-08,2026-08-06,13,48965.56,8,Adult Social Care,care_or_education_placement,False,Over500_2026_P04_-_published.xlsx:2310; Over500_2026_P04_-_published.xlsx:2392; Over500_2026_P04_-_published.xlsx:2988; Over500_2026_P04_-_published.xlsx:3002; Over500_2026_P04_-_published.xlsx:3566; Over500_2026_P04_-_published.xlsx:2405; Over500_2026_P04_-_published.xlsx:2710; Over500_2026_P04_-_published.xlsx:3050; Over500_2026_P04_-_published.xlsx:2552; Over500_2026_P04_-_published.xlsx:2580; Over500_2026_P04_-_published.xlsx:2581; Over500_2026_P04_-_published.xlsx:3000; Over500_2026_P04_-_published.xlsx:3569
25000.0,SWAN ADVOCACY,Swan Advocacy,2026-05-29,2026-06-27,6,38412.0,4,Adult Social Care,care_or_education_placement,True,Over500_2026_P02_-_published.xlsx:543; Over500_2026_P02_-_published.xlsx:853; Over500_2026_P03_-_published.xlsx:443; Over500_2026_P03_-_published.xlsx:817; Over500_2026_P03_-_published.xlsx:442; Over500_2026_P03_-_published.xlsx:818
25000.0,TEONFA,Teonfa Ltd,2026-07-01,2026-07-30,36,53091.42,24,Adult Social Care,care_or_education_placement,False,Over500_2026_P04_-_published.xlsx:1027; Over500_2026_P04_-_published.xlsx:1148; Over500_2026_P04_-_published.xlsx:1165; Over500_2026_P04_-_published.xlsx:1243; Over500_2026_P04_-_published.xlsx:1862; Over500_2026_P04_-_published.xlsx:1976; Over500_2026_P04_-_published.xlsx:2129; Over500_2026_P04_-_published.xlsx:2130; Over500_2026_P04_-_published.xlsx:2686; Over500_2026_P04_-_published.xlsx:2687; Over500_2026_P04_-_published.xlsx:1436; Over500_2026_P04_-_published.xlsx:1437; Over500_2026_P04_-_published.xlsx:1438; Over500_2026_P04_-_published.xlsx:1439; Over500_2026_P04_-_published.xlsx:1501; Over500_2026_P04_-_published.xlsx:1522; Over500_2026_P04_-_published.xlsx:1523; Over500_2026_P04_-_published.xlsx:1990; Over500_2026_P04_-_published.xlsx:2177; Over500_2026_P04_-_published.xlsx:2207; Over500_2026_P04_-_published.xlsx:2807; Over500_2026_P04_-_published.xlsx:949; Over500_2026_P04_-_published.xlsx:950; Over500_2026_P04_-_published.xlsx:1600; Over500_2026_P04_-_published.xlsx:1601; Over500_2026_P04_-_published.xlsx:1621; Over500_2026_P04_-_published.xlsx:1622; Over500_2026_P04_-_published.xlsx:1658; Over500_2026_P04_-_published.xlsx:1659; Over500_2026_P04_-_published.xlsx:2114; Over500_2026_P04_-_published.xlsx:2132; Over500_2026_P04_-_published.xlsx:2356; Over500_2026_P04_-_published.xlsx:2357; Over500_2026_P04_-_published.xlsx:2358; Over500_2026_P04_-_published.xlsx:954; Over500_2026_P04_-_published.xlsx:955
25000.0,THINKEMPATHY,Thinkempathy,2026-05-27,2026-06-25,16,130947.92,16,Adult Social Care,care_or_education_placement,False,Over500_2026_P02_-_published.xlsx:1806; Over500_2026_P02_-_published.xlsx:1807; Over500_2026_P02_-_published.xlsx:1808; Over500_2026_P02_-_published.xlsx:1809; Over500_2026_P02_-_published.xlsx:1810; Over500_2026_P02_-_published.xlsx:1811; Over500_2026_P02_-_published.xlsx:1948; Over500_2026_P02_-_published.xlsx:1949; Over500_2026_P02_-_published.xlsx:933; Over500_2026_P03_-_published.xlsx:1555; Over500_2026_P03_-_published.xlsx:1637; Over500_2026_P03_-_published.xlsx:1638; Over500_2026_P03_-_published.xlsx:1639; Over500_2026_P03_-_published.xlsx:1697; Over500_2026_P03_-_published.xlsx:1893; Over500_2026_P03_-_published.xlsx:932
25000.0,TK TRAVEL,TK TRAVEL LTD,2026-05-26,2026-06-24,4,25356.0,4,Education & SEND,general_procurement,False,Over500_2026_P02_-_published.xlsx:316; Over500_2026_P02_-_published.xlsx:317; Over500_2026_P03_-_published.xlsx:210; Over500_2026_P03_-_published.xlsx:246
25000.0,TOP CLASS QUALITY SERVICES,Top Class Quality Services Ltd,2026-06-10,2026-07-09,10,49824.0,5,Adult Social Care,care_or_education_placement,False,Over500_2026_P03_-_published.xlsx:1115; Over500_2026_P03_-_published.xlsx:1203; Over500_2026_P03_-_published.xlsx:1559; Over500_2026_P03_-_published.xlsx:1560; Over500_2026_P03_-_published.xlsx:2880; Over500_2026_P04_-_published.xlsx:1315; Over500_2026_P04_-_published.xlsx:1362; Over500_2026_P04_-_published.xlsx:1983; Over500_2026_P04_-_published.xlsx:1984; Over500_2026_P04_-_published.xlsx:2020
25000.0,TOPLINE CARE SOLUTIONS,Topline Care Solutions Ltd,2026-07-01,2026-07-30,33,66476.2,17,Adult Social Care,care_or_education_placement,False,Over500_2026_P04_-_published.xlsx:1196; Over500_2026_P04_-_published.xlsx:1209; Over500_2026_P04_-_published.xlsx:1218; Over500_2026_P04_-_published.xlsx:1769; Over500_2026_P04_-_published.xlsx:3636; Over500_2026_P04_-_published.xlsx:1233; Over500_2026_P04_-_published.xlsx:1234; Over500_2026_P04_-_published.xlsx:1235; Over500_2026_P04_-_published.xlsx:1318; Over500_2026_P04_-_published.xlsx:1319; Over500_2026_P04_-_published.xlsx:1363; Over500_2026_P04_-_published.xlsx:1364; Over500_2026_P04_-_published.xlsx:2048; Over500_2026_P04_-_published.xlsx:2049; Over500_2026_P04_-_published.xlsx:2050; Over500_2026_P04_-_published.xlsx:2051; Over500_2026_P04_-_published.xlsx:2649; Over500_2026_P04_-_published.xlsx:2746; Over500_2026_P04_-_published.xlsx:2727; Over500_2026_P04_-_published.xlsx:1602; Over500_2026_P04_-_published.xlsx:1603; Over500_2026_P04_-_published.xlsx:1623; Over500_2026_P04_-_published.xlsx:1624; Over500_2026_P04_-_published.xlsx:1631; Over500_2026_P04_-_published.xlsx:1660; Over500_2026_P04_-_published.xlsx:1661; Over500_2026_P04_-_published.xlsx:1662; Over500_2026_P04_-_published.xlsx:1663; Over500_2026_P04_-_published.xlsx:1679; Over500_2026_P04_-_published.xlsx:2359; Over500_2026_P04_-_published.xlsx:2360; Over500_2026_P04_-_published.xlsx:2361; Over500_2026_P04_-_published.xlsx:2651
25000.0,TRADING STANDARDS SOUTH EAST,Trading Standards South East Limited,2026-05-20,2026-06-18,3,27509.57,3,Community Services,general_procurement,False,Over500_2026_P02_-_published.xlsx:647; Over500_2026_P03_-_published.xlsx:2102; Over500_2026_P03_-_published.xlsx:2103
25000.0,TRANSPARENT CARE,Transparent Care Ltd,2026-06-24,2026-07-23,36,218359.1,16,Adult Social Care,care_or_education_placement,False,Over500_2026_P03_-_published.xlsx:1516; Over500_2026_P03_-_published.xlsx:1535; Over500_2026_P03_-_published.xlsx:1649; Over500_2026_P03_-_published.xlsx:1675; Over500_2026_P03_-_published.xlsx:1676; Over500_2026_P03_-_published.xlsx:1677; Over500_2026_P03_-_published.xlsx:2945; Over500_2026_P03_-_published.xlsx:2960; Over500_2026_P03_-_published.xlsx:912; Over500_2026_P04_-_published.xlsx:2148; Over500_2026_P04_-_published.xlsx:2307; Over500_2026_P04_-_published.xlsx:2308; Over500_2026_P04_-_published.xlsx:2309; Over500_2026_P04_-_published.xlsx:2323; Over500_2026_P04_-_published.xlsx:2324; Over500_2026_P04_-_published.xlsx:2330; Over500_2026_P04_-_published.xlsx:2331; Over500_2026_P04_-_published.xlsx:2352; Over500_2026_P04_-_published.xlsx:2389; Over500_2026_P04_-_published.xlsx:2390; Over500_2026_P04_-_published.xlsx:2613; Over500_2026_P04_-_published.xlsx:2614; Over500_2026_P04_-_published.xlsx:3014; Over500_2026_P04_-_published.xlsx:3015; Over500_2026_P04_-_published.xlsx:3016; Over500_2026_P04_-_published.xlsx:997; Over500_2026_P04_-_published.xlsx:1752; Over500_2026_P04_-_published.xlsx:2472; Over500_2026_P04_-_published.xlsx:2478; Over500_2026_P04_-_published.xlsx:2479; Over500_2026_P04_-_published.xlsx:2480; Over500_2026_P04_-_published.xlsx:2508; Over500_2026_P04_-_published.xlsx:2958; Over500_2026_P04_-_published.xlsx:3354; Over500_2026_P04_-_published.xlsx:3355; Over500_2026_P04_-_published.xlsx:3356
25000.0,TRIPLE VALUE IMPACT,Triple Value Impact,2026-06-17,2026-07-16,5,68028.0,5,Chief Executive,general_procurement,False,Over500_2026_P03_-_published.xlsx:2392; Over500_2026_P03_-_published.xlsx:2393; Over500_2026_P03_-_published.xlsx:641; Over500_2026_P03_-_published.xlsx:642; Over500_2026_P03_-_published.xlsx:649
25000.0,UNICORN SCHOOL,The Unicorn School,2026-05-11,2026-06-09,9,110305.33,6,Education (DSG Funded) & Other Education Grants,care_or_education_placement,False,Over500_2026_P02_-_published.xlsx:2229; Over500_2026_P02_-_published.xlsx:2230; Over500_2026_P02_-_published.xlsx:2231; Over500_2026_P02_-_published.xlsx:2232; Over500_2026_P02_-_published.xlsx:2233; Over500_2026_P02_-_published.xlsx:2234; Over500_2026_P02_-_published.xlsx:2235; Over500_2026_P02_-_published.xlsx:2236; Over500_2026_P02_-_published.xlsx:2237
25000.0,UNITED DOMCILIARY AND SUPPORT SERVICES,UNITED DOMCILIARY AND SUPPORT SERVICES,2026-06-17,2026-07-16,22,127099.54,20,Adult Social Care,care_or_education_placement,False,Over500_2026_P03_-_published.xlsx:1530; Over500_2026_P03_-_published.xlsx:3007; Over500_2026_P03_-_published.xlsx:3008; Over500_2026_P03_-_published.xlsx:3009; Over500_2026_P03_-_published.xlsx:1662; Over500_2026_P03_-_published.xlsx:1734; Over500_2026_P03_-_published.xlsx:1772; Over500_2026_P03_-_published.xlsx:1957; Over500_2026_P03_-_published.xlsx:3018; Over500_2026_P04_-_published.xlsx:2256; Over500_2026_P04_-_published.xlsx:2692; Over500_2026_P04_-_published.xlsx:2962; Over500_2026_P04_-_published.xlsx:2963; Over500_2026_P04_-_published.xlsx:2998; Over500_2026_P04_-_published.xlsx:2414; Over500_2026_P04_-_published.xlsx:2415; Over500_2026_P04_-_published.xlsx:2438; Over500_2026_P04_-_published.xlsx:2445; Over500_2026_P04_-_published.xlsx:2711; Over500_2026_P04_-_published.xlsx:2833; Over500_2026_P04_-_published.xlsx:2834; Over500_2026_P04_-_published.xlsx:3685
25000.0,UTOPIA SUPPORTED HOUSING,Utopia Supported Housing Ltd,2026-06-16,2026-07-15,6,63385.88,6,Children's Social Care,care_or_education_placement,False,Over500_2026_P03_-_published.xlsx:1934; Over500_2026_P03_-_published.xlsx:3041; Over500_2026_P03_-_published.xlsx:1992; Over500_2026_P03_-_published.xlsx:3037; Over500_2026_P03_-_published.xlsx:1937; Over500_2026_P04_-_published.xlsx:3059
25000.0,VALUED CARE SUPPORTED LIVING,Valued Care Supported Living,2026-05-20,2026-06-18,32,135657.79,19,Adult Social Care,care_or_education_placement,False,Over500_2026_P02_-_published.xlsx:1919; Over500_2026_P02_-_published.xlsx:1924; Over500_2026_P02_-_published.xlsx:1925; Over500_2026_P02_-_published.xlsx:1926; Over500_2026_P02_-_published.xlsx:1927; Over500_2026_P02_-_published.xlsx:1928; Over500_2026_P02_-_published.xlsx:1929; Over500_2026_P02_-_published.xlsx:1930; Over500_2026_P02_-_published.xlsx:1931; Over500_2026_P02_-_published.xlsx:1953; Over500_2026_P02_-_published.xlsx:1955; Over500_2026_P02_-_published.xlsx:1956; Over500_2026_P02_-_published.xlsx:1999; Over500_2026_P02_-_published.xlsx:2000; Over500_2026_P02_-_published.xlsx:2001; Over500_2026_P03_-_published.xlsx:1807; Over500_2026_P03_-_published.xlsx:1810; Over500_2026_P03_-_published.xlsx:1811; Over500_2026_P03_-_published.xlsx:1882; Over500_2026_P03_-_published.xlsx:1883; Over500_2026_P03_-_published.xlsx:1884; Over500_2026_P03_-_published.xlsx:1887; Over500_2026_P03_-_published.xlsx:1895; Over500_2026_P03_-_published.xlsx:1899; Over500_2026_P03_-_published.xlsx:1958; Over500_2026_P03_-_published.xlsx:1971; Over500_2026_P03_-_published.xlsx:3002; Over500_2026_P03_-_published.xlsx:3003; Over500_2026_P03_-_published.xlsx:3004; Over500_2026_P03_-_published.xlsx:3011; Over500_2026_P03_-_published.xlsx:3012; Over500_2026_P03_-_published.xlsx:3019
25000.0,VELOX HEALTHCARE,VELOX HEALTHCARE LIMITED,2026-06-04,2026-07-03,4,34308.0,4,Children's Social Care,care_or_education_placement,False,Over500_2026_P03_-_published.xlsx:1997; Over500_2026_P03_-_published.xlsx:3034; Over500_2026_P03_-_published.xlsx:2002; Over500_2026_P03_-_published.xlsx:1990
25000.0,VOLKERHIGHWAYS,VolkerHighways Ltd,2026-05-05,2026-06-03,32,258306.28,32,Environment,general_procurement,False,Over500_2026_P02_-_published.xlsx:2174; Over500_2026_P02_-_published.xlsx:2177; Over500_2026_P02_-_published.xlsx:2178; Over500_2026_P02_-_published.xlsx:2181; Over500_2026_P02_-_published.xlsx:695; Over500_2026_P02_-_published.xlsx:713; Over500_2026_P02_-_published.xlsx:723; Over500_2026_P02_-_published.xlsx:727; Over500_2026_P02_-_published.xlsx:696; Over500_2026_P02_-_published.xlsx:701; Over500_2026_P02_-_published.xlsx:714; Over500_2026_P02_-_published.xlsx:724; Over500_2026_P02_-_published.xlsx:703; Over500_2026_P02_-_published.xlsx:2179; Over500_2026_P02_-_published.xlsx:2193; Over500_2026_P02_-_published.xlsx:2170; Over500_2026_P02_-_published.xlsx:2185; Over500_2026_P02_-_published.xlsx:728; Over500_2026_P02_-_published.xlsx:731; Over500_2026_P02_-_published.xlsx:2172; Over500_2026_P02_-_published.xlsx:730; Over500_2026_P02_-_published.xlsx:734; Over500_2026_P02_-_published.xlsx:2180; Over500_2026_P02_-_published.xlsx:2182; Over500_2026_P02_-_published.xlsx:697; Over500_2026_P02_-_published.xlsx:715; Over500_2026_P02_-_published.xlsx:716; Over500_2026_P02_-_published.xlsx:721; Over500_2026_P02_-_published.xlsx:726; Over500_2026_P02_-_published.xlsx:693; Over500_2026_P02_-_published.xlsx:694; Over500_2026_P02_-_published.xlsx:699
25000.0,VOYAGE CARE,VOYAGE CARE,2026-05-13,2026-06-11,44,337815.88,26,Adult Social Care,care_or_education_placement,False,Over500_2026_P02_-_published.xlsx:1638; Over500_2026_P02_-_published.xlsx:1639; Over500_2026_P02_-_published.xlsx:1640; Over500_2026_P02_-_published.xlsx:1641; Over500_2026_P02_-_published.xlsx:1642; Over500_2026_P02_-_published.xlsx:1643; Over500_2026_P02_-_published.xlsx:1644; Over500_2026_P02_-_published.xlsx:1645; Over500_2026_P02_-_published.xlsx:1646; Over500_2026_P02_-_published.xlsx:1835; Over500_2026_P02_-_published.xlsx:1836; Over500_2026_P02_-_published.xlsx:1837; Over500_2026_P02_-_published.xlsx:1838; Over500_2026_P02_-_published.xlsx:1839; Over500_2026_P02_-_published.xlsx:1840; Over500_2026_P02_-_published.xlsx:1841; Over500_2026_P02_-_published.xlsx:1842; Over500_2026_P02_-_published.xlsx:1843; Over500_2026_P02_-_published.xlsx:1695; Over500_2026_P02_-_published.xlsx:1791; Over500_2026_P02_-_published.xlsx:1855; Over500_2026_P02_-_published.xlsx:1944; Over500_2026_P02_-_published.xlsx:1805; Over500_2026_P02_-_published.xlsx:1814; Over500_2026_P03_-_published.xlsx:1607; Over500_2026_P03_-_published.xlsx:2918; Over500_2026_P03_-_published.xlsx:1405; Over500_2026_P03_-_published.xlsx:1433; Over500_2026_P03_-_published.xlsx:1465; Over500_2026_P03_-_published.xlsx:1466; Over500_2026_P03_-_published.xlsx:1467; Over500_2026_P03_-_published.xlsx:1572; Over500_2026_P03_-_published.xlsx:1573; Over500_2026_P03_-_published.xlsx:1735; Over500_2026_P03_-_published.xlsx:1736; Over500_2026_P03_-_published.xlsx:1758; Over500_2026_P03_-_published.xlsx:1825; Over500_2026_P03_-_published.xlsx:1847; Over500_2026_P03_-_published.xlsx:1848; Over500_2026_P03_-_published.xlsx:1849; Over500_2026_P03_-_published.xlsx:1850; Over500_2026_P03_-_published.xlsx:2893; Over500_2026_P03_-_published.xlsx:2894; Over500_2026_P03_-_published.xlsx:2974
25000.0,WE ARE CARE COMPANY,We Are The Care Company Ltd,2026-07-08,2026-08-06,163,277923.25,89,Adult Social Care,care_or_education_placement,False,Over500_2026_P04_-_published.xlsx:1237; Over500_2026_P04_-_published.xlsx:1238; Over500_2026_P04_-_published.xlsx:1239; Over500_2026_P04_-_published.xlsx:1240; Over500_2026_P04_-_published.xlsx:1321; Over500_2026_P04_-_published.xlsx:1322; Over500_2026_P04_-_published.xlsx:1323; Over500_2026_P04_-_published.xlsx:1324; Over500_2026_P04_-_published.xlsx:1325; Over500_2026_P04_-_published.xlsx:1326; Over500_2026_P04_-_published.xlsx:1327; Over500_2026_P04_-_published.xlsx:1328; Over500_2026_P04_-_published.xlsx:1329; Over500_2026_P04_-_published.xlsx:1330; Over500_2026_P04_-_published.xlsx:1331; Over500_2026_P04_-_published.xlsx:1332; Over500_2026_P04_-_published.xlsx:1333; Over500_2026_P04_-_published.xlsx:1334; Over500_2026_P04_-_published.xlsx:1335; Over500_2026_P04_-_published.xlsx:1336; Over500_2026_P04_-_published.xlsx:1337; Over500_2026_P04_-_published.xlsx:1338; Over500_2026_P04_-_published.xlsx:1339; Over500_2026_P04_-_published.xlsx:1369; Over500_2026_P04_-_published.xlsx:1370; Over500_2026_P04_-_published.xlsx:1371; Over500_2026_P04_-_published.xlsx:1372; Over500_2026_P04_-_published.xlsx:1373; Over500_2026_P04_-_published.xlsx:1374; Over500_2026_P04_-_published.xlsx:1375; Over500_2026_P04_-_published.xlsx:1376; Over500_2026_P04_-_published.xlsx:1377; Over500_2026_P04_-_published.xlsx:1378; Over500_2026_P04_-_published.xlsx:1379; Over500_2026_P04_-_published.xlsx:1443; Over500_2026_P04_-_published.xlsx:1451; Over500_2026_P04_-_published.xlsx:1567; Over500_2026_P04_-_published.xlsx:1568; Over500_2026_P04_-_published.xlsx:1771; Over500_2026_P04_-_published.xlsx:1793; Over500_2026_P04_-_published.xlsx:1816; Over500_2026_P04_-_published.xlsx:2027; Over500_2026_P04_-_published.xlsx:2028; Over500_2026_P04_-_published.xlsx:2054; Over500_2026_P04_-_published.xlsx:2055; Over500_2026_P04_-_published.xlsx:2056; Over500_2026_P04_-_published.xlsx:2057; Over500_2026_P04_-_published.xlsx:2058; Over500_2026_P04_-_published.xlsx:2059; Over500_2026_P04_-_published.xlsx:2060; Over500_2026_P04_-_published.xlsx:2061; Over500_2026_P04_-_published.xlsx:2062; Over500_2026_P04_-_published.xlsx:2063; Over500_2026_P04_-_published.xlsx:2075; Over500_2026_P04_-_published.xlsx:2076; Over500_2026_P04_-_published.xlsx:2803; Over500_2026_P04_-_published.xlsx:2804; Over500_2026_P04_-_published.xlsx:896; Over500_2026_P04_-_published.xlsx:921; Over500_2026_P04_-_published.xlsx:922; Over500_2026_P04_-_published.xlsx:923; Over500_2026_P04_-_published.xlsx:933; Over500_2026_P04_-_published.xlsx:946; Over500_2026_P04_-_published.xlsx:1463; Over500_2026_P04_-_published.xlsx:1464; Over500_2026_P04_-_published.xlsx:1465; Over500_2026_P04_-_published.xlsx:1481; Over500_2026_P04_-_published.xlsx:1572; Over500_2026_P04_-_published.xlsx:2092; Over500_2026_P04_-_published.xlsx:2704; Over500_2026_P04_-_published.xlsx:2723; Over500_2026_P04_-_published.xlsx:2737; Over500_2026_P04_-_published.xlsx:2766; Over500_2026_P04_-_published.xlsx:937; Over500_2026_P04_-_published.xlsx:1531; Over500_2026_P04_-_published.xlsx:1532; Over500_2026_P04_-_published.xlsx:1541; Over500_2026_P04_-_published.xlsx:1542; Over500_2026_P04_-_published.xlsx:1543; Over500_2026_P04_-_published.xlsx:1582; Over500_2026_P04_-_published.xlsx:1583; Over500_2026_P04_-_published.xlsx:1584; Over500_2026_P04_-_published.xlsx:2097; Over500_2026_P04_-_published.xlsx:2112; Over500_2026_P04_-_published.xlsx:2216; Over500_2026_P04_-_published.xlsx:2650; Over500_2026_P04_-_published.xlsx:942; Over500_2026_P04_-_published.xlsx:943; Over500_2026_P04_-_published.xlsx:966; Over500_2026_P04_-_published.xlsx:1588; Over500_2026_P04_-_published.xlsx:1605; Over500_2026_P04_-_published.xlsx:1606; Over500_2026_P04_-_published.xlsx:1607; Over500_2026_P04_-_published.xlsx:1608; Over500_2026_P04_-_published.xlsx:1609; Over500_2026_P04_-_published.xlsx:1610; Over500_2026_P04_-_published.xlsx:1611; Over500_2026_P04_-_published.xlsx:1612; Over500_2026_P04_-_published.xlsx:1626; Over500_2026_P04_-_published.xlsx:1645; Over500_2026_P04_-_published.xlsx:1646; Over500_2026_P04_-_published.xlsx:1647; Over500_2026_P04_-_published.xlsx:1648; Over500_2026_P04_-_published.xlsx:1664; Over500_2026_P04_-_published.xlsx:1665; Over500_2026_P04_-_published.xlsx:1666; Over500_2026_P04_-_published.xlsx:1667; Over500_2026_P04_-_published.xlsx:1668; Over500_2026_P04_-_published.xlsx:1669; Over500_2026_P04_-_published.xlsx:1670; Over500_2026_P04_-_published.xlsx:1671; Over500_2026_P04_-_published.xlsx:1672; Over500_2026_P04_-_published.xlsx:1673; Over500_2026_P04_-_published.xlsx:1674; Over500_2026_P04_-_published.xlsx:1675; Over500_2026_P04_-_published.xlsx:1676; Over500_2026_P04_-_published.xlsx:1677; Over500_2026_P04_-_published.xlsx:1681; Over500_2026_P04_-_published.xlsx:1682; Over500_2026_P04_-_published.xlsx:1683; Over500_2026_P04_-_published.xlsx:1684; Over500_2026_P04_-_published.xlsx:1685; Over500_2026_P04_-_published.xlsx:1686; Over500_2026_P04_-_published.xlsx:1687; Over500_2026_P04_-_published.xlsx:1688; Over500_2026_P04_-_published.xlsx:1689; Over500_2026_P04_-_published.xlsx:1690; Over500_2026_P04_-_published.xlsx:1691; Over500_2026_P04_-_published.xlsx:1692; Over500_2026_P04_-_published.xlsx:1741; Over500_2026_P04_-_published.xlsx:1742; Over500_2026_P04_-_published.xlsx:1746; Over500_2026_P04_-_published.xlsx:1774; Over500_2026_P04_-_published.xlsx:1884; Over500_2026_P04_-_published.xlsx:2065; Over500_2026_P04_-_published.xlsx:2066; Over500_2026_P04_-_published.xlsx:2101; Over500_2026_P04_-_published.xlsx:2102; Over500_2026_P04_-_published.xlsx:2113; Over500_2026_P04_-_published.xlsx:2363; Over500_2026_P04_-_published.xlsx:2364; Over500_2026_P04_-_published.xlsx:2365; Over500_2026_P04_-_published.xlsx:2366; Over500_2026_P04_-_published.xlsx:2367; Over500_2026_P04_-_published.xlsx:2368; Over500_2026_P04_-_published.xlsx:2369; Over500_2026_P04_-_published.xlsx:2370; Over500_2026_P04_-_published.xlsx:2371; Over500_2026_P04_-_published.xlsx:2372; Over500_2026_P04_-_published.xlsx:2373; Over500_2026_P04_-_published.xlsx:2374; Over500_2026_P04_-_published.xlsx:2375; Over500_2026_P04_-_published.xlsx:2376; Over500_2026_P04_-_published.xlsx:2655; Over500_2026_P04_-_published.xlsx:2811; Over500_2026_P04_-_published.xlsx:2813; Over500_2026_P04_-_published.xlsx:2814; Over500_2026_P04_-_published.xlsx:956; Over500_2026_P04_-_published.xlsx:957; Over500_2026_P04_-_published.xlsx:958; Over500_2026_P04_-_published.xlsx:959; Over500_2026_P04_-_published.xlsx:968; Over500_2026_P04_-_published.xlsx:987
25000.0,WEAVAWAY TRAVEL,WEAVAWAY TRAVEL LTD,2026-07-08,2026-08-06,25,94891.38,25,Education & SEND,general_procurement,False,Over500_2026_P04_-_published.xlsx:181; Over500_2026_P04_-_published.xlsx:183; Over500_2026_P04_-_published.xlsx:195; Over500_2026_P04_-_published.xlsx:196; Over500_2026_P04_-_published.xlsx:245; Over500_2026_P04_-_published.xlsx:246; Over500_2026_P04_-_published.xlsx:253; Over500_2026_P04_-_published.xlsx:300; Over500_2026_P04_-_published.xlsx:301; Over500_2026_P04_-_published.xlsx:302; Over500_2026_P04_-_published.xlsx:309; Over500_2026_P04_-_published.xlsx:450; Over500_2026_P04_-_published.xlsx:451; Over500_2026_P04_-_published.xlsx:452; Over500_2026_P04_-_published.xlsx:459; Over500_2026_P04_-_published.xlsx:192; Over500_2026_P04_-_published.xlsx:197; Over500_2026_P04_-_published.xlsx:198; Over500_2026_P04_-_published.xlsx:249; Over500_2026_P04_-_published.xlsx:250; Over500_2026_P04_-_published.xlsx:305; Over500_2026_P04_-_published.xlsx:310; Over500_2026_P04_-_published.xlsx:311; Over500_2026_P04_-_published.xlsx:456; Over500_2026_P04_-_published.xlsx:460
25000.0,WEMYSS LODGE,Wemyss Lodge Ltd,2026-06-10,2026-07-09,7,44319.68,4,Adult Social Care,care_or_education_placement,False,Over500_2026_P03_-_published.xlsx:1334; Over500_2026_P03_-_published.xlsx:1476; Over500_2026_P03_-_published.xlsx:3021; Over500_2026_P04_-_published.xlsx:1994; Over500_2026_P04_-_published.xlsx:2669; Over500_2026_P04_-_published.xlsx:2821; Over500_2026_P04_-_published.xlsx:2909
25000.0,WEST BERKSHIRE MENCAP,WEST BERKSHIRE MENCAP,2026-07-01,2026-07-30,64,299073.26,34,Adult Social Care; Children's Social Care,care_or_education_placement,False,Over500_2026_P04_-_published.xlsx:1427; Over500_2026_P04_-_published.xlsx:1428; Over500_2026_P04_-_published.xlsx:1429; Over500_2026_P04_-_published.xlsx:1430; Over500_2026_P04_-_published.xlsx:683; Over500_2026_P04_-_published.xlsx:684; Over500_2026_P04_-_published.xlsx:685; Over500_2026_P04_-_published.xlsx:686; Over500_2026_P04_-_published.xlsx:817; Over500_2026_P04_-_published.xlsx:818; Over500_2026_P04_-_published.xlsx:848; Over500_2026_P04_-_published.xlsx:849; Over500_2026_P04_-_published.xlsx:875; Over500_2026_P04_-_published.xlsx:876; Over500_2026_P04_-_published.xlsx:722; Over500_2026_P04_-_published.xlsx:886; Over500_2026_P04_-_published.xlsx:1411; Over500_2026_P04_-_published.xlsx:1412; Over500_2026_P04_-_published.xlsx:1413; Over500_2026_P04_-_published.xlsx:1414; Over500_2026_P04_-_published.xlsx:1415; Over500_2026_P04_-_published.xlsx:1416; Over500_2026_P04_-_published.xlsx:1417; Over500_2026_P04_-_published.xlsx:1418; Over500_2026_P04_-_published.xlsx:658; Over500_2026_P04_-_published.xlsx:659; Over500_2026_P04_-_published.xlsx:660; Over500_2026_P04_-_published.xlsx:661; Over500_2026_P04_-_published.xlsx:662; Over500_2026_P04_-_published.xlsx:663; Over500_2026_P04_-_published.xlsx:810; Over500_2026_P04_-_published.xlsx:811; Over500_2026_P04_-_published.xlsx:862; Over500_2026_P04_-_published.xlsx:863; Over500_2026_P04_-_published.xlsx:864; Over500_2026_P04_-_published.xlsx:865; Over500_2026_P04_-_published.xlsx:866; Over500_2026_P04_-_published.xlsx:867; Over500_2026_P04_-_published.xlsx:868; Over500_2026_P04_-_published.xlsx:869; Over500_2026_P04_-_published.xlsx:1561; Over500_2026_P04_-_published.xlsx:1419; Over500_2026_P04_-_published.xlsx:2432; Over500_2026_P04_-_published.xlsx:854; Over500_2026_P04_-_published.xlsx:1420; Over500_2026_P04_-_published.xlsx:1421; Over500_2026_P04_-_published.xlsx:1422; Over500_2026_P04_-_published.xlsx:1423; Over500_2026_P04_-_published.xlsx:1559; Over500_2026_P04_-_published.xlsx:1560; Over500_2026_P04_-_published.xlsx:679; Over500_2026_P04_-_published.xlsx:680; Over500_2026_P04_-_published.xlsx:681; Over500_2026_P04_-_published.xlsx:682; Over500_2026_P04_-_published.xlsx:812; Over500_2026_P04_-_published.xlsx:813; Over500_2026_P04_-_published.xlsx:814; Over500_2026_P04_-_published.xlsx:815; Over500_2026_P04_-_published.xlsx:816; Over500_2026_P04_-_published.xlsx:871; Over500_2026_P04_-_published.xlsx:872; Over500_2026_P04_-_published.xlsx:873; Over500_2026_P04_-_published.xlsx:913; Over500_2026_P04_-_published.xlsx:723
25000.0,WESTMINSTER HOMECARE,Westminster Homecare,2026-06-24,2026-07-23,6,31260.48,4,Adult Social Care,care_or_education_placement,False,Over500_2026_P03_-_published.xlsx:1376; Over500_2026_P03_-_published.xlsx:1828; Over500_2026_P04_-_published.xlsx:1902; Over500_2026_P04_-_published.xlsx:3580; Over500_2026_P04_-_published.xlsx:2663; Over500_2026_P04_-_published.xlsx:2738
25000.0,WSP,WSP UK  LTD,2026-06-30,2026-07-29,12,33966.54,12,"Development & Housing; Environment; Finance, Property & Procurement",general_procurement,False,Over500_2026_P03_-_published.xlsx:1285; Over500_2026_P03_-_published.xlsx:456; Over500_2026_P03_-_published.xlsx:682; Over500_2026_P03_-_published.xlsx:694; Over500_2026_P03_-_published.xlsx:695; Over500_2026_P04_-_published.xlsx:547; Over500_2026_P04_-_published.xlsx:1294; Over500_2026_P04_-_published.xlsx:820; Over500_2026_P04_-_published.xlsx:1297; Over500_2026_P04_-_published.xlsx:1307; Over500_2026_P04_-_published.xlsx:1308; Over500_2026_P04_-_published.xlsx:65
25000.0,YOUNG PEOPLE AND CHILDREN FIRST,YOUNG PEOPLE & CHILDREN FIRST,2026-05-20,2026-06-18,10,36104.55,9,Adult Social Care; Children's Social Care,care_or_education_placement,False,Over500_2026_P02_-_published.xlsx:841; Over500_2026_P02_-_published.xlsx:2081; Over500_2026_P02_-_published.xlsx:2082; Over500_2026_P02_-_published.xlsx:2083; Over500_2026_P02_-_published.xlsx:2084; Over500_2026_P03_-_published.xlsx:1989; Over500_2026_P03_-_published.xlsx:1998; Over500_2026_P03_-_published.xlsx:1999; Over500_2026_P03_-_published.xlsx:3036; Over500_2026_P03_-_published.xlsx:790
25000.0,YOUR SERENITY,Your Serenity Ltd,2026-07-01,2026-07-30,38,49340.87,26,Adult Social Care,care_or_education_placement,False,Over500_2026_P04_-_published.xlsx:1150; Over500_2026_P04_-_published.xlsx:1167; Over500_2026_P04_-_published.xlsx:1168; Over500_2026_P04_-_published.xlsx:1169; Over500_2026_P04_-_published.xlsx:1170; Over500_2026_P04_-_published.xlsx:1171; Over500_2026_P04_-_published.xlsx:1194; Over500_2026_P04_-_published.xlsx:1776; Over500_2026_P04_-_published.xlsx:1857; Over500_2026_P04_-_published.xlsx:1858; Over500_2026_P04_-_published.xlsx:2916; Over500_2026_P04_-_published.xlsx:3644; Over500_2026_P04_-_published.xlsx:890; Over500_2026_P04_-_published.xlsx:1227; Over500_2026_P04_-_published.xlsx:1254; Over500_2026_P04_-_published.xlsx:1815; Over500_2026_P04_-_published.xlsx:2047; Over500_2026_P04_-_published.xlsx:3711; Over500_2026_P04_-_published.xlsx:929; Over500_2026_P04_-_published.xlsx:1467; Over500_2026_P04_-_published.xlsx:1468; Over500_2026_P04_-_published.xlsx:2086; Over500_2026_P04_-_published.xlsx:2837; Over500_2026_P04_-_published.xlsx:1538; Over500_2026_P04_-_published.xlsx:1539; Over500_2026_P04_-_published.xlsx:1535; Over500_2026_P04_-_published.xlsx:1547; Over500_2026_P04_-_published.xlsx:1593; Over500_2026_P04_-_published.xlsx:1594; Over500_2026_P04_-_published.xlsx:1595; Over500_2026_P04_-_published.xlsx:1619; Over500_2026_P04_-_published.xlsx:1639; Over500_2026_P04_-_published.xlsx:1640; Over500_2026_P04_-_published.xlsx:1745; Over500_2026_P04_-_published.xlsx:1799; Over500_2026_P04_-_published.xlsx:2290; Over500_2026_P04_-_published.xlsx:2291; Over500_2026_P04_-_published.xlsx:3714
25000.0,YUME PROJECT,The Yume Project Ltd,2026-06-17,2026-07-16,43,39577.29,22,Adult Social Care,care_or_education_placement,False,Over500_2026_P03_-_published.xlsx:1725; Over500_2026_P03_-_published.xlsx:1726; Over500_2026_P03_-_published.xlsx:1744; Over500_2026_P03_-_published.xlsx:1794; Over500_2026_P03_-_published.xlsx:1796; Over500_2026_P03_-_published.xlsx:1538; Over500_2026_P03_-_published.xlsx:1659; Over500_2026_P03_-_published.xlsx:1711; Over500_2026_P03_-_published.xlsx:1728; Over500_2026_P03_-_published.xlsx:1729; Over500_2026_P03_-_published.xlsx:1730; Over500_2026_P03_-_published.xlsx:1746; Over500_2026_P03_-_published.xlsx:1747; Over500_2026_P03_-_published.xlsx:1750; Over500_2026_P03_-_published.xlsx:1751; Over500_2026_P03_-_published.xlsx:1801; Over500_2026_P03_-_published.xlsx:1802; Over500_2026_P03_-_published.xlsx:2969; Over500_2026_P03_-_published.xlsx:2970; Over500_2026_P04_-_published.xlsx:2591; Over500_2026_P04_-_published.xlsx:2428; Over500_2026_P04_-_published.xlsx:2452; Over500_2026_P04_-_published.xlsx:2593; Over500_2026_P04_-_published.xlsx:2594; Over500_2026_P04_-_published.xlsx:2595; Over500_2026_P04_-_published.xlsx:2596; Over500_2026_P04_-_published.xlsx:2615; Over500_2026_P04_-_published.xlsx:2616; Over500_2026_P04_-_published.xlsx:2617; Over500_2026_P04_-_published.xlsx:2618; Over500_2026_P04_-_published.xlsx:2639; Over500_2026_P04_-_published.xlsx:2640; Over500_2026_P04_-_published.xlsx:2641; Over500_2026_P04_-_published.xlsx:2642; Over500_2026_P04_-_published.xlsx:3482; Over500_2026_P04_-_published.xlsx:3483; Over500_2026_P04_-_published.xlsx:3484; Over500_2026_P04_-_published.xlsx:3552; Over500_2026_P04_-_published.xlsx:3553; Over500_2026_P04_-_published.xlsx:3554; Over500_2026_P04_-_published.xlsx:3555; Over500_2026_P04_-_published.xlsx:3556; Over500_2026_P04_-_published.xlsx:3557
500000.0,AFFINITY TRUST SUPPORT,Affinity Trust Support Ltd,2026-06-24,2026-07-23,182,813496.97,103,Adult Social Care,care_or_education_placement,False,Over500_2026_P03_-_published.xlsx:1444; Over500_2026_P03_-_published.xlsx:1531; Over500_2026_P03_-_published.xlsx:1532; Over500_2026_P03_-_published.xlsx:1533; Over500_2026_P03_-_published.xlsx:1539; Over500_2026_P03_-_published.xlsx:1540; Over500_2026_P03_-_published.xlsx:1541; Over500_2026_P03_-_published.xlsx:1542; Over500_2026_P03_-_published.xlsx:1543; Over500_2026_P03_-_published.xlsx:1544; Over500_2026_P03_-_published.xlsx:1545; Over500_2026_P03_-_published.xlsx:1546; Over500_2026_P03_-_published.xlsx:1547; Over500_2026_P03_-_published.xlsx:1548; Over500_2026_P03_-_published.xlsx:1549; Over500_2026_P03_-_published.xlsx:1550; Over500_2026_P03_-_published.xlsx:1551; Over500_2026_P03_-_published.xlsx:1588; Over500_2026_P03_-_published.xlsx:1589; Over500_2026_P03_-_published.xlsx:1590; Over500_2026_P03_-_published.xlsx:1591; Over500_2026_P03_-_published.xlsx:1592; Over500_2026_P03_-_published.xlsx:1595; Over500_2026_P03_-_published.xlsx:1627; Over500_2026_P03_-_published.xlsx:1628; Over500_2026_P03_-_published.xlsx:1629; Over500_2026_P03_-_published.xlsx:1630; Over500_2026_P03_-_published.xlsx:1633; Over500_2026_P03_-_published.xlsx:1634; Over500_2026_P03_-_published.xlsx:1635; Over500_2026_P03_-_published.xlsx:1640; Over500_2026_P03_-_published.xlsx:1641; Over500_2026_P03_-_published.xlsx:1642; Over500_2026_P03_-_published.xlsx:1643; Over500_2026_P03_-_published.xlsx:1644; Over500_2026_P03_-_published.xlsx:1663; Over500_2026_P03_-_published.xlsx:1664; Over500_2026_P03_-_published.xlsx:1665; Over500_2026_P03_-_published.xlsx:1666; Over500_2026_P03_-_published.xlsx:1667; Over500_2026_P03_-_published.xlsx:1674; Over500_2026_P03_-_published.xlsx:1678; Over500_2026_P03_-_published.xlsx:1689; Over500_2026_P03_-_published.xlsx:1690; Over500_2026_P03_-_published.xlsx:1691; Over500_2026_P03_-_published.xlsx:1692; Over500_2026_P03_-_published.xlsx:1693; Over500_2026_P03_-_published.xlsx:1694; Over500_2026_P03_-_published.xlsx:1695; Over500_2026_P03_-_published.xlsx:1696; Over500_2026_P03_-_published.xlsx:1699; Over500_2026_P03_-_published.xlsx:1700; Over500_2026_P03_-_published.xlsx:1701; Over500_2026_P03_-_published.xlsx:1702; Over500_2026_P03_-_published.xlsx:1703; Over500_2026_P03_-_published.xlsx:1704; Over500_2026_P03_-_published.xlsx:1715; Over500_2026_P03_-_published.xlsx:1716; Over500_2026_P03_-_published.xlsx:1754; Over500_2026_P03_-_published.xlsx:1764; Over500_2026_P03_-_published.xlsx:1768; Over500_2026_P03_-_published.xlsx:1770; Over500_2026_P03_-_published.xlsx:1771; Over500_2026_P03_-_published.xlsx:1831; Over500_2026_P03_-_published.xlsx:1832; Over500_2026_P03_-_published.xlsx:1844; Over500_2026_P03_-_published.xlsx:1855; Over500_2026_P03_-_published.xlsx:1856; Over500_2026_P03_-_published.xlsx:1875; Over500_2026_P03_-_published.xlsx:1977; Over500_2026_P03_-_published.xlsx:1983; Over500_2026_P03_-_published.xlsx:2914; Over500_2026_P03_-_published.xlsx:2939; Over500_2026_P03_-_published.xlsx:2940; Over500_2026_P03_-_published.xlsx:2941; Over500_2026_P03_-_published.xlsx:2942; Over500_2026_P03_-_published.xlsx:2943; Over500_2026_P03_-_published.xlsx:2944; Over500_2026_P03_-_published.xlsx:2955; Over500_2026_P03_-_published.xlsx:2956; Over500_2026_P03_-_published.xlsx:2957; Over500_2026_P03_-_published.xlsx:2958; Over500_2026_P03_-_published.xlsx:2959; Over500_2026_P03_-_published.xlsx:2978; Over500_2026_P03_-_published.xlsx:2986; Over500_2026_P03_-_published.xlsx:935; Over500_2026_P04_-_published.xlsx:2222; Over500_2026_P04_-_published.xlsx:2224; Over500_2026_P04_-_published.xlsx:2226; Over500_2026_P04_-_published.xlsx:2227; Over500_2026_P04_-_published.xlsx:2239; Over500_2026_P04_-_published.xlsx:2240; Over500_2026_P04_-_published.xlsx:2241; Over500_2026_P04_-_published.xlsx:2251; Over500_2026_P04_-_published.xlsx:2252; Over500_2026_P04_-_published.xlsx:2253; Over500_2026_P04_-_published.xlsx:2257; Over500_2026_P04_-_published.xlsx:2258; Over500_2026_P04_-_published.xlsx:2259; Over500_2026_P04_-_published.xlsx:2267; Over500_2026_P04_-_published.xlsx:2268; Over500_2026_P04_-_published.xlsx:2269; Over500_2026_P04_-_published.xlsx:2270; Over500_2026_P04_-_published.xlsx:2271; Over500_2026_P04_-_published.xlsx:2272; Over500_2026_P04_-_published.xlsx:2294; Over500_2026_P04_-_published.xlsx:2295; Over500_2026_P04_-_published.xlsx:2313; Over500_2026_P04_-_published.xlsx:2314; Over500_2026_P04_-_published.xlsx:2315; Over500_2026_P04_-_published.xlsx:2316; Over500_2026_P04_-_published.xlsx:2337; Over500_2026_P04_-_published.xlsx:2338; Over500_2026_P04_-_published.xlsx:2339; Over500_2026_P04_-_published.xlsx:2340; Over500_2026_P04_-_published.xlsx:2341; Over500_2026_P04_-_published.xlsx:2342; Over500_2026_P04_-_published.xlsx:2343; Over500_2026_P04_-_published.xlsx:2344; Over500_2026_P04_-_published.xlsx:2603; Over500_2026_P04_-_published.xlsx:2707; Over500_2026_P04_-_published.xlsx:2742; Over500_2026_P04_-_published.xlsx:2765; Over500_2026_P04_-_published.xlsx:2960; Over500_2026_P04_-_published.xlsx:2961; Over500_2026_P04_-_published.xlsx:2970; Over500_2026_P04_-_published.xlsx:2971; Over500_2026_P04_-_published.xlsx:2972; Over500_2026_P04_-_published.xlsx:2973; Over500_2026_P04_-_published.xlsx:2974; Over500_2026_P04_-_published.xlsx:2975; Over500_2026_P04_-_published.xlsx:2976; Over500_2026_P04_-_published.xlsx:2977; Over500_2026_P04_-_published.xlsx:2978; Over500_2026_P04_-_published.xlsx:2979; Over500_2026_P04_-_published.xlsx:2980; Over500_2026_P04_-_published.xlsx:2981; Over500_2026_P04_-_published.xlsx:2982; Over500_2026_P04_-_published.xlsx:3066; Over500_2026_P04_-_published.xlsx:3564; Over500_2026_P04_-_published.xlsx:3629; Over500_2026_P04_-_published.xlsx:3730; Over500_2026_P04_-_published.xlsx:3731; Over500_2026_P04_-_published.xlsx:972; Over500_2026_P04_-_published.xlsx:2297; Over500_2026_P04_-_published.xlsx:2298; Over500_2026_P04_-_published.xlsx:2299; Over500_2026_P04_-_published.xlsx:2300; Over500_2026_P04_-_published.xlsx:2301; Over500_2026_P04_-_published.xlsx:2302; Over500_2026_P04_-_published.xlsx:2317; Over500_2026_P04_-_published.xlsx:2318; Over500_2026_P04_-_published.xlsx:2319; Over500_2026_P04_-_published.xlsx:2320; Over500_2026_P04_-_published.xlsx:2321; Over500_2026_P04_-_published.xlsx:2322; Over500_2026_P04_-_published.xlsx:2334; Over500_2026_P04_-_published.xlsx:2345; Over500_2026_P04_-_published.xlsx:2346; Over500_2026_P04_-_published.xlsx:2347; Over500_2026_P04_-_published.xlsx:2348; Over500_2026_P04_-_published.xlsx:2350; Over500_2026_P04_-_published.xlsx:2351; Over500_2026_P04_-_published.xlsx:2391; Over500_2026_P04_-_published.xlsx:2693; Over500_2026_P04_-_published.xlsx:2694; Over500_2026_P04_-_published.xlsx:2985; Over500_2026_P04_-_published.xlsx:2986; Over500_2026_P04_-_published.xlsx:2989; Over500_2026_P04_-_published.xlsx:3008; Over500_2026_P04_-_published.xlsx:3565; Over500_2026_P04_-_published.xlsx:974; Over500_2026_P04_-_published.xlsx:993; Over500_2026_P04_-_published.xlsx:2401; Over500_2026_P04_-_published.xlsx:2402; Over500_2026_P04_-_published.xlsx:2422; Over500_2026_P04_-_published.xlsx:2423; Over500_2026_P04_-_published.xlsx:2441; Over500_2026_P04_-_published.xlsx:2709; Over500_2026_P04_-_published.xlsx:3028; Over500_2026_P04_-_published.xlsx:3029; Over500_2026_P04_-_published.xlsx:3045
500000.0,BUPA CARE SERVICES,BUPA Care Services,2026-06-10,2026-07-09,248,1259714.57,72,Adult Social Care,care_or_education_placement,False,Over500_2026_P03_-_published.xlsx:1003; Over500_2026_P03_-_published.xlsx:1005; Over500_2026_P03_-_published.xlsx:1006; Over500_2026_P03_-_published.xlsx:1011; Over500_2026_P03_-_published.xlsx:1012; Over500_2026_P03_-_published.xlsx:1027; Over500_2026_P03_-_published.xlsx:1028; Over500_2026_P03_-_published.xlsx:1312; Over500_2026_P03_-_published.xlsx:1323; Over500_2026_P03_-_published.xlsx:1324; Over500_2026_P03_-_published.xlsx:1325; Over500_2026_P03_-_published.xlsx:1326; Over500_2026_P03_-_published.xlsx:1327; Over500_2026_P03_-_published.xlsx:1328; Over500_2026_P03_-_published.xlsx:1329; Over500_2026_P03_-_published.xlsx:1330; Over500_2026_P03_-_published.xlsx:1336; Over500_2026_P03_-_published.xlsx:1342; Over500_2026_P03_-_published.xlsx:1343; Over500_2026_P03_-_published.xlsx:1344; Over500_2026_P03_-_published.xlsx:1345; Over500_2026_P03_-_published.xlsx:1346; Over500_2026_P03_-_published.xlsx:1371; Over500_2026_P03_-_published.xlsx:1372; Over500_2026_P03_-_published.xlsx:1377; Over500_2026_P03_-_published.xlsx:1378; Over500_2026_P03_-_published.xlsx:1379; Over500_2026_P03_-_published.xlsx:1380; Over500_2026_P03_-_published.xlsx:1412; Over500_2026_P03_-_published.xlsx:1413; Over500_2026_P03_-_published.xlsx:1414; Over500_2026_P03_-_published.xlsx:1460; Over500_2026_P03_-_published.xlsx:1470; Over500_2026_P03_-_published.xlsx:1477; Over500_2026_P03_-_published.xlsx:1485; Over500_2026_P03_-_published.xlsx:1486; Over500_2026_P03_-_published.xlsx:1487; Over500_2026_P03_-_published.xlsx:1759; Over500_2026_P03_-_published.xlsx:1822; Over500_2026_P03_-_published.xlsx:2690; Over500_2026_P03_-_published.xlsx:2691; Over500_2026_P03_-_published.xlsx:2700; Over500_2026_P03_-_published.xlsx:2701; Over500_2026_P03_-_published.xlsx:2702; Over500_2026_P03_-_published.xlsx:2703; Over500_2026_P03_-_published.xlsx:2709; Over500_2026_P03_-_published.xlsx:2710; Over500_2026_P03_-_published.xlsx:2716; Over500_2026_P03_-_published.xlsx:2825; Over500_2026_P03_-_published.xlsx:2831; Over500_2026_P03_-_published.xlsx:2832; Over500_2026_P03_-_published.xlsx:2833; Over500_2026_P03_-_published.xlsx:2834; Over500_2026_P03_-_published.xlsx:2844; Over500_2026_P03_-_published.xlsx:2849; Over500_2026_P03_-_published.xlsx:2850; Over500_2026_P03_-_published.xlsx:2851; Over500_2026_P03_-_published.xlsx:2890; Over500_2026_P03_-_published.xlsx:3020; Over500_2026_P03_-_published.xlsx:3023; Over500_2026_P03_-_published.xlsx:837; Over500_2026_P03_-_published.xlsx:852; Over500_2026_P03_-_published.xlsx:871; Over500_2026_P03_-_published.xlsx:872; Over500_2026_P03_-_published.xlsx:893; Over500_2026_P03_-_published.xlsx:894; Over500_2026_P03_-_published.xlsx:895; Over500_2026_P03_-_published.xlsx:896; Over500_2026_P03_-_published.xlsx:897; Over500_2026_P03_-_published.xlsx:898; Over500_2026_P03_-_published.xlsx:903; Over500_2026_P03_-_published.xlsx:904; Over500_2026_P03_-_published.xlsx:919; Over500_2026_P03_-_published.xlsx:920; Over500_2026_P03_-_published.xlsx:921; Over500_2026_P03_-_published.xlsx:922; Over500_2026_P03_-_published.xlsx:923; Over500_2026_P03_-_published.xlsx:940; Over500_2026_P03_-_published.xlsx:941; Over500_2026_P03_-_published.xlsx:942; Over500_2026_P03_-_published.xlsx:943; Over500_2026_P03_-_published.xlsx:944; Over500_2026_P03_-_published.xlsx:945; Over500_2026_P03_-_published.xlsx:946; Over500_2026_P03_-_published.xlsx:947; Over500_2026_P03_-_published.xlsx:953; Over500_2026_P03_-_published.xlsx:954; Over500_2026_P03_-_published.xlsx:960; Over500_2026_P03_-_published.xlsx:961; Over500_2026_P03_-_published.xlsx:962; Over500_2026_P03_-_published.xlsx:975; Over500_2026_P03_-_published.xlsx:976; Over500_2026_P03_-_published.xlsx:977; Over500_2026_P03_-_published.xlsx:980; Over500_2026_P03_-_published.xlsx:981; Over500_2026_P03_-_published.xlsx:987; Over500_2026_P04_-_published.xlsx:1028; Over500_2026_P04_-_published.xlsx:1029; Over500_2026_P04_-_published.xlsx:1030; Over500_2026_P04_-_published.xlsx:1031; Over500_2026_P04_-_published.xlsx:1051; Over500_2026_P04_-_published.xlsx:1067; Over500_2026_P04_-_published.xlsx:1068; Over500_2026_P04_-_published.xlsx:1069; Over500_2026_P04_-_published.xlsx:1075; Over500_2026_P04_-_published.xlsx:1076; Over500_2026_P04_-_published.xlsx:1077; Over500_2026_P04_-_published.xlsx:1078; Over500_2026_P04_-_published.xlsx:1079; Over500_2026_P04_-_published.xlsx:1080; Over500_2026_P04_-_published.xlsx:1100; Over500_2026_P04_-_published.xlsx:1132; Over500_2026_P04_-_published.xlsx:1133; Over500_2026_P04_-_published.xlsx:1151; Over500_2026_P04_-_published.xlsx:1817; Over500_2026_P04_-_published.xlsx:1841; Over500_2026_P04_-_published.xlsx:1889; Over500_2026_P04_-_published.xlsx:1925; Over500_2026_P04_-_published.xlsx:1944; Over500_2026_P04_-_published.xlsx:2770; Over500_2026_P04_-_published.xlsx:2869; Over500_2026_P04_-_published.xlsx:1032; Over500_2026_P04_-_published.xlsx:1033; Over500_2026_P04_-_published.xlsx:1034; Over500_2026_P04_-_published.xlsx:1035; Over500_2026_P04_-_published.xlsx:1036; Over500_2026_P04_-_published.xlsx:1037; Over500_2026_P04_-_published.xlsx:1038; Over500_2026_P04_-_published.xlsx:1039; Over500_2026_P04_-_published.xlsx:1040; Over500_2026_P04_-_published.xlsx:1041; Over500_2026_P04_-_published.xlsx:1042; Over500_2026_P04_-_published.xlsx:1043; Over500_2026_P04_-_published.xlsx:1070; Over500_2026_P04_-_published.xlsx:1071; Over500_2026_P04_-_published.xlsx:1072; Over500_2026_P04_-_published.xlsx:1073; Over500_2026_P04_-_published.xlsx:1081; Over500_2026_P04_-_published.xlsx:1082; Over500_2026_P04_-_published.xlsx:1083; Over500_2026_P04_-_published.xlsx:1084; Over500_2026_P04_-_published.xlsx:1085; Over500_2026_P04_-_published.xlsx:1086; Over500_2026_P04_-_published.xlsx:1087; Over500_2026_P04_-_published.xlsx:1088; Over500_2026_P04_-_published.xlsx:1089; Over500_2026_P04_-_published.xlsx:1090; Over500_2026_P04_-_published.xlsx:1091; Over500_2026_P04_-_published.xlsx:1103; Over500_2026_P04_-_published.xlsx:1104; Over500_2026_P04_-_published.xlsx:1105; Over500_2026_P04_-_published.xlsx:1106; Over500_2026_P04_-_published.xlsx:1107; Over500_2026_P04_-_published.xlsx:1115; Over500_2026_P04_-_published.xlsx:1116; Over500_2026_P04_-_published.xlsx:1117; Over500_2026_P04_-_published.xlsx:1118; Over500_2026_P04_-_published.xlsx:1119; Over500_2026_P04_-_published.xlsx:1120; Over500_2026_P04_-_published.xlsx:1135; Over500_2026_P04_-_published.xlsx:1136; Over500_2026_P04_-_published.xlsx:1137; Over500_2026_P04_-_published.xlsx:1153; Over500_2026_P04_-_published.xlsx:1154; Over500_2026_P04_-_published.xlsx:1155; Over500_2026_P04_-_published.xlsx:1156; Over500_2026_P04_-_published.xlsx:1157; Over500_2026_P04_-_published.xlsx:1158; Over500_2026_P04_-_published.xlsx:1563; Over500_2026_P04_-_published.xlsx:1565; Over500_2026_P04_-_published.xlsx:1791; Over500_2026_P04_-_published.xlsx:1792; Over500_2026_P04_-_published.xlsx:1813; Over500_2026_P04_-_published.xlsx:1814; Over500_2026_P04_-_published.xlsx:1818; Over500_2026_P04_-_published.xlsx:1819; Over500_2026_P04_-_published.xlsx:1820; Over500_2026_P04_-_published.xlsx:1821; Over500_2026_P04_-_published.xlsx:1822; Over500_2026_P04_-_published.xlsx:1823; Over500_2026_P04_-_published.xlsx:1824; Over500_2026_P04_-_published.xlsx:1825; Over500_2026_P04_-_published.xlsx:1826; Over500_2026_P04_-_published.xlsx:1827; Over500_2026_P04_-_published.xlsx:1828; Over500_2026_P04_-_published.xlsx:1829; Over500_2026_P04_-_published.xlsx:1830; Over500_2026_P04_-_published.xlsx:1831; Over500_2026_P04_-_published.xlsx:1845; Over500_2026_P04_-_published.xlsx:1846; Over500_2026_P04_-_published.xlsx:1847; Over500_2026_P04_-_published.xlsx:1848; Over500_2026_P04_-_published.xlsx:1849; Over500_2026_P04_-_published.xlsx:1850; Over500_2026_P04_-_published.xlsx:1871; Over500_2026_P04_-_published.xlsx:1881; Over500_2026_P04_-_published.xlsx:1890; Over500_2026_P04_-_published.xlsx:1891; Over500_2026_P04_-_published.xlsx:1892; Over500_2026_P04_-_published.xlsx:1893; Over500_2026_P04_-_published.xlsx:1894; Over500_2026_P04_-_published.xlsx:1895; Over500_2026_P04_-_published.xlsx:1896; Over500_2026_P04_-_published.xlsx:1904; Over500_2026_P04_-_published.xlsx:1905; Over500_2026_P04_-_published.xlsx:1906; Over500_2026_P04_-_published.xlsx:1907; Over500_2026_P04_-_published.xlsx:1908; Over500_2026_P04_-_published.xlsx:1922; Over500_2026_P04_-_published.xlsx:1923; Over500_2026_P04_-_published.xlsx:1924; Over500_2026_P04_-_published.xlsx:1926; Over500_2026_P04_-_published.xlsx:1927; Over500_2026_P04_-_published.xlsx:1928; Over500_2026_P04_-_published.xlsx:1929; Over500_2026_P04_-_published.xlsx:1930; Over500_2026_P04_-_published.xlsx:1931; Over500_2026_P04_-_published.xlsx:1948; Over500_2026_P04_-_published.xlsx:1949; Over500_2026_P04_-_published.xlsx:1950; Over500_2026_P04_-_published.xlsx:1951; Over500_2026_P04_-_published.xlsx:1952; Over500_2026_P04_-_published.xlsx:1963; Over500_2026_P04_-_published.xlsx:2003; Over500_2026_P04_-_published.xlsx:2004; Over500_2026_P04_-_published.xlsx:2005; Over500_2026_P04_-_published.xlsx:2006; Over500_2026_P04_-_published.xlsx:2131; Over500_2026_P04_-_published.xlsx:2178; Over500_2026_P04_-_published.xlsx:2656; Over500_2026_P04_-_published.xlsx:2664; Over500_2026_P04_-_published.xlsx:2665; Over500_2026_P04_-_published.xlsx:2666; Over500_2026_P04_-_published.xlsx:2676; Over500_2026_P04_-_published.xlsx:2677; Over500_2026_P04_-_published.xlsx:2678; Over500_2026_P04_-_published.xlsx:2717; Over500_2026_P04_-_published.xlsx:2884; Over500_2026_P04_-_published.xlsx:2908; Over500_2026_P04_-_published.xlsx:2931; Over500_2026_P04_-_published.xlsx:2932; Over500_2026_P04_-_published.xlsx:3006; Over500_2026_P04_-_published.xlsx:3699; Over500_2026_P04_-_published.xlsx:3704; Over500_2026_P04_-_published.xlsx:724; Over500_2026_P04_-_published.xlsx:887; Over500_2026_P04_-_published.xlsx:916; Over500_2026_P04_-_published.xlsx:927
500000.0,COMENSURA,Comensura Ltd,2026-05-27,2026-06-25,6,546495.3,6,Strategy & Governance,agency_staff,False,Over500_2026_P02_-_published.xlsx:7; Over500_2026_P03_-_published.xlsx:14; Over500_2026_P03_-_published.xlsx:12; Over500_2026_P03_-_published.xlsx:9; Over500_2026_P03_-_published.xlsx:10; Over500_2026_P03_-_published.xlsx:11
500000.0,OAKLANDS SEN SCHOOL BERKSHIRE,Oaklands SEN School Berkshire Limited,2026-06-17,2026-07-16,54,1026661.89,5,Education (DSG Funded) & Other Education Grants,care_or_education_placement,False,Over500_2026_P03_-_published.xlsx:2164; Over500_2026_P03_-_published.xlsx:2165; Over500_2026_P03_-_published.xlsx:2166; Over500_2026_P03_-_published.xlsx:2167; Over500_2026_P03_-_published.xlsx:2169; Over500_2026_P03_-_published.xlsx:2170; Over500_2026_P03_-_published.xlsx:2171; Over500_2026_P03_-_published.xlsx:2172; Over500_2026_P03_-_published.xlsx:2173; Over500_2026_P03_-_published.xlsx:2174; Over500_2026_P03_-_published.xlsx:2175; Over500_2026_P03_-_published.xlsx:2176; Over500_2026_P03_-_published.xlsx:2177; Over500_2026_P03_-_published.xlsx:2189; Over500_2026_P03_-_published.xlsx:2190; Over500_2026_P03_-_published.xlsx:2191; Over500_2026_P03_-_published.xlsx:2192; Over500_2026_P03_-_published.xlsx:2193; Over500_2026_P03_-_published.xlsx:2194; Over500_2026_P03_-_published.xlsx:2195; Over500_2026_P03_-_published.xlsx:2196; Over500_2026_P03_-_published.xlsx:2197; Over500_2026_P03_-_published.xlsx:2198; Over500_2026_P03_-_published.xlsx:2199; Over500_2026_P03_-_published.xlsx:2200; Over500_2026_P03_-_published.xlsx:2201; Over500_2026_P03_-_published.xlsx:2202; Over500_2026_P03_-_published.xlsx:2203; Over500_2026_P03_-_published.xlsx:2204; Over500_2026_P03_-_published.xlsx:2310; Over500_2026_P03_-_published.xlsx:2311; Over500_2026_P03_-_published.xlsx:2312; Over500_2026_P03_-_published.xlsx:2313; Over500_2026_P03_-_published.xlsx:2314; Over500_2026_P03_-_published.xlsx:2315; Over500_2026_P03_-_published.xlsx:2316; Over500_2026_P03_-_published.xlsx:2317; Over500_2026_P03_-_published.xlsx:2318; Over500_2026_P03_-_published.xlsx:2319; Over500_2026_P03_-_published.xlsx:2320; Over500_2026_P03_-_published.xlsx:2321; Over500_2026_P03_-_published.xlsx:2322; Over500_2026_P03_-_published.xlsx:2323; Over500_2026_P03_-_published.xlsx:3106; Over500_2026_P03_-_published.xlsx:3107; Over500_2026_P03_-_published.xlsx:3108; Over500_2026_P03_-_published.xlsx:3109; Over500_2026_P03_-_published.xlsx:3110; Over500_2026_P03_-_published.xlsx:3111; Over500_2026_P03_-_published.xlsx:3112; Over500_2026_P03_-_published.xlsx:3113; Over500_2026_P03_-_published.xlsx:3114; Over500_2026_P03_-_published.xlsx:3115; Over500_2026_P03_-_published.xlsx:3116
500000.0,PHOENIX CHILD CARE GRANGE SCHOOL,Phoenix Child Care Limited -The Grange School,2026-05-19,2026-06-17,23,566088.82,10,Education (DSG Funded) & Other Education Grants,care_or_education_placement,False,Over500_2026_P02_-_published.xlsx:2242; Over500_2026_P02_-_published.xlsx:2243; Over500_2026_P02_-_published.xlsx:2244; Over500_2026_P02_-_published.xlsx:2245; Over500_2026_P02_-_published.xlsx:2246; Over500_2026_P02_-_published.xlsx:2247; Over500_2026_P02_-_published.xlsx:2248; Over500_2026_P02_-_published.xlsx:2249; Over500_2026_P02_-_published.xlsx:2250; Over500_2026_P02_-_published.xlsx:2251; Over500_2026_P02_-_published.xlsx:2252; Over500_2026_P02_-_published.xlsx:2253; Over500_2026_P02_-_published.xlsx:2254; Over500_2026_P02_-_published.xlsx:2255; Over500_2026_P02_-_published.xlsx:2256; Over500_2026_P02_-_published.xlsx:2257; Over500_2026_P02_-_published.xlsx:2258; Over500_2026_P02_-_published.xlsx:2259; Over500_2026_P02_-_published.xlsx:2260; Over500_2026_P02_-_published.xlsx:2262; Over500_2026_P02_-_published.xlsx:2263; Over500_2026_P03_-_published.xlsx:2179; Over500_2026_P03_-_published.xlsx:2229
500000.0,RUSKIN MILL TRUST,RUSKIN MILL TRUST,2026-05-13,2026-06-11,5,550097.21,5,Adult Social Care,care_or_education_placement,False,Over500_2026_P02_-_published.xlsx:1822; Over500_2026_P02_-_published.xlsx:823; Over500_2026_P03_-_published.xlsx:2676; Over500_2026_P03_-_published.xlsx:801; Over500_2026_P03_-_published.xlsx:802
500000.0,SOFTWAREONE,SoftwareONE UK Ltd,2026-05-27,2026-06-25,4,522978.62,4,"Transformation, Customer & ICT",general_procurement,False,Over500_2026_P02_-_published.xlsx:473; Over500_2026_P02_-_published.xlsx:474; Over500_2026_P02_-_published.xlsx:653; Over500_2026_P02_-_published.xlsx:654
500000.0,VOLKERHIGHWAYS,VolkerHighways Ltd,2026-05-11,2026-06-09,54,2986550.13,54,Environment,general_procurement,False,Over500_2026_P02_-_published.xlsx:727; Over500_2026_P02_-_published.xlsx:696; Over500_2026_P02_-_published.xlsx:700; Over500_2026_P02_-_published.xlsx:701; Over500_2026_P02_-_published.xlsx:710; Over500_2026_P02_-_published.xlsx:714; Over500_2026_P02_-_published.xlsx:720; Over500_2026_P02_-_published.xlsx:724; Over500_2026_P02_-_published.xlsx:692; Over500_2026_P02_-_published.xlsx:702; Over500_2026_P02_-_published.xlsx:703; Over500_2026_P02_-_published.xlsx:2173; Over500_2026_P02_-_published.xlsx:2176; Over500_2026_P02_-_published.xlsx:2179; Over500_2026_P02_-_published.xlsx:2184; Over500_2026_P02_-_published.xlsx:2193; Over500_2026_P02_-_published.xlsx:2170; Over500_2026_P02_-_published.xlsx:2185; Over500_2026_P02_-_published.xlsx:704; Over500_2026_P02_-_published.xlsx:705; Over500_2026_P02_-_published.xlsx:728; Over500_2026_P02_-_published.xlsx:731; Over500_2026_P02_-_published.xlsx:2172; Over500_2026_P02_-_published.xlsx:729; Over500_2026_P02_-_published.xlsx:730; Over500_2026_P02_-_published.xlsx:734; Over500_2026_P02_-_published.xlsx:2180; Over500_2026_P02_-_published.xlsx:2182; Over500_2026_P02_-_published.xlsx:697; Over500_2026_P02_-_published.xlsx:711; Over500_2026_P02_-_published.xlsx:712; Over500_2026_P02_-_published.xlsx:715; Over500_2026_P02_-_published.xlsx:716; Over500_2026_P02_-_published.xlsx:721; Over500_2026_P02_-_published.xlsx:725; Over500_2026_P02_-_published.xlsx:726; Over500_2026_P02_-_published.xlsx:693; Over500_2026_P02_-_published.xlsx:694; Over500_2026_P02_-_published.xlsx:698; Over500_2026_P02_-_published.xlsx:699; Over500_2026_P02_-_published.xlsx:706; Over500_2026_P02_-_published.xlsx:722; Over500_2026_P02_-_published.xlsx:707; Over500_2026_P03_-_published.xlsx:2117; Over500_2026_P03_-_published.xlsx:2133; Over500_2026_P03_-_published.xlsx:2402; Over500_2026_P03_-_published.xlsx:683; Over500_2026_P03_-_published.xlsx:699; Over500_2026_P03_-_published.xlsx:700; Over500_2026_P03_-_published.xlsx:702; Over500_2026_P03_-_published.xlsx:703; Over500_2026_P03_-_published.xlsx:728; Over500_2026_P03_-_published.xlsx:729; Over500_2026_P03_-_published.xlsx:701
